   1.0196564944690084e-01	  -9.9478792027892649e-01	  -9.7920601266574347e-01	  -2.0286839270634510e-01	  -3.0165640349444717e-01	   9.5341670544982338e-01	   4.1005246797486516e-01	   9.1206193512706257e-01	  -6.6371394701544428e-01	   7.4798649488956681e-01	  -9.5436755198090883e-01	  -2.9863451864439111e-01	  -1.1896759307435989e-01	  -9.9289813767480373e-01	   9.4911946181498541e-01	  -3.1491625427092912e-01	  -8.6549692940626211e-01	  -5.0091422937298535e-01	   0.0000000000000000e+00	   0.0000000000000000e+00	   0.0000000000000000e+00	   0.0000000000000000e+00	   0.0000000000000000e+00	   0.0000000000000000e+00	   0.0000000000000000e+00	
  -7.4165210564795703e-01	   6.7078473013922413e-01	   1.0009569162409665e-01	  -9.9497781508850425e-01	   5.9317974472935731e-01	   8.0507005312756141e-01	  -7.8198602183699417e-01	  -6.2329596633666096e-01	   2.2300427669689599e-01	   9.7481746628530119e-01	   4.3321356746331058e-01	  -9.0129129861866064e-01	  -9.0053818514978845e-01	   4.3477692796090878e-01	   9.9805899625868000e-01	  -6.2275516755111289e-02	   1.6186416310667201e-01	  -9.8681304850603624e-01	  -8.8572476999999993e-03	  -1.1381402000000001e-02	   4.7474070000000000e-02	  -8.9778674000000000e-04	  -2.6243067000000000e-04	   4.7778484000000000e-05	   0.0000000000000000e+00	
   9.5856294749744120e-01	   2.8488080961170015e-01	   8.3768584862996442e-01	   5.4615237709369735e-01	   6.4738628478182703e-01	   7.6216205512763702e-01	   9.1795574606598651e-01	   3.9668280560724856e-01	   6.8528550347112371e-01	   7.2827452154550099e-01	   3.4016778514809465e-01	   9.4036475792505092e-01	  -6.0767557464656889e-02	   9.9815194432500087e-01	   7.6691104680079103e-01	   6.4175341549142917e-01	   9.9292568444165830e-01	  -1.1873746323744817e-01	  -2.1739963000000001e-02	  -2.3526609000000000e-02	   5.3940363999999998e-02	  -9.0796384000000003e-04	  -7.0123544999999997e-04	  -4.4676431999999999e-05	   0.0000000000000000e+00	
  -1.3616664909624715e-01	  -9.9068594603633064e-01	  -9.6291728734779902e-01	   2.6979677115702538e-01	   3.9840108984624301e-01	   9.1721130150545238e-01	  -4.2848431929111391e-01	   9.0354921732113225e-01	  -6.3280237624326152e-01	  -7.7431334265972829e-01	   9.7077611015190046e-01	  -2.3998696622597093e-01	  -1.9912230524176341e-01	   9.7997464638387766e-01	   9.5347878510032946e-01	   3.0146012400249500e-01	  -8.3678823720401463e-01	   5.4752666243480574e-01	  -6.1470175999999996e-03	  -4.8964901999999999e-03	   3.8988693999999997e-02	  -1.5917427000000000e-04	  -3.1151160999999999e-04	   4.6472957000000003e-05	   0.0000000000000000e+00	
  -4.2093476242833328e-01	   9.0709091373434159e-01	  -6.4562785155880531e-01	  -7.6365219654732963e-01	   9.6446917505437502e-01	  -2.6419540187129148e-01	  -2.5001411307989885e-01	  -9.6824219246058041e-01	  -8.7498588652174314e-01	   4.8414842598913743e-01	   6.8753175383222409e-01	   7.2615431381517392e-01	   5.3120060322448148e-01	  -8.4724607944442387e-01	   9.8352332636822770e-01	   1.8078126697635649e-01	  -7.7304406378219237e-01	  -6.3435232753660931e-01	  -2.0774062999999999e-02	   1.1739986000000001e-02	   8.0121496000000000e-02	  -4.7993686999999997e-04	  -5.6409907000000003e-04	  -1.0709558000000000e-04	   0.0000000000000000e+00	
   9.9739323151794990e-01	  -7.2157755800615161e-02	   9.8958651655563756e-01	  -1.4393931447411731e-01	   9.7662055571008710e-01	  -2.1497044021102227e-01	   7.7074326632953816e-01	   6.3714583684402637e-01	   1.8809036518465078e-01	   9.8215172683486374e-01	  -4.8080450147447140e-01	   8.7682782309977203e-01	  -9.2924402904940939e-01	   3.6946655393420980e-01	   8.1470913077948759e-01	   5.7986984076129688e-01	   7.2275910337074778e-01	  -6.9110004955484750e-01	  -7.9071785000000006e-03	   8.6056920999999995e-03	   1.3513282000000000e-02	  -7.1061306999999996e-04	  -3.4425037999999999e-04	   1.9076118000000000e-04	   0.0000000000000000e+00	
  -6.1210598254766413e-01	  -7.9077573693769765e-01	  -2.5065253225871742e-01	   9.6807711886620507e-01	   9.1895781162022838e-01	  -3.9435585511332388e-01	  -7.8198602183699406e-01	   6.2329596633666118e-01	   2.2300427669689551e-01	  -9.7481746628530130e-01	   4.3321356746331124e-01	   9.0129129861866031e-01	  -9.0053818514978889e-01	  -4.3477692796090789e-01	   9.7154564934524013e-01	   2.3685238280062926e-01	  -1.4229004875095192e-02	   9.9989876258562527e-01	  -9.8921397999999997e-03	   2.1010418999999999e-02	   2.4049694999999999e-02	  -4.2524736000000001e-05	  -9.5150603999999994e-05	   1.5973098000000000e-04	   0.0000000000000000e+00	
  -4.9999999999999634e-01	   8.6602540378444082e-01	  -5.0000000000000733e-01	  -8.6602540378443438e-01	   1.0000000000000000e+00	  -1.2679427235631224e-14	   4.1634179959763457e-01	  -9.0920817523150499e-01	  -6.5331901181560625e-01	  -7.5708273576953244e-01	  -9.6034982577895012e-01	   2.7879779792232978e-01	  -1.4634853760055952e-01	   9.8923308959121337e-01	   5.7922647728016297e-01	   8.1516666272463134e-01	  -9.9556827687779448e-01	  -9.4041512506867014e-02	  -2.9795028000000001e-02	   1.5670608999999999e-02	   6.7460512000000000e-02	  -9.1465787000000003e-04	  -5.2889071000000005e-04	   7.9913634000000006e-05	   0.0000000000000000e+00	
   7.9609306570564486e-01	   6.0517421519376380e-01	   2.6752833852922420e-01	   9.6354999251922202e-01	  -3.7013815533990946e-01	   9.2897671981679342e-01	   1.9748949881630265e-01	   9.8030500246468477e-01	  -9.2199579571457124e-01	   3.8719988724772986e-01	  -5.6165847402912028e-01	  -8.2736917911611862e-01	   7.0015249463069062e-01	  -7.1399333628712591e-01	  -4.3603528995974478e-01	   8.9992956719385619e-01	   7.5047533107442799e-01	  -6.6089846228352489e-01	  -1.0558257999999999e-02	   4.6852360000000003e-02	  -1.8541621000000001e-02	  -1.2950044000000001e-04	  -1.7716168999999999e-04	   1.4448883999999999e-04	   0.0000000000000000e+00	
   1.0009569162409312e-01	  -9.9497781508850458e-01	  -9.7996170503658886e-01	  -1.9918598510382582e-01	  -2.9627558088561895e-01	   9.5510249720691709e-01	  -9.4276114339042072e-01	  -3.3346877891818677e-01	   7.7759714697362692e-01	   6.2876281459583439e-01	  -5.2341560736554960e-01	  -8.5207752110130963e-01	   2.0931464596304872e-01	   9.7784834150565680e-01	  -4.2616036573223326e-01	   9.0464763454008390e-01	   2.3742770836426408e-01	   9.7140521066179897e-01	  -3.0153594999999998e-02	   2.6650892999999998e-02	   6.2831506999999995e-02	  -4.0686622999999998e-04	  -4.9073818000000004e-04	  -1.5837764000000001e-05	   0.0000000000000000e+00	
  -9.4518382816081747e-01	   3.2653871284008923e-01	   7.8674493803347545e-01	  -6.1727822128980281e-01	  -5.4205335647243358e-01	   8.4034407163790292e-01	   9.9090044587495107e-01	   1.3459682895530364e-01	   9.6376738727035349e-01	   2.6674411565032979e-01	   9.1909462165690869e-01	   3.9403689730955893e-01	   8.5769515353184700e-01	   5.1415855882011874e-01	  -9.8053415203776961e-01	   1.9634861009839633e-01	  -8.9263200147892463e-01	   4.5078610219895765e-01	  -3.0273068000000000e-02	   3.1727256000000002e-02	   5.4211367000000003e-02	  -1.3827102000000001e-04	  -5.9583480999999996e-04	  -1.0816471000000000e-04	   0.0000000000000000e+00	
   5.2896401032697038e-01	   8.4864425749474603e-01	  -4.4039415155761763e-01	   8.9780453957074979e-01	  -9.9486932339189227e-01	   1.0116832198746012e-01	  -9.8513079960042627e-01	   1.7180601758560393e-01	   9.4096538464275026e-01	  -3.3850279896054175e-01	  -8.6881716393844421e-01	   4.9513304842835776e-01	   7.7083171019175811e-01	  -6.3703883285310758e-01	  -6.6690092868032036e-01	  -7.4514639590172227e-01	  -3.7529654822619229e-01	  -9.2690479602249620e-01	  -1.6972224000000001e-02	   3.9845390000000001e-02	   3.2381462000000000e-02	  -2.6971816000000002e-04	  -3.6970006999999998e-04	   5.1681348000000001e-05	   0.0000000000000000e+00	
   2.0345601305263591e-01	  -9.7908408768232247e-01	  -9.1721130150545127e-01	  -3.9840108984624545e-01	  -5.7668032211487175e-01	   8.1696989301043876e-01	   8.9716164344354998e-01	  -4.4170237211686841e-01	   6.0979802893266299e-01	  -7.9255685216256833e-01	   1.9701316016817905e-01	  -9.8040084390036475e-01	  -2.5629272781967821e-01	  -9.6659921253162029e-01	  -2.4993083299238750e-01	  -9.6826369276129076e-01	   6.1499669506993704e-01	  -7.8852968558771142e-01	  -1.7643588000000002e-02	   3.0166038999999999e-02	   6.9466662999999998e-02	  -2.1258695000000000e-05	  -4.7140976000000000e-04	   1.0954670999999999e-05	   0.0000000000000000e+00	
  -9.9464152469519351e-01	   1.0338393178836199e-01	   9.7862352529595864e-01	  -2.0565990308592050e-01	  -9.5211766591072167e-01	   3.0573182735972942e-01	  -2.4988338009099662e-03	   9.9999687790994396e-01	  -9.9998751165927091e-01	  -4.9976519986516098e-03	   7.4964389901538142e-03	  -9.9997190130646518e-01	   9.9995004694900069e-01	   9.9951791725412086e-03	  -1.0089816515271940e-01	  -9.9489675859800375e-01	   1.0586905287611358e-01	   9.9438008007155632e-01	  -1.2553140000000001e-02	   3.4480573000000000e-02	   3.6610536999999999e-02	   3.3830763999999998e-04	  -4.4687481000000001e-04	   7.6076544000000003e-05	   0.0000000000000000e+00	
   8.9895174108539500e-01	   4.3804767685668294e-01	   6.1622846560092615e-01	   7.8756744357745523e-01	   2.0896756303127303e-01	   9.7792257239557112e-01	  -6.1566755280721164e-01	  -7.8800600531999709e-01	  -2.4190692884075846e-01	   9.7029945778549842e-01	   9.1353604658020737e-01	  -4.0675778000992813e-01	  -8.8296207555766448e-01	  -4.6944432377748618e-01	  -2.0827121854628736e-01	  -9.7807111169139671e-01	  -8.9863961850536689e-01	   4.3868762924492027e-01	  -1.1465815000000001e-02	   1.6904978000000001e-02	   6.8548050999999999e-02	  -8.1343976000000000e-04	  -3.6944624000000002e-04	  -9.3892807000000002e-05	   0.0000000000000000e+00	
  -5.0000000000000733e-01	  -8.6602540378443438e-01	  -4.9999999999998535e-01	   8.6602540378444715e-01	   1.0000000000000000e+00	  -2.5358854471262447e-14	   7.1435773254844281e-01	   6.9978070132595649e-01	   2.0613940103505059e-02	   9.9978751016073864e-01	  -6.8490627752598421e-01	   7.2863117625140050e-01	  -9.9915013094681826e-01	   4.1219119701371841e-02	   2.4884899815213909e-01	  -9.6854229443978168e-01	  -9.6320673070059282e-01	  -2.6876159311381481e-01	  -2.6741173999999999e-03	   5.0097397000000002e-02	   2.4095239000000001e-02	   8.4914004999999998e-04	  -1.9108759000000000e-04	  -5.7045707999999997e-05	   0.0000000000000000e+00	
  -3.1543533848525634e-01	   9.4894707293646874e-01	  -8.0100109446938350e-01	  -5.9866288231261655e-01	   8.2076344120727773e-01	  -5.7126821509479020e-01	  -9.0529641379212600e-01	  -4.2478041759845264e-01	   6.3912319364976833e-01	   7.6910437740200177e-01	  -2.5189545657288509e-01	  -9.6775445178926345e-01	  -1.8304308667784144e-01	   9.8310489187036809e-01	   6.8865661463479033e-01	  -7.2508762720084385e-01	  -1.1753165320677458e-01	  -9.9306913681499664e-01	  -1.1686330999999999e-02	   3.4619143999999998e-02	   4.7469451000000003e-02	  -1.5368188000000000e-04	  -3.4058454999999997e-04	   4.7037375999999999e-05	   0.0000000000000000e+00	
   9.3969262078590632e-01	  -3.4202014332567443e-01	   7.6604444311897024e-01	  -6.4278760968654858e-01	   4.9999999999998507e-01	  -8.6602540378444726e-01	   5.5104593424934245e-01	   8.3447491175425359e-01	  -3.9269675669453868e-01	   9.1966801471052062e-01	  -9.8383383658820001e-01	   1.7908372897654010e-01	  -6.9157851456318054e-01	  -7.2230129322505343e-01	   8.0322102704805243e-01	   5.9568110739545177e-01	   2.3240656920831393e-01	  -9.7261872621743262e-01	  -9.5169903999999996e-03	   6.6321332999999996e-02	  -7.7295386000000004e-03	   4.3216921000000002e-04	  -3.0423040999999999e-04	  -2.4631745999999999e-05	   0.0000000000000000e+00	
  -9.3175256845666909e-01	  -3.6309386000647287e-01	   7.3632569765119982e-01	   6.7662727330375472e-01	  -4.4039415155763922e-01	  -8.9780453957073925e-01	  -7.6101420581821122e-01	  -6.4873521450810512e-01	   1.5828524291424556e-01	   9.8739342811038511e-01	   5.2009956895995713e-01	  -8.5410563653898619e-01	  -9.4989156375115658e-01	   3.1257961724076394e-01	   4.7352516774525588e-01	   8.8078028787650975e-01	   9.4462871406100568e-01	  -3.2814111685592046e-01	  -1.7323010000000000e-02	   2.8527380000000001e-02	   5.7477611999999997e-02	  -3.7902800000000000e-04	  -4.3277021000000003e-05	  -9.3388784000000006e-05	   0.0000000000000000e+00	
   5.4138908585413176e-02	   9.9853341385112415e-01	  -9.9413795715436060e-01	   1.0811901842393309e-01	  -1.6178199655275161e-01	  -9.8682652254152825e-01	   9.2514941999115530e-01	   3.7960314894640806e-01	   7.1180289861994228e-01	   7.0237926614917123e-01	   3.9189865762137005e-01	   9.2000839243703003e-01	   1.3326732967503507e-02	   9.9991119515105586e-01	  -3.2895984834934444e-01	   9.4434390884570030e-01	   4.2913300810284277e-01	   9.0324130848661111e-01	  -6.0993914000000002e-03	   3.2045181999999998e-02	  -5.3788052000000000e-04	  -2.1953669000000000e-04	  -2.6587622000000000e-04	   1.0134898999999999e-04	   0.0000000000000000e+00	
   8.2076344120727673e-01	  -5.7126821509479164e-01	   3.4730525284482172e-01	  -9.3775213214707998e-01	  -2.5065253225872008e-01	  -9.6807711886620440e-01	  -9.7395900857821038e-01	   2.2672417076560147e-01	   8.9719230078130074e-01	  -4.4164009715916414e-01	  -7.7369803896770772e-01	   6.3355453158944686e-01	   6.0990804916248820e-01	  -7.9247218977501532e-01	  -6.6986963512336795e-01	   7.4247873500840811e-01	  -9.2891025982759134e-01	   3.7030491380352576e-01	   5.1443760000000000e-03	   4.5670172000000002e-02	  -3.1593951000000002e-02	  -9.6321912000000003e-05	  -1.2875966000000001e-04	   8.1527449000000002e-05	   0.0000000000000000e+00	
  -9.9508290254501108e-01	   9.9045530250466196e-02	   9.8037996587480802e-01	  -1.9711702745148721e-01	  -9.5603578153435465e-01	   2.9325003738447442e-01	  -8.8510342088334082e-01	  -4.6539438580692788e-01	   5.6681613131878472e-01	   8.2384432587522638e-01	  -1.1827837280089430e-01	  -9.9298047640805742e-01	  -3.5743894655361225e-01	   9.3393650720305599e-01	   9.2684651482295055e-01	   3.7544045860901842e-01	   8.3465604738727617e-01	  -5.5077153390480249e-01	  -5.8495416999999996e-03	   5.2104906999999999e-02	   2.6477394000000001e-02	  -1.7468747000000000e-04	  -8.3138044000000003e-05	  -2.2131060999999999e-05	   0.0000000000000000e+00	
   8.4470599585488870e-01	   5.3523058635208876e-01	   4.2705643886639849e-01	   9.0422497091307430e-01	  -1.2323172689712152e-01	   9.9237792271188363e-01	   9.8627668964078152e-01	   1.6510085242427269e-01	   9.4548341705755701e-01	   3.2567024437176578e-01	   8.7873981973078208e-01	   4.7730108864270632e-01	   7.8787778386166873e-01	   6.1583163096517346e-01	   7.4474680726120623e-01	   6.6734713086536890e-01	   9.2148085936175250e-01	   3.8842377093829628e-01	  -9.9282955999999995e-03	   4.0526226999999998e-02	   1.8690496000000001e-02	  -4.2167582000000002e-04	  -3.0466681000000000e-04	  -5.4125388999999998e-05	   0.0000000000000000e+00	
  -2.4052495636626289e-01	  -9.7064295462595684e-01	  -8.8429549073001468e-01	   4.6692770861725752e-01	   6.6591522501170253e-01	   7.4602742114322695e-01	  -4.0018435546188269e-01	   9.1643465759625087e-01	  -6.7970496328711505e-01	  -7.3348562554617369e-01	   9.4419894073647614e-01	  -3.2937571299674862e-01	  -7.6002325765723230e-02	   9.9710764036697708e-01	   9.8578516840678232e-01	   1.6801071914973714e-01	  -7.9327651913492159e-01	   6.0886153121147535e-01	   5.7044480000000000e-03	   7.2366940000000005e-02	  -2.2696322000000001e-02	   7.9543604999999997e-04	   8.5051050999999995e-05	  -1.2046329000000000e-05	   0.0000000000000000e+00	
  -3.3414977007679626e-02	   9.9944156373025439e-01	  -9.9776687862315250e-01	  -6.6792633745131655e-02	   1.0009569162411344e-01	  -9.9497781508850258e-01	  -9.5613321895283709e-01	  -2.9293218944814875e-01	   8.2838146477022778e-01	   5.6016439446392152e-01	  -6.2795285391041145e-01	  -7.7825138179496312e-01	   3.7243170234973622e-01	   9.2805960319630199e-01	   3.2471777501657229e-01	  -9.4581095710944618e-01	  -2.6081943596139717e-01	  -9.6538760185988437e-01	  -3.9631737999999998e-03	   6.5408539000000002e-02	   3.5637732999999999e-04	  -1.8874945000000001e-04	  -8.9479027999999998e-05	   5.6178704000000002e-05	   0.0000000000000000e+00	
   5.9317974472935042e-01	  -8.0507005312756641e-01	  -2.9627558088564532e-01	  -9.5510249720690887e-01	  -9.4466909160792489e-01	  -3.2802485783955143e-01	   9.2976881999472760e-01	  -3.6814391393259743e-01	   7.2894011726877650e-01	  -6.8457746489070348e-01	   4.2572276536489068e-01	  -9.0485364952022507e-01	   6.2707389127635418e-02	  -9.9803195507398224e-01	   2.5513839095347546e-01	  -9.6690454619971222e-01	   8.4790167165008845e-01	  -5.3015352041930808e-01	  -1.1090945000000000e-02	   3.8633264000000000e-02	   4.8421198999999998e-02	  -5.3233846000000004e-04	  -3.1436414000000001e-04	  -1.9277690999999999e-05	   0.0000000000000000e+00	
  -9.3969262078590654e-01	  -3.4202014332567365e-01	   7.6604444311897135e-01	   6.4278760968654736e-01	  -4.9999999999998601e-01	  -8.6602540378444670e-01	  -4.0018435546188269e-01	   9.1643465759625087e-01	  -6.7970496328711505e-01	  -7.3348562554617369e-01	   9.4419894073647614e-01	  -3.2937571299674862e-01	  -7.6002325765723230e-02	   9.9710764036697708e-01	   6.8948939872117976e-01	  -7.2429577456389049e-01	   6.2611172841811016e-02	   9.9803799578742136e-01	   4.7487995000000003e-03	   2.1723731000000000e-02	   1.6849181000000001e-02	  -5.5002556999999999e-04	   4.5306446999999999e-05	   9.7369666000000004e-05	   0.0000000000000000e+00	
   3.8666674294141251e-01	   9.2221951286181292e-01	  -7.0097765980615923e-01	   7.1318323063058664e-01	  -9.2875624012529467e-01	  -3.7069103904508671e-01	   6.9470552592944967e-01	  -7.1929425984299822e-01	  -3.4768464486173420e-02	  -9.9939539416452872e-01	  -7.4301321474270265e-01	  -6.6927674598607889e-01	  -9.9758230775454737e-01	   6.9494886539309408e-02	   9.3196672493124932e-01	   3.6254382303512089e-01	  -3.9472767890216731e-01	   9.1879816037501272e-01	   9.8008774999999992e-03	   5.5531173000000003e-02	  -2.7063295000000001e-03	  -3.7143058999999999e-04	  -1.3414488999999999e-04	   2.9569271999999998e-05	   0.0000000000000000e+00	
   2.0896756303126757e-01	  -9.7792257239557223e-01	  -9.1266511520154647e-01	  -4.0870819357354216e-01	  -5.9040237300590404e-01	   8.0710906199162291e-01	  -8.0113266424550988e-01	   5.9848680376336727e-01	   2.8362709144221754e-01	  -9.5893465522945198e-01	   3.4668680940689267e-01	   9.3798094659927334e-01	  -8.3911134600005588e-01	  -5.4395969429175028e-01	   4.1786301416894522e-01	   9.0851004473789054e-01	  -7.5268449519320701e-01	   6.5838138696028392e-01	   2.5203454000000000e-02	   6.5275053999999999e-02	  -4.3165882000000003e-02	   1.0917939999999999e-04	   2.2773176000000000e-04	   7.5003725999999999e-05	   0.0000000000000000e+00	
  -5.7432866268294214e-01	   8.1862481468669357e-01	  -3.4029317444164664e-01	  -9.4031939011615995e-01	   9.6520891027735012e-01	   2.6147994095381422e-01	  -7.6101420581821122e-01	  -6.4873521450810512e-01	   1.5828524291424556e-01	   9.8739342811038511e-01	   5.2009956895995713e-01	  -8.5410563653898619e-01	  -9.4989156375115658e-01	   3.1257961724076394e-01	   9.6814301586772455e-01	  -2.5039788502810240e-01	  -9.3998473647135442e-02	  -9.9557234139564599e-01	   1.6332953000000001e-02	   7.0700801999999993e-02	   8.2326732999999999e-03	  -3.8074103999999998e-04	   1.3209158000000001e-06	   7.2743332000000006e-05	   0.0000000000000000e+00	
   9.7862352529595364e-01	  -2.0565990308594398e-01	   9.1540800852536031e-01	  -4.0252723873998136e-01	   8.1305609947851987e-01	  -5.8218534772078834e-01	   6.8984682516241380e-01	   7.2395535622946949e-01	  -4.8222715626676071e-02	   9.9883660810844765e-01	  -7.5637939971395862e-01	   6.5413316968974411e-01	  -9.9534913939517744e-01	  -9.6333227420654727e-02	   8.2398892035536586e-01	   5.6660591166312280e-01	   5.2621174355396050e-01	  -8.5035357407721934e-01	   2.3294307000000000e-02	   5.9837713000000001e-02	  -2.8896320000000000e-02	  -3.0985514999999999e-04	  -8.0050975000000001e-05	   3.1037880000000002e-05	   0.0000000000000000e+00	
  -9.3720670500634429e-01	  -3.4877441432988054e-01	   7.5671281581769767e-01	   6.5374743928924972e-01	  -4.8118594449080904e-01	  -8.7661855263534549e-01	  -7.6101420581821111e-01	   6.4873521450810534e-01	   1.5828524291424509e-01	  -9.8739342811038522e-01	   5.2009956895995779e-01	   8.5410563653898575e-01	  -9.4989156375115691e-01	  -3.1257961724076300e-01	   9.3948986079313923e-01	  -3.4257670887975999e-01	   4.8696537180267163e-01	   8.7342127674169112e-01	   2.2153061000000002e-02	   5.0232091000000000e-02	  -1.2180501000000000e-02	  -2.8442830999999999e-04	   2.3788166999999999e-04	   2.2349770000000001e-04	   0.0000000000000000e+00	
   7.1933980033865308e-01	   6.9465837045899526e-01	   3.4899496702506631e-02	   9.9939082701909554e-01	  -6.6913060635885202e-01	   7.4314482547739980e-01	   8.6321222056931080e-01	  -5.0484122480221394e-01	   4.9027067548040093e-01	  -8.7157022939289941e-01	  -1.6796943646406888e-02	  -9.9985892139048271e-01	  -5.1926932952798277e-01	  -8.5461065018612958e-01	   9.7163508895584261e-01	   2.3648520864902287e-01	   2.7025072383258386e-01	   9.6278998035291397e-01	   4.0488088000000004e-03	   3.3573932000000001e-02	   1.8894965000000000e-02	  -1.1057071999999999e-03	  -1.7483686000000000e-04	   5.8597838000000001e-05	   0.0000000000000000e+00	
   2.9555817896568581e-01	  -9.5532474208851492e-01	  -8.2529072569297524e-01	  -5.6470808218508994e-01	  -7.8340102697185610e-01	   6.2151655725285493e-01	  -2.4988338009099662e-03	   9.9999687790994396e-01	  -9.9998751165927091e-01	  -4.9976519986516098e-03	   7.4964389901538142e-03	  -9.9997190130646518e-01	   9.9995004694900069e-01	   9.9951791725412086e-03	   9.5458320871090252e-01	   2.9794445396281088e-01	  -9.5606031024637239e-01	  -2.9317005845005772e-01	   2.4910359999999999e-02	   3.1007762000000001e-02	  -4.1074933000000001e-02	  -5.1012412999999995e-04	   2.4004608999999999e-04	   2.2333006000000000e-04	   0.0000000000000000e+00	
  -8.0100109446937462e-01	   5.9866288231262843e-01	   2.8320550668227196e-01	  -9.5905924790121155e-01	   3.4730525284486735e-01	   9.3775213214706299e-01	  -8.1979075782935129e-01	  -5.7266317620183849e-01	   3.4411377324484416e-01	   9.3892795839893695e-01	   2.5558817593353417e-01	  -9.6678574892422198e-01	  -7.6317142212639189e-01	   6.4619608513947258e-01	   9.9948548191648567e-01	  -3.2074467075392035e-02	   3.1382110659789114e-01	  -9.4948212887535433e-01	   2.3868304999999999e-02	   7.1775967999999996e-02	  -2.5897770000000001e-02	  -2.4882159000000001e-04	   2.4884490000000000e-04	   4.5097293999999999e-04	   0.0000000000000000e+00	
   9.7662055571008521e-01	   2.1497044021103098e-01	   9.0757541967095112e-01	   4.1988910156027742e-01	   7.9609306570563088e-01	   6.0517421519378212e-01	   0.0000000000000000e+00	   0.0000000000000000e+00	   0.0000000000000000e+00	   0.0000000000000000e+00	   0.0000000000000000e+00	   0.0000000000000000e+00	   0.0000000000000000e+00	   0.0000000000000000e+00	   0.0000000000000000e+00	   0.0000000000000000e+00	   0.0000000000000000e+00	   0.0000000000000000e+00	   1.1039343000000000e-02	   4.6310904000000000e-02	  -5.2539405999999997e-03	  -6.9232047999999999e-04	  -1.5288996000000001e-04	   2.0158540000000000e-04	   0.0000000000000000e+00	
  -1.5472933479028836e-01	  -9.8795689832874534e-01	  -9.5211766591070968e-01	   3.0573182735976667e-01	   4.4937040096717984e-01	   8.9334553378555381e-01	  -6.4836537266694050e-01	   7.6132932659031294e-01	  -1.5924468705291880e-01	  -9.8723914511399813e-01	   8.5486285439953225e-01	   5.1885402587614571e-01	  -9.4928225929083587e-01	   3.1442517742013948e-01	   8.5248170291869085e-01	   5.2275706230413466e-01	  -6.5183941729106487e-01	   7.5835702282344886e-01	   3.4103962000000002e-02	   5.5882721000000003e-02	  -4.1857593999999998e-02	   9.0616908000000005e-05	   1.9128988000000001e-04	   2.4611472999999998e-04	   0.0000000000000000e+00	
  -4.8058175518668761e-01	   8.7694992820666939e-01	  -5.3808235316336539e-01	  -8.4289227141680179e-01	   9.9776687862315405e-01	  -6.6792633745108979e-02	  -7.8198602183699417e-01	  -6.2329596633666096e-01	   2.2300427669689599e-01	   9.7481746628530119e-01	   4.3321356746331058e-01	  -9.0129129861866064e-01	  -9.0053818514978845e-01	   4.3477692796090878e-01	   9.2240756783631961e-01	  -3.8621791620571605e-01	  -1.7079113802456339e-01	  -9.8530725521142615e-01	   2.9920578999999999e-02	   7.1823153000000001e-02	  -4.6030163999999998e-02	  -2.9903895000000000e-04	   2.7218913999999997e-04	   2.0920821000000001e-04	   0.0000000000000000e+00	
   9.4226092211881085e-01	  -3.3487961217101320e-01	   7.7571129070438349e-01	  -6.3108794432609738e-01	   5.1958395003535995e-01	  -8.5441940454653331e-01	   7.0933647203674954e-01	  -7.0487003726818864e-01	   6.3164611230846828e-03	  -9.9998005096045817e-01	  -7.0037547953913715e-01	  -7.1377460564265216e-01	  -9.9992020463776110e-01	  -1.2632670231503948e-02	   4.3233343352251308e-01	  -9.0171381394466543e-01	   9.0442664294519037e-01	   4.2662916863582256e-01	   2.1751504000000001e-02	   6.7138313000000005e-02	  -5.1541516000000002e-03	  -5.7703196000000005e-04	   8.3923139000000003e-05	   4.9986172999999999e-05	   0.0000000000000000e+00	
  -6.1566147532566295e-01	  -7.8801075360671824e-01	  -2.4192189559965613e-01	   9.7029572627599936e-01	   9.1354545764259398e-01	  -4.0673664307581581e-01	  -2.7853114750159169e-01	   9.6042719654924735e-01	  -8.4484079974289317e-01	  -5.3501777829319719e-01	   7.4916010231869257e-01	  -6.6238896510573453e-01	   4.2751195382042262e-01	   9.0400969537978126e-01	   9.2830785613213995e-01	  -3.7181248532472688e-01	  -5.8534606174218040e-01	   8.1078356421607345e-01	   3.6096120000000002e-02	   1.0982339000000001e-01	  -1.4140672000000000e-02	   9.2532032000000001e-04	   4.6643322999999999e-04	   3.1969551000000002e-04	   0.0000000000000000e+00	
  -2.4192189559965679e-01	   9.7029572627599925e-01	  -8.8294759285893754e-01	  -4.6947156278587088e-01	   6.6913060635883337e-01	  -7.4314482547741656e-01	   7.8770676877378976e-01	  -6.1605036030178195e-01	   2.4096390714408916e-01	  -9.7053407743049125e-01	  -4.0808896739863376e-01	  -9.1294216393346450e-01	  -8.8387279090770954e-01	  -4.6772736662827025e-01	   4.0718751709317325e-01	   9.1334458224894333e-01	  -7.8831454645004428e-01	   6.1527244035082618e-01	   1.6546805000000001e-02	   1.0726927000000000e-01	   3.3411412000000001e-02	   1.9618827999999999e-04	  -5.7077741000000003e-05	   1.5613579000000000e-04	   0.0000000000000000e+00	
   9.8982144188092958e-01	  -1.4231483827330726e-01	   9.5949297361448482e-01	  -2.8173255684147264e-01	   9.0963199535449046e-01	  -4.1541501300194744e-01	  -8.2783228084956792e-02	   9.9656757781288174e-01	  -9.8629387429566806e-01	  -1.6499816219231342e-01	   2.4608040959418476e-01	  -9.6924941682415178e-01	   9.4555121294631805e-01	   3.2547335328064364e-01	   5.9885739478252029e-02	   9.9820523851918497e-01	  -2.2376696785147163e-01	  -9.7464267508587910e-01	   1.8240097000000000e-02	   1.0456332000000000e-01	  -1.4712245000000001e-02	   5.3098672000000005e-04	  -5.8073750999999999e-05	   1.1199015000000000e-04	   0.0000000000000000e+00	
  -9.4693012949510436e-01	  -3.2143946530316531e-01	   7.9335334029123039e-01	   6.0876142900872687e-01	  -5.5557023301959207e-01	  -8.3146961230255201e-01	  -1.7809343351741211e-01	  -9.8401358168369768e-01	  -9.3656545787595824e-01	   3.5049271477963234e-01	   5.1168574973128533e-01	   8.5917267968781019e-01	   7.5430971377280653e-01	  -6.5651873979954800e-01	  -1.4765876148458909e-01	   9.8903836637252718e-01	   4.8494283761033119e-01	  -8.7454585028484355e-01	   1.3240109000000000e-02	   1.1494715000000000e-01	   5.3577030000000001e-03	   4.8201297000000001e-04	   1.7773410000000001e-04	  -5.4359815999999998e-05	   0.0000000000000000e+00	
   1.3208964164171652e-01	   9.9123777499193544e-01	  -9.6510465314192584e-01	   2.6186448496083442e-01	  -3.8705029720225653e-01	  -9.2205860303759701e-01	   9.9924057446646264e-01	   3.8965039970899971e-02	   9.9696345132013231e-01	   7.7870897849261531e-02	   9.9317208917192989e-01	   1.1665848143133066e-01	   9.8787224653629979e-01	   1.5526887815439447e-01	   9.3365709871911284e-02	   9.9563188188211116e-01	   1.7061294891836470e-01	   9.8533812554948841e-01	   1.6513620000000000e-02	   7.3776423999999993e-02	  -1.0740427000000000e-02	  -1.7258591000000000e-04	  -1.7877539000000001e-04	   8.4301625999999997e-05	   0.0000000000000000e+00	
   9.4099765536238256e-01	  -3.3841307983365343e-01	   7.7095317479500258e-01	  -6.3689182933486133e-01	   5.0993260439018251e-01	  -8.6021435641347299e-01	  -9.7672309436896687e-01	   2.1450407205064942e-01	   9.0797600614737961e-01	  -4.1902216201610826e-01	  -7.9695917430512286e-01	   6.0403317333644591e-01	   6.4884085547869264e-01	  -7.6092413830925243e-01	  -8.4650315807996857e-01	   5.3238369937540331e-01	  -9.9168512539900910e-01	   1.2868804164471354e-01	   3.3763633000000001e-02	   8.0419905000000000e-02	  -6.8461339999999996e-02	  -2.4822415000000001e-04	   3.6726827000000003e-04	   7.9333849999999999e-05	   0.0000000000000000e+00	
  -9.9528342116661361e-01	  -9.7009852854651524e-02	   9.8117817689823772e-01	   1.9310459647209469e-01	  -9.5781732418798438e-01	  -2.8737775398483723e-01	  -1.9534560935843406e-01	  -9.8073446605306069e-01	  -9.2368018580876421e-01	   3.8316434377990721e-01	   5.5621934685668406e-01	   8.3103552161283922e-01	   7.0637017131142610e-01	  -7.0784262451583579e-01	   9.9283340150846486e-02	   9.9505920344896626e-01	   2.8956515263343174e-01	  -9.5715830580963845e-01	   2.1832976000000000e-02	   9.5488358999999995e-02	  -6.9043684999999999e-03	  -2.5918461999999999e-04	   3.7446161999999999e-04	   1.0740931000000000e-04	   0.0000000000000000e+00	
   6.6913060635883859e-01	   7.4314482547741190e-01	  -1.0452846326770611e-01	   9.9452189536826785e-01	  -8.0901699437499408e-01	   5.8778525229240886e-01	   6.8984682516241380e-01	   7.2395535622946949e-01	  -4.8222715626676071e-02	   9.9883660810844765e-01	  -7.5637939971395862e-01	   6.5413316968974411e-01	  -9.9534913939517744e-01	  -9.6333227420654727e-02	  -7.6406052442941033e-02	   9.9707678498202257e-01	   9.9960130127423230e-01	   2.8235412000914874e-02	   1.4904930000000000e-02	   1.1309944000000000e-01	  -4.8790788000000002e-02	   1.3090926999999999e-04	   5.2980357999999997e-05	   6.8052237000000007e-05	   0.0000000000000000e+00	
   2.0345601305261765e-01	  -9.7908408768232624e-01	  -9.1721130150546615e-01	  -3.9840108984621120e-01	  -5.7668032211482667e-01	   8.1696989301047052e-01	  -6.8305806332643593e-01	   7.3036407505075074e-01	  -6.6863364249477364e-02	  -9.9776214125473894e-01	   7.7440118350991227e-01	   6.3269487668104851e-01	  -9.9105858104248346e-01	   1.3342746697010821e-01	   5.7611557384917089e-01	   8.1736824355270898e-01	  -8.5406011434484941e-01	   5.2017431797933156e-01	   1.6934099000000001e-02	   1.1853845000000000e-01	  -4.2577574999999999e-02	   1.0896355000000000e-04	   2.0159889000000001e-04	   9.9025876000000004e-05	   0.0000000000000000e+00	
  -8.1696989301045708e-01	   5.7668032211484577e-01	   3.3487961217103540e-01	  -9.4226092211880297e-01	   2.6979677115694833e-01	   9.6291728734782056e-01	   9.2285356430339860e-01	  -3.8515100785602641e-01	   7.0331740229497419e-01	  -7.1087596078996051e-01	   3.7526437878564978e-01	  -9.2691782052920979e-01	  -1.0689263258099003e-02	  -9.9994286819347789e-01	  -5.3183457041999538e-01	   8.4684826840832528e-01	  -9.7605258496653735e-01	   2.1753471304630984e-01	   2.8100642999999998e-03	   1.1413727999999999e-01	   3.6814821999999999e-03	  -3.5233653999999998e-04	  -3.3777666000000001e-05	   4.5058544000000003e-05	   0.0000000000000000e+00	
   8.0901699437493579e-01	   5.8778525229248924e-01	   3.0901699437490965e-01	   9.5105651629516585e-01	  -3.0901699437500396e-01	   9.5105651629513521e-01	  -7.4237318017466025e-02	   9.9724060317135788e-01	  -9.8897764122714726e-01	  -1.4806493559512346e-01	   2.2107541334535255e-01	  -9.7525671574933614e-01	   9.5615354969442390e-01	   2.9286582150662938e-01	  -6.4622257142433726e-01	   7.6314899474592601e-01	   5.2610406763844397e-01	  -8.5042019614675401e-01	   1.9122687999999999e-02	   1.1849514000000000e-01	  -6.6594150000000005e-02	  -1.8549239000000001e-04	   2.4977457999999998e-04	   4.1118904000000001e-05	   0.0000000000000000e+00	
  -5.0649168838690486e-02	  -9.9871650717105398e-01	  -9.9486932339189960e-01	   1.0116832198738790e-01	   1.5142777750450981e-01	   9.8846832432812159e-01	  -7.3916843963603052e-01	  -6.7352061426955290e-01	   9.2739964307928149e-02	   9.9569036302465241e-01	   6.0206753021724502e-01	  -7.9844516972557789e-01	  -9.8279859804032843e-01	   1.8468057745730856e-01	  -6.3521788829163395e-01	   7.7233298155285157e-01	   7.1009442249034738e-01	   7.0410646293589729e-01	   3.2125421000000001e-02	   1.0960109000000000e-01	  -1.9211788000000000e-02	  -2.5708783000000002e-04	   4.1303375000000003e-04	   9.5134393000000003e-05	   0.0000000000000000e+00	
  -8.1742233855888435e-01	   5.7603881850525018e-01	   3.3635855915015078e-01	  -9.4173399624651677e-01	   2.6752833852925822e-01	   9.6354999251921258e-01	   9.9917709422792667e-01	  -4.0560256042546754e-02	   9.9670973125952611e-01	  -8.1053757547465147e-02	   9.9260197190925525e-01	  -1.2141385984251545e-01	   9.8686057677487349e-01	  -1.6157413780541754e-01	  -7.9338539502924355e-01	   6.0871965218340962e-01	  -8.4011395896728169e-01	   5.4240993348971822e-01	   2.6420316999999999e-02	   9.3414279000000003e-02	   4.3094298000000003e-03	  -3.3579241000000000e-04	   2.4234045999999999e-04	   9.5382574999999995e-05	   0.0000000000000000e+00	
   6.8896691907566865e-01	   7.2479278722913698e-01	  -5.0649168838762096e-02	   9.9871650717105032e-01	  -7.5875812269283915e-01	   6.5137248272216597e-01	  -3.3042413128911169e-01	   9.4383255583913606e-01	  -7.8163978692367175e-01	  -6.2373010469105705e-01	   8.4696942643963313e-01	  -5.3164159983631720e-01	   2.2192151300416593e-01	   9.7506453225719469e-01	  -9.1173432454676107e-01	   4.1078038103500197e-01	   4.5643173310173396e-01	  -8.8975843520460518e-01	   3.5931171999999997e-02	   9.0625651000000002e-02	  -4.5403023000000001e-02	  -4.5396983000000002e-04	   2.5325952999999998e-04	  -3.6797556000000001e-05	   0.0000000000000000e+00	
  -5.0649168838690486e-02	  -9.9871650717105398e-01	  -9.9486932339189960e-01	   1.0116832198738790e-01	   1.5142777750450981e-01	   9.8846832432812159e-01	  -3.6067811310477543e-01	   9.3269035522362875e-01	  -7.3982259745435763e-01	  -6.7280199486616232e-01	   8.9435375006899842e-01	  -4.4736044722071650e-01	   9.4674951408224961e-02	   9.9550823882871520e-01	   9.4976130048813612e-01	   3.1297519405710811e-01	  -9.1322520719400790e-01	   4.0745517660898767e-01	   4.3738968000000003e-02	   1.2888817999999999e-01	  -5.1531428999999997e-02	   5.3932902999999995e-04	   5.7077172000000002e-04	   2.0137953000000001e-04	   0.0000000000000000e+00	
  -4.9999999999999978e-01	   8.6602540378443871e-01	  -5.0000000000000044e-01	  -8.6602540378443849e-01	   1.0000000000000000e+00	  -2.4492935982947064e-16	   6.9973111455393899e-01	  -7.1440630409109784e-01	  -2.0752734650204462e-02	  -9.9978463881204849e-01	  -7.2877378284759853e-01	  -6.8475453516862628e-01	  -9.9913864800907637e-01	   4.1496530633233900e-02	   2.6882845068967265e-01	   9.6318807306765908e-01	  -9.6855956524361098e-01	   2.4878176897656162e-01	   3.1444925999999998e-02	   1.0899593000000000e-01	  -7.3869824000000004e-03	  -3.1125975999999998e-04	   2.1516887000000000e-04	   5.8871462000000003e-05	   0.0000000000000000e+00	
   9.6291728734778781e-01	  -2.6979677115706546e-01	   8.5441940454644416e-01	  -5.1958395003550661e-01	   6.8255314321856098e-01	  -7.3083596427821107e-01	   1.7334435787012040e-01	   9.8486127631996767e-01	  -9.3990346718919127e-01	   3.4144029106966400e-01	  -4.9919828382974046e-01	  -8.6648778030705198e-01	   7.6683705526852630e-01	  -6.4184182682892765e-01	   4.3262867124609439e-01	   9.0157220055624987e-01	  -9.8796113531413016e-02	  -9.9510769665955667e-01	   2.8172089000000001e-02	   1.3199874000000000e-01	  -7.2880680000000003e-02	   3.4533869000000000e-04	   3.1235128000000001e-04	  -7.2644540000000002e-05	   0.0000000000000000e+00	
  -9.7996170503658520e-01	  -1.9918598510384389e-01	   9.2064988667642256e-01	   3.9038927516350946e-01	  -8.2444156034174654e-01	  -5.6594709433061519e-01	   4.4971788997632617e-01	  -8.9317065526988793e-01	  -5.9550763887048208e-01	  -8.0334964495349315e-01	  -9.8533876761156058e-01	   1.7060924078645651e-01	  -2.9074130409380711e-01	   9.5680170050738955e-01	  -6.1861338708243407e-01	   7.8569553729316721e-01	  -2.6279923341087763e-01	  -9.6485053916068009e-01	   2.3931313999999999e-02	   1.0857005000000000e-01	  -1.3049626000000000e-02	  -4.3240588000000003e-04	   2.8990267000000001e-04	  -6.0114327999999998e-05	   0.0000000000000000e+00	
   2.8173255684147391e-01	   9.5949297361448438e-01	  -8.4125353283113136e-01	   5.4064081745567516e-01	  -7.5574957435434875e-01	  -6.5486073394518063e-01	   3.2557180059090107e-01	   9.4551732012692313e-01	  -7.8800600531999709e-01	   6.1566755280721164e-01	  -8.3867686864785029e-01	  -5.4462933266124802e-01	   2.4190692884075857e-01	  -9.7029945778549842e-01	  -8.1549304927662292e-01	   5.7876686721124204e-01	   9.9894140090853700e-01	   4.6000842936729160e-02	   3.5298336000000000e-02	   1.1770297000000000e-01	  -8.9725213999999998e-02	  -2.4940952000000001e-04	   4.9568731000000003e-04	   1.1466853999999999e-05	   0.0000000000000000e+00	
   7.2517630714337700e-01	  -6.8856323134327646e-01	   5.1761352884211000e-02	  -9.9865948268045612e-01	  -6.5010409366874311e-01	  -7.5984516014457981e-01	  -9.7916505979247392e-01	  -2.0306596386790432e-01	   9.1752842863679795e-01	   3.9767019330506576e-01	  -8.1765849758241560e-01	  -5.7570355334257473e-01	   6.8371683471342326e-01	   7.2974741515777730e-01	  -8.4989105840085166e-01	   5.2695843180490065e-01	  -5.7024354588740900e-01	   8.2147568337337562e-01	   2.9565119000000001e-02	   7.1704150999999994e-02	  -1.5689873000000000e-02	  -1.3571391000000001e-03	   3.9388253999999998e-04	   8.6282345000000002e-05	   0.0000000000000000e+00	
  -9.9745211461025463e-01	  -7.1339183199217115e-02	   9.8982144188093713e-01	   1.4231483827325492e-01	  -9.7714686597116918e-01	  -2.1256528955293236e-01	   9.9138889993277735e-01	   1.3095055971654979e-01	   9.6570390181984467e-01	   2.5964586268594353e-01	   9.2338735783915582e-01	   3.8386949264407921e-01	   8.6516805198014435e-01	   5.0148204537439056e-01	  -9.7952104866942391e-01	  -2.0134178705264374e-01	  -9.9820486060874181e-01	   5.9892038344694289e-02	   5.0515903000000001e-02	   1.1446686000000000e-01	  -9.2619159000000006e-02	  -3.6532870000000002e-04	   7.6673897999999998e-04	  -2.0615584999999999e-05	   0.0000000000000000e+00	
   2.6979677115704154e-01	   9.6291728734779447e-01	  -8.5441940454646992e-01	   5.1958395003546420e-01	  -7.3083596427816100e-01	  -6.8255314321861460e-01	  -8.8510342088334082e-01	  -4.6539438580692788e-01	   5.6681613131878472e-01	   8.2384432587522638e-01	  -1.1827837280089430e-01	  -9.9298047640805742e-01	  -3.5743894655361225e-01	   9.3393650720305599e-01	   2.0933825443372234e-01	  -9.7784328766456341e-01	  -6.8693434462247738e-01	  -7.2671948245391604e-01	   3.3291817000000001e-02	   1.0079369000000001e-01	  -6.5418552000000005e-02	  -1.2857079000000000e-03	   4.3745824999999998e-04	   4.6845285000000003e-05	   0.0000000000000000e+00	
   5.1958395003540203e-01	  -8.5441940454650767e-01	  -4.6006503773121754e-01	  -8.8788521840234136e-01	  -9.9766876919054681e-01	  -6.8242413364559787e-02	   9.9816247430921035e-01	  -6.0594346938596527e-02	   9.9265665023816996e-01	  -1.2096600653876047e-01	   9.8350276197323816e-01	  -1.8089310984946913e-01	   9.7073445052412910e-01	  -2.4015542168690907e-01	   4.6685621534852995e-01	  -8.8433323707211586e-01	   5.7040218700885026e-01	  -8.2136553680777269e-01	   3.5572834999999997e-02	   1.4439579000000000e-01	  -9.4663022999999999e-02	  -2.2039564000000001e-04	   4.4725446000000002e-04	  -1.1036995000000000e-04	   0.0000000000000000e+00	
  -9.5211766591071023e-01	  -3.0573182735976490e-01	   8.1305609947851776e-01	   5.8218534772079122e-01	  -5.9613248546919462e-01	  -8.0288608143890527e-01	  -6.1566755280721153e-01	   7.8800600531999720e-01	  -2.4190692884075893e-01	  -9.7029945778549831e-01	   9.1353604658020804e-01	   4.0675778000992668e-01	  -8.8296207555766393e-01	   4.6944432377748702e-01	   8.2710646933271281e-01	  -5.6204527254303482e-01	   3.4526943737880977e-01	   9.3850360447476178e-01	   3.8656134000000002e-02	   1.3232928999999999e-01	  -1.1911650000000000e-01	   4.3952322000000003e-05	   7.0328375000000001e-04	  -1.3168644999999999e-04	   0.0000000000000000e+00	
   2.6979677115704154e-01	   9.6291728734779447e-01	  -8.5441940454646992e-01	   5.1958395003546420e-01	  -7.3083596427816100e-01	  -6.8255314321861460e-01	  -9.2760652130978505e-01	  -3.7355875257254956e-01	   7.2090771675288146e-01	   6.9303106995729080e-01	  -4.0983087733525492e-01	  -9.1216152735281220e-01	   3.9415872147705394e-02	   9.9922289256343388e-01	   1.0944093633858969e-01	  -9.9399330050726842e-01	  -6.0997142504578095e-01	  -7.9242340994421612e-01	   1.9795225000000000e-02	   1.3344413999999999e-01	  -4.8424176999999999e-02	  -6.2376352000000003e-04	   3.0132203999999998e-04	  -1.9282241000000001e-04	   0.0000000000000000e+00	
   7.0710678118654735e-01	  -7.0710678118654768e-01	  -4.2862637970157361e-16	  -1.0000000000000000e+00	  -7.0710678118654735e-01	  -7.0710678118654768e-01	   9.6591983763745293e-01	   2.5884139402042450e-01	   8.6600226548312675e-01	   5.0004007457212085e-01	   7.0705769770080329e-01	   7.0715586126542107e-01	   4.9991984764381570e-01	   8.6607167482361647e-01	   8.6603697223967302e-01	  -4.9997996231243086e-01	   4.9997996231243047e-01	  -8.6603697223967324e-01	   2.1178621000000002e-02	   1.0268911000000000e-01	  -2.7681063999999998e-02	  -8.0069101000000004e-04	   1.3215823000000001e-04	  -2.2708590999999999e-04	   0.0000000000000000e+00	
  -8.0901699437495900e-01	  -5.8778525229245715e-01	   3.0901699437498487e-01	   9.5105651629514143e-01	   3.0901699437489127e-01	  -9.5105651629517185e-01	  -5.2199541351498768e-01	   8.5294829167383701e-01	  -4.5504157653863397e-01	  -8.9047019243837389e-01	   9.9705464533858013e-01	   7.6694420975441824e-02	  -5.8587432724246913e-01	   8.1040192045563675e-01	   9.2365358733333602e-01	  -3.8322845745881051e-01	  -7.9047266294517457e-02	   9.9687086911563605e-01	   3.8054232000000000e-02	   1.1239402000000000e-01	  -3.7996979000000000e-02	  -2.1095224000000000e-04	   7.4487057000000001e-04	   2.9030558000000001e-05	   0.0000000000000000e+00	
  -1.2323172689712174e-01	   9.9237792271188363e-01	  -9.6962788297190639e-01	  -2.4458489030072764e-01	   3.6220956382957847e-01	  -9.3209668590248007e-01	   7.9605685184368657e-01	  -6.0522185075616597e-01	   2.6741302273456241e-01	  -9.6358200235992597e-01	  -3.7030491380352837e-01	  -9.2891025982759035e-01	  -8.5698055054392885e-01	  -5.1534875180738016e-01	   5.0250934247226209e-01	   8.6457177881775371e-01	  -6.9870826359422911e-01	   7.1540671116864507e-01	   3.1763481000000003e-02	   1.3051234000000000e-01	  -5.1791632999999997e-02	  -2.0313929000000000e-04	   4.3366960000000001e-04	  -1.6388679000000001e-04	   0.0000000000000000e+00	
   9.3969262078591387e-01	  -3.4202014332565356e-01	   7.6604444311899877e-01	  -6.4278760968651460e-01	   5.0000000000004352e-01	  -8.6602540378441351e-01	  -8.8510342088334071e-01	   4.6539438580692810e-01	   5.6681613131878439e-01	  -8.2384432587522660e-01	  -1.1827837280089357e-01	   9.9298047640805753e-01	  -3.5743894655361319e-01	  -9.3393650720305565e-01	  -6.7255089869980389e-01	   7.4005086896650973e-01	  -9.9089940777308427e-01	  -1.3460447122941652e-01	   4.3348182999999998e-02	   1.1566395000000000e-01	  -6.6885739000000000e-02	  -3.3871725000000002e-04	   4.7676392000000001e-04	  -1.2382817000000001e-04	   0.0000000000000000e+00	
  -9.7217242575799645e-01	  -2.3426646067205809e-01	   8.9023845080837416e-01	   4.5549478669058996e-01	  -7.5875812269283949e-01	  -6.5137248272216552e-01	   5.3296372469718711e-01	  -8.4613809047749466e-01	  -4.3189933631380195e-01	  -9.0192181661810211e-01	  -9.9333708264928111e-01	  -1.1524513106337850e-01	  -6.2692592658339485e-01	   7.7907886800859372e-01	  -7.1635441277585743e-01	   6.9773659449433822e-01	  -3.1991086138390501e-01	  -9.4744764539715220e-01	   5.6097212000000000e-02	   1.4079918000000000e-01	  -7.6074502000000002e-02	   3.9189497000000003e-04	   7.1206904999999998e-04	  -9.6662129000000003e-05	   0.0000000000000000e+00	
   4.9042350383053052e-01	   8.7148424362726473e-01	  -5.1896957378117126e-01	   8.5479271258556566e-01	  -9.9945325734092860e-01	  -3.3063369317230952e-02	  -9.9311528934866433e-01	   1.1714103491910417e-01	   9.7255595587616239e-01	  -2.3266910557657625e-01	  -9.3860508970677958e-01	   3.4499345729524833e-01	   8.9173017462039206e-01	  -4.5256744875375776e-01	  -5.8913364612423380e-01	  -8.0803560998533108e-01	  -3.8496051369585260e-01	  -9.2293304356005446e-01	   5.2553619000000003e-02	   1.3776790999999999e-01	  -6.1652143999999999e-02	  -6.7099560999999997e-05	   6.6434903000000005e-04	  -1.0183816999999999e-04	   0.0000000000000000e+00	
   1.3616664909619486e-01	  -9.9068594603633786e-01	  -9.6291728734782744e-01	  -2.6979677115692374e-01	  -3.9840108984609862e-01	   9.1721130150551511e-01	   6.5324018219543778e-01	  -7.5715075405448240e-01	  -1.4655452873054253e-01	  -9.8920259305592628e-01	  -8.4471079629444956e-01	  -5.3522301017762397e-01	  -9.5704354021713711e-01	   2.8994423968868388e-01	  -6.6114908440805087e-01	  -7.5025454892749299e-01	   8.3904813773713205e-01	  -5.4405718684698090e-01	   3.9856902000000000e-02	   1.1330672999999999e-01	  -1.1956201000000000e-02	  -4.5639945000000001e-04	   4.0791728000000001e-04	  -1.6040761000000000e-04	   0.0000000000000000e+00	
  -9.9439821600797629e-01	   1.0569857141964682e-01	   9.7765562399969164e-01	  -2.1021294170857693e-01	  -9.4995980074294029e-01	   3.1237217701394798e-01	  -3.7104628852225396e-01	   9.2861437194018281e-01	  -7.2464930354772061e-01	  -6.8911783235365753e-01	   9.0880315764548991e-01	  -4.1722514384153181e-01	   5.0233226264392840e-02	   9.9873751455478543e-01	   2.7081455484908051e-01	  -9.6263153744404950e-01	   4.6712097987674006e-01	   8.8419341218932079e-01	   4.6640124999999998e-02	   1.2978175000000000e-01	  -7.0249761999999993e-02	  -1.4085179000000001e-04	   5.4608013000000003e-04	  -6.2480186000000000e-05	   0.0000000000000000e+00	
   6.8255314321863247e-01	   7.3083596427814423e-01	  -6.8242413364729804e-02	   9.9766876919053515e-01	  -7.7571129070447575e-01	   6.3108794432598403e-01	   3.3301066621063052e-01	   9.4292305952816324e-01	  -7.7820779237990401e-01	   6.2800687247767928e-01	  -8.5131365699210226e-01	  -5.2465708555087021e-01	   2.1121473624160764e-01	  -9.7743968366052547e-01	  -4.6182460650296631e-01	   8.8697126944923099e-01	   9.1641956039775985e-01	  -4.0021892673932419e-01	   5.5042658000000001e-02	   1.4389648999999999e-01	  -9.5822816000000005e-02	  -1.9585893999999999e-04	   7.0846720999999998e-04	  -5.6909230000000003e-05	   0.0000000000000000e+00	
   1.7364817766691948e-01	  -9.8480775301221002e-01	  -9.3969262078591598e-01	  -3.4202014332564795e-01	  -4.9999999999997130e-01	   8.6602540378445525e-01	  -5.5278241849864329e-01	  -8.3332562531029297e-01	  -3.8886319559758148e-01	   9.2129550911183600e-01	   9.8269589395372769e-01	  -1.8522629404726540e-01	  -6.9757083021927413e-01	  -7.1651583152585863e-01	  -9.1665519620792657e-01	   3.9967893522802472e-01	   7.2467587697072255e-01	   6.8908988770458257e-01	   3.7181822000000003e-02	   1.3685032999999999e-01	  -2.3318169999999999e-02	  -4.3098487999999999e-04	   4.7885875000000001e-04	  -1.9737113999999999e-04	   0.0000000000000000e+00	
  -9.8934336807510681e-01	   1.4560116773502765e-01	   9.5760059990839264e-01	  -2.8809909936528166e-01	  -9.0544823749311765e-01	   4.2445669887587684e-01	   1.9748949881630265e-01	   9.8030500246468477e-01	  -9.2199579571457124e-01	   3.8719988724772986e-01	  -5.6165847402912028e-01	  -8.2736917911611862e-01	   7.0015249463069062e-01	  -7.1399333628712591e-01	  -3.3811847901373293e-01	  -9.4110355123622813e-01	  -5.2651372823038424e-02	   9.9861295452234622e-01	   3.5969105000000001e-02	   1.1049702000000000e-01	  -4.1382728000000001e-02	  -5.5669678000000000e-04	   3.1147998999999998e-04	  -1.0910605000000000e-04	   0.0000000000000000e+00	
   5.2896401032700469e-01	   8.4864425749472461e-01	  -4.4039415155754508e-01	   8.9780453957078543e-01	  -9.9486932339188006e-01	   1.0116832198758029e-01	  -9.9980978729496484e-01	  -1.9503569652685515e-02	   9.9923922154160572e-01	   3.8999719651888073e-02	  -9.9828851979763322e-01	  -5.8481033166749435e-02	   9.9695804373414831e-01	   7.7940099010587002e-02	  -5.1231180226533435e-01	  -8.5879952099407053e-01	  -5.4541498703813418e-01	  -8.3816614815571733e-01	   3.9002666999999998e-02	   9.9052995000000005e-02	  -2.9098494999999999e-02	  -1.4717610000000000e-03	   3.5319452999999998e-04	  -1.8640329000000000e-04	   0.0000000000000000e+00	
   3.0901699437491009e-01	  -9.5105651629516574e-01	  -8.0901699437499364e-01	  -5.8778525229240963e-01	  -8.0901699437487817e-01	   5.8778525229256851e-01	   8.1281467547899977e-01	   5.8252236294065851e-01	   3.2133539334806338e-01	   9.4696545078574301e-01	  -2.9044242855075397e-01	   9.5689246819981821e-01	  -7.9348712996369075e-01	   6.0858703123052582e-01	   8.0518523716270929e-01	  -5.9302338390255038e-01	  -3.0283814116203239e-01	  -9.5304200340673595e-01	   3.9434161000000002e-02	   9.1079732999999996e-02	  -1.9450723000000000e-02	  -1.1315037999999999e-03	   2.9509092999999999e-04	  -1.6561268999999999e-04	   0.0000000000000000e+00	
  -9.9486932339189482e-01	   1.0116832198743538e-01	   9.7952994125249315e-01	  -2.0129852008866636e-01	  -9.5413925640004593e-01	   2.9936312297336715e-01	  -9.9995244569303521e-01	   9.7522485877658809e-03	   9.9980978729496484e-01	  -1.9503569652685883e-02	  -9.9957203837383157e-01	   2.9253035760129536e-02	   9.9923922154160572e-01	  -3.8999719651888809e-02	   9.9383539444547175e-01	  -1.1086572395205667e-01	   9.9580863169592893e-01	  -9.1461298043936268e-02	   4.6092503000000000e-02	   1.3021140000000000e-01	  -6.3995721000000005e-02	  -1.0623903000000000e-04	   4.9162483999999997e-04	   2.3598257000000000e-05	   0.0000000000000000e+00	
   8.8035646287311431e-01	   4.7431265877850959e-01	   5.5005500344492231e-01	   8.3512842915638219e-01	   8.8132491563746695e-02	   9.9610876109527624e-01	   6.3226946977503598e-02	  -9.9799917493748658e-01	  -9.9200470635180793e-01	  -1.2620088183472958e-01	  -1.8866980491738314e-01	   9.8204058200892930e-01	   9.6814667484827321e-01	   2.5038373745160025e-01	   5.2902589352273921e-01	  -8.4860568227090460e-01	  -4.1770139072397716e-01	   9.0858436492559969e-01	   3.8736750000000000e-02	   9.6795107000000005e-02	  -1.6306487000000001e-02	  -1.6626487999999999e-03	   2.8464297000000002e-04	  -2.6512017000000001e-04	   0.0000000000000000e+00	
   3.6534102436640448e-01	  -9.3087374864420058e-01	  -7.3305187182981246e-01	  -6.8017273777093434e-01	  -9.0096886790243269e-01	   4.3388373911752987e-01	   6.4754589256563500e-01	   7.6202645427922988e-01	  -1.6136863404275034e-01	   9.8689420098973979e-01	  -8.5653308489225510e-01	   5.1609211821627055e-01	  -9.4792032789435388e-01	  -3.1850753831685163e-01	   9.4592550177514212e-01	  -3.2438394703105400e-01	  -4.7277534234676882e-01	  -8.8118299783240006e-01	   4.6638176000000003e-02	   7.9731189999999993e-02	  -6.1486275999999999e-02	  -1.1095375000000000e-03	   3.2477900999999999e-04	  -2.3833601000000000e-04	   0.0000000000000000e+00	
  -9.8513898901687591e-01	  -1.7175905309126427e-01	   9.4099765536238456e-01	   3.3841307983364793e-01	  -8.6888796872502472e-01	  -4.9500878558354949e-01	  -9.9903030824658945e-01	   4.4027754936228174e-02	   9.9612311359055083e-01	  -8.7970123170690667e-02	  -9.9128405419725152e-01	   1.3174188359918246e-01	   9.8452251485866704e-01	  -1.7525814599146530e-01	   9.9174587336084363e-01	   1.2821904176734991e-01	   9.7662154236568210e-01	   2.1496595774046665e-01	   5.5884972999999998e-02	   1.1005813000000000e-01	  -9.5829649000000003e-02	  -4.2911168999999999e-04	   6.3098459000000004e-04	  -5.7564240000000003e-05	   0.0000000000000000e+00	
   4.7046548060276838e-01	   8.8241839937821231e-01	  -5.5732446312241235e-01	   8.3029479271239248e-01	  -9.9486932339189948e-01	  -1.0116832198738918e-01	  -9.9996617211055172e-01	  -8.2252437392773513e-03	   9.9986469073085893e-01	   1.6449930993282905e-02	  -9.9969556272672355e-01	  -2.4673505314394314e-02	   9.9945879954063244e-01	   3.2895410330285570e-02	  -4.6319145933359268e-01	  -8.8625824227502492e-01	  -4.7770767216341026e-01	  -8.7851885577727684e-01	   3.4816798000000003e-02	   1.4894389000000000e-01	  -7.7157723999999997e-02	  -9.2798869999999995e-04	   1.4746164999999999e-04	   2.3914893999999999e-04	   0.0000000000000000e+00	
   4.2705643886639810e-01	  -9.0422497091307452e-01	  -6.3524559604550079e-01	  -7.7231019202441997e-01	  -9.6962788297190594e-01	   2.4458489030072963e-01	   9.5311554751454719e-01	   3.0260659788914862e-01	   8.1685849382791020e-01	   5.7683810645726064e-01	   6.0400551365884680e-01	   7.9698013743738472e-01	   3.3451559787760404e-01	   9.4239021364644338e-01	   6.8065857372417959e-01	  -7.3260078215612467e-01	   1.3340968937533990e-01	  -9.9106097430015638e-01	   3.1427417999999999e-02	   1.4598053000000000e-01	  -1.1906344000000001e-01	  -6.4440407000000005e-04	  -9.3737400000000001e-05	  -6.7031874999999996e-06	   0.0000000000000000e+00	
  -9.9068594603632787e-01	  -1.3616664909626752e-01	   9.6291728734778792e-01	   2.6979677115706496e-01	  -9.1721130150542796e-01	  -3.9840108984629918e-01	   0.0000000000000000e+00	   0.0000000000000000e+00	   0.0000000000000000e+00	   0.0000000000000000e+00	   0.0000000000000000e+00	   0.0000000000000000e+00	   0.0000000000000000e+00	   0.0000000000000000e+00	   0.0000000000000000e+00	   0.0000000000000000e+00	   0.0000000000000000e+00	   0.0000000000000000e+00	   4.9470866000000002e-02	   1.6446313000000001e-01	  -1.2398624000000000e-01	  -1.0931153999999999e-04	   4.1655573000000000e-04	   1.3565294999999999e-04	   0.0000000000000000e+00	
   6.5934581510008716e-01	   7.5183980747896140e-01	  -1.3052619222000339e-01	   9.9144486137381671e-01	  -8.3146961230250482e-01	   5.5557023301966268e-01	  -9.9995738712383619e-01	  -9.2316811291499028e-03	   9.9982955212705937e-01	   1.8462575481330325e-02	  -9.9961650590450324e-01	  -2.7691896346625004e-02	   9.9931826661319234e-01	   3.6918857149221058e-02	  -6.5237697311567178e-01	  -7.5789463974119387e-01	  -6.6625846384136622e-01	  -7.4572089910350703e-01	   9.4770420999999994e-03	   1.5417504000000001e-01	   1.4717601000000000e-01	   1.3470474000000000e-03	   1.1971184000000000e-03	  -8.2843494999999996e-04	   0.0000000000000000e+00	
   1.2604971122027683e-01	  -9.9202392627460589e-01	  -9.6822294060256964e-01	  -2.5008865886103854e-01	  -3.7013815533987909e-01	   9.2897671981680552e-01	   9.9999849436202881e-01	   1.7353021856435246e-03	   9.9999397745264895e-01	   3.4705991458133245e-03	   9.9998644928546232e-01	   5.2058856550514111e-03	   9.9997590988313811e-01	   6.9411564879312652e-03	   1.2777098272251991e-01	  -9.9180369830633397e-01	   1.2432806014757079e-01	  -9.9224116698509446e-01	  -1.3351317999999999e-02	   1.8425369999999999e-01	  -1.9608181000000000e-01	   5.4211188999999998e-04	  -9.7940115000000002e-05	  -9.9469367999999999e-05	   1.0000000000000000e+00	
  -9.7814760073380291e-01	   2.0791169081777233e-01	   9.1354545764259010e-01	  -4.0673664307582447e-01	  -8.0901699437492425e-01	   5.8778525229250500e-01	  -2.8841597110674361e-01	   9.5750521022632251e-01	  -8.3363245522110807e-01	  -5.5231959009438292e-01	   7.6928179934413299e-01	  -6.3890962834962284e-01	   3.8988614079594558e-01	   9.2086307191419292e-01	   8.3036862926389787e-02	  -9.9654647628464577e-01	   4.8118991737635231e-01	   8.7661637186134000e-01	  -8.7675070000000008e-03	   1.5733090000000000e-01	  -1.6190096000000001e-01	  -4.2657375000000001e-04	  -6.1386253000000004e-05	   1.6845801000000001e-04	   0.0000000000000000e+00	
   5.1063119318098782e-01	   8.5979985144832438e-01	  -4.7851156910112147e-01	   8.7808124808378796e-01	  -9.9931706014301247e-01	   3.6951499389426712e-02	   9.9466724105866167e-01	  -1.0313621849161579e-01	   9.7872584087049941e-01	  -2.0517243580055761e-01	   9.5234582272429558e-01	  -3.0502038282643457e-01	   9.1580854317533211e-01	  -4.0161512950469858e-01	   5.9658462545785840e-01	   8.0255017579420340e-01	   4.1923161478179199e-01	   9.0787931641130093e-01	  -8.2157622000000007e-03	   1.3973246000000000e-01	  -1.2594658000000000e-01	  -1.1408922000000000e-03	  -1.6215393999999999e-04	   2.1704299000000000e-04	   0.0000000000000000e+00	
   8.7204940814382759e-01	  -4.8941784781104991e-01	   5.2094034048799998e-01	  -8.5359308903730391e-01	   3.6522023057781267e-02	  -9.9933284837023495e-01	  -2.8841597110674361e-01	   9.5750521022632251e-01	  -8.3363245522110807e-01	  -5.5231959009438292e-01	   7.6928179934413299e-01	  -6.3890962834962284e-01	   3.8988614079594558e-01	   9.2086307191419292e-01	   2.1710716235397018e-01	   9.7614777572589229e-01	  -7.2013311615969666e-01	  -6.9383592801909932e-01	   1.4728517999999999e-02	   1.3741275000000000e-01	  -1.6207136999999999e-01	  -1.4968154000000000e-03	   1.2054863000000000e-04	   2.4673681999999998e-04	   0.0000000000000000e+00	
  -8.8788521840240064e-01	  -4.6006503773110313e-01	   5.7668032211495734e-01	   8.1696989301037837e-01	  -1.3616664909641105e-01	  -9.9068594603630811e-01	   9.6472390152063436e-01	  -2.6326373437069805e-01	   8.6138441233038909e-01	  -5.0795363390198356e-01	   6.9727236042423035e-01	  -7.1680628860831164e-01	   4.8396621161153941e-01	  -8.7508668485949137e-01	  -9.7768253188615062e-01	  -2.1008775986402922e-01	  -7.3544565211317814e-01	  -6.7758371644234650e-01	   1.3582696999999999e-02	   1.5836502999999999e-01	  -1.0971554000000000e-01	  -1.1354029000000001e-03	   7.2577398999999998e-05	   2.8328638000000000e-04	   0.0000000000000000e+00	
  -1.0452846326770611e-01	   9.9452189536826785e-01	  -9.7814760073378360e-01	  -2.0791169081786287e-01	   3.0901699437509844e-01	  -9.5105651629510446e-01	   5.5104593424934245e-01	   8.3447491175425359e-01	  -3.9269675669453868e-01	   9.1966801471052062e-01	  -9.8383383658820001e-01	   1.7908372897654010e-01	  -6.9157851456318054e-01	  -7.2230129322505343e-01	  -8.8750355557210947e-01	   4.6080086680350718e-01	   7.7230358617810713e-01	   6.3525362712576072e-01	   2.7650360999999998e-02	   1.4653499000000000e-01	  -1.4201367000000001e-01	  -8.9971959000000002e-04	  -1.3047486999999999e-04	   4.2828309999999999e-04	   0.0000000000000000e+00	
   7.0710678118653103e-01	  -7.0710678118656400e-01	  -4.6613904204108085e-14	  -1.0000000000000000e+00	  -7.0710678118659753e-01	  -7.0710678118649750e-01	  -2.2185383117107971e-01	  -9.7507993395142434e-01	  -9.0156175518942816e-01	   4.3265043809033371e-01	   6.2188369002327581e-01	   7.8310961945505064e-01	   6.2562719684048462e-01	  -7.8012217669639261e-01	  -8.4635998194928130e-01	  -5.3261128504267741e-01	   5.3261128504271682e-01	   8.4635998194925655e-01	   3.5739279999999998e-02	   1.7128830000000000e-01	  -1.4350603000000001e-01	  -4.0904738000000000e-04	  -7.0384101999999995e-05	   4.4225078999999998e-04	   0.0000000000000000e+00	
  -9.7996170503658520e-01	   1.9918598510384414e-01	   9.2064988667642234e-01	  -3.9038927516350991e-01	  -8.2444156034174609e-01	   5.6594709433061574e-01	  -1.1600354338201570e-01	  -9.9324879960804224e-01	  -9.7308635584563363e-01	   2.3044076042893308e-01	   3.4176647397158877e-01	   9.3978491010923737e-01	   8.9379411186587010e-01	  -4.4847751960817439e-01	   3.1152027076606370e-01	   9.5023950712535543e-01	  -8.4162210440212978e-02	  -9.9645206725352187e-01	   3.0017458000000000e-02	   1.5318129000000000e-01	  -6.7600379000000002e-02	  -7.0500418000000000e-04	  -6.5112671999999994e-05	   5.0748655999999996e-04	   0.0000000000000000e+00	
   8.0901699437493579e-01	   5.8778525229248924e-01	   3.0901699437490965e-01	   9.5105651629516585e-01	  -3.0901699437500396e-01	   9.5105651629513521e-01	   7.4856208568850935e-01	   6.6306470564317388e-01	   1.2069039226066232e-01	   9.9269019800538350e-01	  -5.6787358218209794e-01	   8.2311578447972433e-01	  -9.7086765843193490e-01	   2.3961633878116856e-01	   2.1585979337403277e-01	   9.7642436962855439e-01	   9.9533910395946901e-01	  -9.6436860842529684e-02	   3.1626944999999997e-02	   1.7066313000000000e-01	  -1.4724309999999999e-01	  -6.1704613999999998e-04	   5.3030049000000000e-05	   4.5515738999999999e-04	   0.0000000000000000e+00	
   1.0452846326760794e-01	  -9.9452189536827817e-01	  -9.7814760073382467e-01	  -2.0791169081766978e-01	  -3.0901699437481678e-01	   9.5105651629519605e-01	  -5.7459629579239024e-01	  -8.1843698405049115e-01	  -3.3967819372332791e-01	   9.4054171874981563e-01	   9.6495195954213886e-01	  -2.6242659121321238e-01	  -7.6923744941771466e-01	  -6.3896302429274332e-01	  -8.7401516841583060e-01	   4.8589863693886537e-01	   7.5389183281895322e-01	   6.5699855738721336e-01	   1.2815653999999999e-02	   1.3830332000000001e-01	  -1.0302777000000000e-01	  -1.3258195000000000e-03	  -1.6479630000000001e-04	   3.1828383999999999e-04	   0.0000000000000000e+00	
  -9.5949297361451291e-01	   2.8173255684137682e-01	   8.4125353283124071e-01	  -5.4064081745550485e-01	  -6.5486073394541000e-01	   7.5574957435415002e-01	   9.9924057446646264e-01	   3.8965039970899971e-02	   9.9696345132013231e-01	   7.7870897849261531e-02	   9.9317208917192989e-01	   1.1665848143133066e-01	   9.8787224653629979e-01	   1.5526887815439447e-01	  -9.6974203048952845e-01	   2.4413191987539554e-01	  -9.4778658981267228e-01	   3.1890528401276985e-01	   1.7312399999999999e-02	   1.4250162000000000e-01	  -1.0700232000000000e-01	  -1.0464572000000001e-03	  -2.3676837999999999e-04	   4.8731012999999999e-04	   0.0000000000000000e+00	
   7.9335334029126114e-01	   6.0876142900868668e-01	   2.5881904510260334e-01	   9.6592582628904622e-01	  -3.8268343236497132e-01	   9.2387953251133581e-01	  -6.8305806332643593e-01	   7.3036407505075074e-01	  -6.6863364249477364e-02	  -9.9776214125473894e-01	   7.7440118350991227e-01	   6.3269487668104851e-01	  -9.9105858104248346e-01	   1.3342746697010821e-01	  -9.8652387417741050e-01	   1.6361737584374356e-01	  -9.7288918128404969e-02	  -9.9525618129675764e-01	   1.9246183000000000e-02	   1.5661770999999999e-01	  -1.4300344000000001e-01	  -1.2513199000000000e-03	  -1.1559977000000000e-05	   4.4847574999999998e-04	   0.0000000000000000e+00	
  -4.2093476242840838e-01	  -9.0709091373430661e-01	  -6.4562785155867874e-01	   7.6365219654743655e-01	   9.6446917505444096e-01	   2.6419540187105089e-01	   9.6218627775965992e-01	  -2.7239230328886049e-01	   8.5160486621797893e-01	  -5.2418427278377810e-01	   6.7661875493692003e-01	  -7.3633352529109541e-01	   4.5046169633228350e-01	  -8.9279575499519581e-01	  -6.5210223552512192e-01	  -7.5813104040339785e-01	  -1.5793306895615219e-01	  -9.8744981934784481e-01	   1.2894849999999999e-02	   1.5785932999999999e-01	  -9.4296779999999997e-02	  -6.0612665000000002e-04	  -7.2513308000000004e-05	   4.1853635000000002e-04	   0.0000000000000000e+00	
  -6.1210598254761861e-01	   7.9077573693773284e-01	  -2.5065253225882878e-01	  -9.6807711886617631e-01	   9.1895781162029655e-01	   3.9435585511316484e-01	  -2.8841597110674361e-01	   9.5750521022632251e-01	  -8.3363245522110807e-01	  -5.5231959009438292e-01	   7.6928179934413299e-01	  -6.3890962834962284e-01	   3.8988614079594558e-01	   9.2086307191419292e-01	  -5.8063074686172012e-01	  -8.1416701959659432e-01	   9.3371302961515779e-01	   3.5802231540350027e-01	   2.5750240000000001e-02	   1.6384290000000001e-01	  -1.5950803000000000e-01	  -8.2779501000000005e-04	   6.3217033000000005e-05	   5.2618412000000002e-04	   0.0000000000000000e+00	
   9.4581724170061210e-01	  -3.2469946920474929e-01	   7.8914050939630820e-01	  -6.1421271268977762e-01	   5.4694815812225139e-01	  -8.3716647826264323e-01	  -9.4276114339042072e-01	  -3.3346877891818677e-01	   7.7759714697362692e-01	   6.2876281459583439e-01	  -5.2341560736554960e-01	  -8.5207752110130963e-01	   2.0931464596304872e-01	   9.7784834150565680e-01	  -9.9995687973513414e-01	  -9.2864778239385125e-03	  -7.8340260871295186e-01	   6.2151456351540280e-01	   1.4105098999999999e-02	   1.6558273000000001e-01	  -1.0642815999999999e-01	  -1.1246587000000000e-03	  -1.9977149999999999e-04	   4.2317511000000002e-04	   0.0000000000000000e+00	
  -8.9654724368683258e-01	  -4.4294812318999977e-01	   6.0759392032491355e-01	   7.9424783788449971e-01	  -1.9292606540952431e-01	  -9.8121329652914913e-01	   9.9898236112104555e-01	   4.5102573862486173e-02	   9.9593151566195792e-01	   9.0113351459565574e-02	   9.9085367294064308e-01	   1.3494072335672869e-01	   9.8375916777744965e-01	   1.7949345340100770e-01	  -8.7565678191141083e-01	  -4.8293395023807545e-01	  -9.1561298279826397e-01	  -4.0206077367888793e-01	   1.7951651999999998e-02	   1.7484686999999999e-01	  -1.2249396000000000e-01	  -2.6528784000000001e-04	   2.0516244999999999e-04	   4.4609408999999998e-04	   0.0000000000000000e+00	
  -1.7364817766691937e-01	   9.8480775301221002e-01	  -9.3969262078591598e-01	  -3.4202014332564779e-01	   4.9999999999997086e-01	  -8.6602540378445547e-01	  -7.1738682973371226e-01	   6.9667505806122676e-01	   2.9287726950772627e-02	  -9.9957102251418684e-01	   6.7536557055906954e-01	   7.3748311580904846e-01	  -9.9828445810011401e-01	  -5.8550326350600208e-02	  -5.6151808284341975e-01	  -8.2746446608893742e-01	   8.1066391417443540e-01	  -5.8551175757228280e-01	   1.0183035000000000e-02	   1.8049567999999999e-01	  -1.4535609999999999e-01	  -5.9933000000000002e-04	  -2.8366212999999998e-07	   6.8234581000000002e-04	   0.0000000000000000e+00	
   9.6039210634379357e-01	  -2.7865211657644279e-01	   8.4470599585493711e-01	  -5.3523058635201237e-01	   6.6210583485691543e-01	  -7.4941034383602356e-01	   6.0267699417154885e-01	  -7.9798523839501367e-01	  -2.7356088139269374e-01	  -9.6185468973834742e-01	  -9.3241469361288598e-01	  -3.6139014808761449e-01	  -8.5032888834330511e-01	   5.2625163339303660e-01	   3.5644595220183134e-01	  -9.3431594397127238e-01	   8.0116650355288788e-01	   5.9844150389561090e-01	   6.7393636000000002e-03	   1.5485868999999999e-01	  -9.8573178999999997e-02	  -1.3860200000000000e-03	  -4.4453490000000003e-05	   5.4513892000000003e-04	   0.0000000000000000e+00	
  -5.4064081745567516e-01	  -8.4125353283113136e-01	  -4.1541501300171868e-01	   9.0963199535459494e-01	   9.8982144188089338e-01	  -1.4231483827355895e-01	  -6.4196742341590424e-02	   9.9793726169169950e-01	  -9.9175755654545494e-01	  -1.2812864252378867e-01	   1.9153195098733772e-01	  -9.8148637879034473e-01	   9.6716610193002239e-01	   2.5414509886575742e-01	   8.7422562619951638e-01	  -4.8551988063936519e-01	  -8.0481086768441856e-01	   5.9353135322159123e-01	   1.8191535000000002e-02	   1.8582153000000001e-01	  -1.2138780000000000e-01	  -3.8630361000000002e-05	   4.6424988999999999e-04	   5.7064506000000003e-04	   0.0000000000000000e+00	
  -1.4826364771180278e-01	   9.8894787060147438e-01	  -9.5603578153438085e-01	  -2.9325003738438898e-01	   4.3175435233838577e-01	  -9.0199123013301030e-01	  -5.5327900469372228e-02	  -9.9846823856828382e-01	  -9.9387764685930247e-01	   1.1048630265067082e-01	   1.6530622751770296e-01	   9.8624228825571325e-01	   9.7558555385316870e-01	  -2.1961973297726686e-01	   9.9563615473913381e-01	   9.3320133820476298e-02	  -9.7922992205148440e-01	  -2.0275295252854825e-01	   2.4161100000000001e-02	   1.6209778999999999e-01	  -7.6430730000000002e-02	  -1.2399449000000001e-03	   5.7079512999999997e-05	   5.4614313000000004e-04	   0.0000000000000000e+00	
   7.3083596427806918e-01	  -6.8255314321871297e-01	   6.8242413364510354e-02	  -9.9766876919055014e-01	  -6.3108794432623949e-01	  -7.7571129070426792e-01	   2.8209581178690918e-01	   9.5938623763960917e-01	  -8.4084390594456937e-01	   5.4127767904826829e-01	  -7.5649290025392690e-01	  -6.5400190509309852e-01	   4.1403694832823978e-01	  -9.1026007570311385e-01	   8.6099785668778084e-01	   5.0860858307646328e-01	  -4.4866632743559981e-01	  -8.9369934912444193e-01	   3.7102441999999999e-02	   1.7804255999999999e-01	  -1.2681570000000000e-01	  -3.8107149999999998e-04	   1.6689398000000000e-04	   5.6475874000000003e-04	   0.0000000000000000e+00	
  -9.3720670500636016e-01	   3.4877441432983791e-01	   7.5671281581775707e-01	  -6.5374743928918089e-01	  -4.8118594449092983e-01	   8.7661855263527921e-01	  -7.3916843963603029e-01	   6.7352061426955312e-01	   9.2739964307927664e-02	  -9.9569036302465252e-01	   6.0206753021724624e-01	   7.9844516972557689e-01	  -9.8279859804032865e-01	  -1.8468057745730762e-01	   4.5784685997504093e-01	  -8.8903107527858394e-01	   9.2766037553691272e-01	   3.7342499602827089e-01	   4.0433859000000003e-02	   1.6653514999999999e-01	  -1.3447892000000000e-01	  -1.0448920000000000e-03	   4.2619533999999998e-04	   5.1580880000000003e-04	   0.0000000000000000e+00	
   1.0000000000000000e+00	  -2.4492935982947064e-16	   1.0000000000000000e+00	  -4.8985871965894128e-16	   1.0000000000000000e+00	  -7.3478807948841188e-16	   9.4438169649105996e-01	  -3.2885135142289984e-01	   7.8371357733466485e-01	  -6.2112239430027172e-01	   5.3586781896171676e-01	  -8.4430188949285956e-01	   2.2841394259739553e-01	  -9.7356410719947650e-01	   9.4438169649105985e-01	  -3.2885135142290006e-01	   9.4438169649105996e-01	   3.2885135142289956e-01	   2.7836293000000002e-02	   1.3410966999999999e-01	  -8.8644287000000002e-02	  -1.5674954000000000e-03	  -3.0674306000000002e-05	   4.6547838000000002e-04	   0.0000000000000000e+00	
  -5.0000000000005729e-01	  -8.6602540378440551e-01	  -4.9999999999988537e-01	   8.6602540378450488e-01	   1.0000000000000000e+00	  -1.9944182473248699e-13	  -5.2199541351498768e-01	   8.5294829167383701e-01	  -4.5504157653863397e-01	  -8.9047019243837389e-01	   9.9705464533858013e-01	   7.6694420975441824e-02	  -5.8587432724246913e-01	   8.1040192045563675e-01	   9.9967259546157738e-01	   2.5587142925957145e-02	  -4.7767718194652986e-01	   8.7853543459989236e-01	   4.1576995999999998e-02	   1.4513255000000000e-01	  -1.3356592000000000e-01	  -8.3899364000000005e-04	   3.6091030999999999e-04	   6.5783116000000001e-04	   0.0000000000000000e+00	
  -4.6568134694299207e-14	   1.0000000000000000e+00	  -1.0000000000000000e+00	  -9.3136269388598414e-14	   1.4014849329274767e-13	  -1.0000000000000000e+00	  -7.8198602183699417e-01	  -6.2329596633666096e-01	   2.2300427669689599e-01	   9.7481746628530119e-01	   4.3321356746331058e-01	  -9.0129129861866064e-01	  -9.0053818514978845e-01	   4.3477692796090878e-01	   6.2329596633669737e-01	  -7.8198602183696519e-01	  -6.2329596633662454e-01	  -7.8198602183702326e-01	   2.6869239000000000e-02	   1.3531832999999999e-01	  -9.9630224000000003e-02	  -1.9997011000000000e-03	   8.7191290000000006e-05	   5.5345636999999995e-04	   0.0000000000000000e+00	
   7.1331917142432144e-01	  -7.0083932515129288e-01	   1.7648480642960818e-02	  -9.9984425343700156e-01	  -6.8814117224605276e-01	  -7.2557682367880827e-01	   8.3178762325281563e-01	   5.5509400087141281e-01	   3.8374130039313598e-01	   9.2344063933345766e-01	  -1.9340509485691296e-01	   9.8111898834106182e-01	  -7.0548522874516995e-01	   7.0872462354737975e-01	   9.8236176318595614e-01	  -1.8699028378549387e-01	   2.0429835325345239e-01	  -9.7890866931390874e-01	   3.6277179000000000e-02	   1.3289328000000000e-01	  -1.4582368000000001e-01	  -1.7760574999999999e-03	   2.2510682000000001e-04	   6.3653053999999996e-04	   0.0000000000000000e+00	
  -9.6446917505439056e-01	  -2.6419540187123502e-01	   8.6040157926019323e-01	   5.0961664259182649e-01	  -6.9519242767475597e-01	  -7.1882368387781936e-01	  -8.1005611179010861e-01	  -5.8635236483832065e-01	   3.1238180849701791e-01	   9.4995663359973037e-01	   3.0396252541999619e-01	  -9.5268398912771601e-01	  -8.0483521144026493e-01	   5.9349834239524557e-01	   6.2636255121936379e-01	   7.7953188159944420e-01	   9.3618574855258241e-01	  -3.5150568161416829e-01	   4.0964460000000001e-02	   1.6974698999999999e-01	  -9.0793945000000001e-02	  -9.6594077000000005e-04	   4.5265129000000002e-04	   7.9517673999999995e-04	   0.0000000000000000e+00	
   5.2094034048800042e-01	   8.5359308903730369e-01	  -4.5724232330449238e-01	   8.8934214888259400e-01	  -9.9733228366353366e-01	   7.2995314661153360e-02	   9.9905158273752781e-01	  -4.3542336060904095e-02	   9.9620812994071861e-01	  -8.7002079515471134e-02	   9.9147503516900748e-01	  -1.3029679442187125e-01	   9.8486127631996723e-01	  -1.7334435787012240e-01	   5.5761370881849093e-01	   8.3010056724332337e-01	   4.8327883453423592e-01	   8.7546648598974397e-01	   2.1007628000000000e-02	   1.7241600000000001e-01	  -9.1929232999999999e-02	  -1.2236953000000000e-03	   3.9301777999999997e-05	   5.5810466999999995e-04	   0.0000000000000000e+00	
   7.5574957435428225e-01	  -6.5486073394525746e-01	   1.4231483827335761e-01	  -9.8982144188092236e-01	  -5.4064081745550674e-01	  -8.4125353283123960e-01	  -3.6067811310477543e-01	   9.3269035522362875e-01	  -7.3982259745435763e-01	  -6.7280199486616232e-01	   8.9435375006899842e-01	  -4.4736044722071650e-01	   9.4674951408224961e-02	   9.9550823882871520e-01	   3.3819996010756848e-01	   9.4107427283038569e-01	  -8.8336462102324820e-01	  -4.6868640509881776e-01	   2.3176555000000001e-02	   1.6312489999999999e-01	  -1.3876193000000001e-01	  -1.0663064000000001e-03	  -3.1580033999999999e-05	   6.0635012000000003e-04	   0.0000000000000000e+00	
  -9.5211766591071023e-01	  -3.0573182735976490e-01	   8.1305609947851776e-01	   5.8218534772079122e-01	  -5.9613248546919462e-01	  -8.0288608143890527e-01	  -3.6067811310477588e-01	  -9.3269035522362864e-01	  -7.3982259745435697e-01	   6.7280199486616299e-01	   8.9435375006899920e-01	   4.4736044722071500e-01	   9.4674951408223101e-02	  -9.9550823882871542e-01	   5.8254876531050589e-02	   9.9830174264114757e-01	   6.2856112985774659e-01	  -7.7776018542475744e-01	   2.8445096000000000e-02	   1.8465379000000001e-01	  -1.0258478000000000e-01	  -8.2409726999999999e-04	   2.6425841000000000e-04	   6.3801977000000005e-04	   0.0000000000000000e+00	
  -3.6522023057624996e-02	   9.9933284837024061e-01	  -9.9733228366355664e-01	  -7.2995314660839986e-02	   1.0937120837777364e-01	  -9.9400097523995701e-01	   3.7542522146743490e-01	   9.2685268683115307e-01	  -7.1811180617225490e-01	   6.9592775044254540e-01	  -9.1461978920863185e-01	  -4.0431502716070028e-01	   3.1369132327956413e-02	  -9.9950786767138111e-01	  -9.3994562414543448e-01	   3.4132422071961088e-01	   9.1252304695573916e-01	   4.0902529111854918e-01	   2.9937618999999999e-02	   1.8661367000000001e-01	  -1.2437560000000000e-01	  -4.8145042000000002e-04	  -6.8292404999999997e-05	   6.6604768000000001e-04	   0.0000000000000000e+00	
   9.6126169593833211e-01	  -2.7563735581695281e-01	   8.4804809615647703e-01	  -5.2991926423312319e-01	   6.6913060635896504e-01	  -7.4314482547729799e-01	  -9.9520766143869366e-01	   9.7783999783843001e-02	   9.8087657877254675e-01	  -1.9463077150200023e-01	  -9.5714411080173201e-01	   2.8961207011718576e-01	   9.2423772556907235e-01	  -3.8181753054948658e-01	  -9.2970208130375642e-01	   3.6831242175558432e-01	  -9.8360792758700410e-01	   1.8032039481988429e-01	   4.2386281999999997e-02	   1.9975299999999999e-01	  -1.4237797999999999e-01	  -5.5541149999999997e-04	   1.7495149999999999e-04	   5.9229960999999996e-04	   0.0000000000000000e+00	
  -9.0900653504916673e-01	  -4.1678186049528126e-01	   6.5258576152418379e-01	   7.5771486976032154e-01	  -2.7740290876187390e-01	  -9.6075367613683971e-01	  -8.0113266424551000e-01	  -5.9848680376336705e-01	   2.8362709144221804e-01	   9.5893465522945187e-01	   3.4668680940689195e-01	  -9.3798094659927356e-01	  -8.3911134600005544e-01	   5.4395969429175106e-01	   4.7879638368614763e-01	   8.7792597806937422e-01	   9.7767327079488886e-01	  -2.1013085345380367e-01	   4.0527661999999999e-02	   1.7860259000000001e-01	  -8.8936747999999996e-02	  -1.0526457000000001e-03	   2.8053821000000002e-04	   4.8384595000000000e-04	   0.0000000000000000e+00	
   3.4946417959917619e-01	   9.3694972499973272e-01	  -7.5574957435414947e-01	   6.5486073394541067e-01	  -8.7767898956737522e-01	  -4.7924898671983779e-01	   4.8284209285305241e-01	   8.7570743594495326e-01	  -5.3372702673856864e-01	   8.4565682219728300e-01	  -9.9825384205842749e-01	  -5.9070016214557715e-02	  -4.3027092185761440e-01	  -9.0269980270508465e-01	  -6.5175782543400396e-01	   7.5842714678836387e-01	   9.8922985714368616e-01	   1.4637038544556161e-01	   4.2076730000000000e-02	   1.6295854000000001e-01	  -9.9747100000000005e-02	  -1.2646919000000000e-03	   2.2352386999999999e-04	   5.5624104000000002e-04	   0.0000000000000000e+00	
   5.8504899859523174e-01	  -8.1099794650955592e-01	  -3.1543533848543315e-01	  -9.4894707293641001e-01	  -9.5413925640013242e-01	  -2.9936312297309164e-01	  -9.7395900857821038e-01	   2.2672417076560147e-01	   8.9719230078130074e-01	  -4.4164009715916414e-01	  -7.7369803896770772e-01	   6.3355453158944686e-01	   6.0990804916248820e-01	  -7.9247218977501532e-01	  -3.8594090572650236e-01	   9.2252350500516089e-01	  -7.5368657955647134e-01	   6.5723400687766209e-01	   4.2831727999999999e-02	   1.5883558000000000e-01	  -8.6852042000000004e-02	  -1.3157231000000000e-03	   2.2903554000000000e-04	   5.1290063000000003e-04	   0.0000000000000000e+00	
  -9.7094181742603403e-01	   2.3931566428763099e-01	   8.8545602565313986e-01	  -4.6472317204390207e-01	  -7.4851074817095109e-01	   6.6312265824096450e-01	   8.6321222056931080e-01	  -5.0484122480221394e-01	   4.9027067548040093e-01	  -8.7157022939289941e-01	  -1.6796943646406888e-02	  -9.9985892139048271e-01	  -5.1926932952798277e-01	  -8.5461065018612958e-01	  -7.1731242919060612e-01	   6.9675166230779229e-01	  -9.5894525533725217e-01	  -2.8359125033430094e-01	   4.2270131000000002e-02	   1.4551416000000000e-01	  -7.7918827999999996e-02	  -1.6318677000000000e-03	   3.0224026000000000e-04	   5.7929805000000003e-04	   0.0000000000000000e+00	
   4.3837114678910516e-01	   8.9879404629915349e-01	  -6.1566147532560955e-01	   7.8801075360675998e-01	  -9.7814760073382490e-01	  -2.0791169081766872e-01	  -9.5613321895283698e-01	   2.9293218944814897e-01	   8.2838146477022745e-01	  -5.6016439446392197e-01	  -6.2795285391041089e-01	   7.7825138179496356e-01	   3.7243170234973533e-01	  -9.2805960319630232e-01	  -6.8242692352088574e-01	  -7.3095382484382632e-01	  -1.5585550783014174e-01	  -9.8777986448348332e-01	   4.1819681999999997e-02	   1.6610978000000001e-01	  -1.2913187000000001e-01	  -1.1996807000000001e-03	   2.0999243999999999e-04	   6.2989687999999997e-04	   0.0000000000000000e+00	
   4.0982032479649727e-01	  -9.1216626849697391e-01	  -6.6409460276738697e-01	  -7.4764855284767751e-01	  -9.5413925639995978e-01	   2.9936312297364198e-01	  -9.6038852041848466e-01	  -2.7866447539719502e-01	   8.4469222030321212e-01	   5.3525232643981069e-01	  -6.6207690291352816e-01	  -7.4943590428296836e-01	   4.2700989408154061e-01	   9.0424695208580685e-01	  -6.4777507005445734e-01	   7.6183164716093466e-01	  -1.3939840068300466e-01	   9.9023637879398296e-01	   3.4716773999999999e-02	   1.5759835999999999e-01	  -8.9351609999999998e-02	  -1.5932103000000000e-03	   1.5345910000000000e-04	   4.5359289000000003e-04	   0.0000000000000000e+00	
  -9.1721130150544949e-01	   3.9840108984624956e-01	   6.8255314321864113e-01	  -7.3083596427813613e-01	  -3.3487961217096079e-01	   9.4226092211882950e-01	   6.6415514577452850e-01	   7.4759477147798115e-01	  -1.1779588468242948e-01	   9.9303782886246772e-01	  -8.2062463170032551e-01	   5.7146759649756607e-01	  -9.7224825910376755e-01	  -2.3395153914794678e-01	  -9.0701317737758236e-01	  -4.2110223944242120e-01	  -3.1132803393721131e-01	   9.5030250724955501e-01	   3.6270628999999999e-02	   2.1176099000000001e-01	  -1.4838817000000001e-01	  -5.5375826000000005e-04	   3.3509822999999998e-04	   6.0719891000000003e-04	   0.0000000000000000e+00	
   9.6370564388995572e-01	   2.6696709897409793e-01	   8.5745713613070840e-01	   5.1455540002853317e-01	   6.8896691907580776e-01	   7.2479278722900475e-01	  -9.9576407449077664e-01	  -9.1945135562068125e-02	   9.8309218409294585e-01	   1.8311132563378352e-01	  -9.6209168317408000e-01	  -2.7272622383493966e-01	   9.3294048484927694e-01	   3.6003062609894171e-01	  -9.3507713246383428e-01	  -3.5444429229882224e-01	  -9.8416978467540528e-01	  -1.7722820016003796e-01	   2.8516559000000000e-02	   1.8294345000000001e-01	  -1.2195557999999999e-01	  -1.6238686999999999e-03	   2.9554287999999999e-04	   4.6881918000000002e-04	   0.0000000000000000e+00	
  -4.3837114678907374e-01	  -8.9879404629916881e-01	  -6.1566147532566473e-01	   7.8801075360671691e-01	   9.7814760073380325e-01	   2.0791169081777044e-01	   9.4984816096884261e-01	   3.1271148220701417e-01	   8.0442305779178458e-01	   5.9405685257634666e-01	   5.7831136320007648e-01	   8.1581613565414923e-01	   2.9419291181416940e-01	   9.5574605970325632e-01	  -1.3532280918235146e-01	  -9.9080156303621003e-01	  -6.9744924601645697e-01	  -7.1663418089781039e-01	   3.1882450999999999e-02	   1.9351478999999999e-01	  -1.2147986000000000e-01	  -5.5204384000000000e-04	   1.7110271000000000e-04	   5.0380114999999995e-04	   0.0000000000000000e+00	
  -5.3808235316333852e-01	   8.4289227141681888e-01	  -4.2093476242840838e-01	  -9.0709091373430661e-01	   9.9107748815479635e-01	   1.3328695537365806e-01	   0.0000000000000000e+00	   0.0000000000000000e+00	   0.0000000000000000e+00	   0.0000000000000000e+00	   0.0000000000000000e+00	   0.0000000000000000e+00	   0.0000000000000000e+00	   0.0000000000000000e+00	   0.0000000000000000e+00	   0.0000000000000000e+00	   0.0000000000000000e+00	   0.0000000000000000e+00	   3.7280082999999999e-02	   1.9970060000000001e-01	  -1.3322398999999999e-01	  -9.8368233000000003e-04	   2.3443610000000001e-04	   4.9585308999999995e-04	   0.0000000000000000e+00	
   8.6602540378439974e-01	  -5.0000000000006739e-01	   4.9999999999986527e-01	  -8.6602540378451642e-01	  -2.3337630170096384e-13	  -1.0000000000000000e+00	   9.2514941999115519e-01	  -3.7960314894640834e-01	   7.1180289861994184e-01	  -7.0237926614917157e-01	   3.9189865762136772e-01	  -9.2000839243703092e-01	   1.3326732967502527e-02	  -9.9991119515105586e-01	   6.1140132553551374e-01	  -7.9132068033978287e-01	   9.9100447448197315e-01	  -1.3382873965149705e-01	   1.9805191000000000e-02	   1.8053068000000000e-01	  -1.1677348000000000e-01	  -1.5868601999999999e-03	  -7.2189066000000003e-05	   3.1760122999999999e-04	   0.0000000000000000e+00	
  -5.9927766651136916e-01	  -8.0054124092434376e-01	  -2.8173255684137638e-01	   9.5949297361451302e-01	   9.3694972499973228e-01	  -3.4946417959917725e-01	  -2.8841597110674361e-01	   9.5750521022632251e-01	  -8.3363245522110807e-01	  -5.5231959009438292e-01	   7.6928179934413299e-01	  -6.3890962834962284e-01	   3.8988614079594558e-01	   9.2086307191419292e-01	   9.3936365933556443e-01	  -3.4292260864471674e-01	  -5.9368115903664509e-01	   8.0470036746910067e-01	   3.2261947999999999e-02	   1.7968343000000001e-01	  -1.4879338000000000e-01	  -9.1263955999999996e-04	   4.0940969999999998e-04	   5.4016385000000004e-04	   0.0000000000000000e+00	
  -3.9487898637056851e-01	   9.1873314195306599e-01	  -6.8814117224590476e-01	  -7.2557682367894860e-01	   9.3834396352320393e-01	  -3.4570306061642569e-01	   6.6415514577452839e-01	  -7.4759477147798126e-01	  -1.1779588468242996e-01	  -9.9303782886246772e-01	  -8.2062463170032540e-01	  -5.7146759649756618e-01	  -9.7224825910376733e-01	   2.3395153914794775e-01	   4.2457918255140670e-01	   9.0539080939889116e-01	  -9.4910100406389297e-01	   3.1497187824456696e-01	   2.3639654000000000e-02	   1.9155783000000001e-01	  -1.0449413000000000e-01	  -1.4174519000000000e-03	   6.8460452000000002e-05	   4.8522063000000000e-04	   0.0000000000000000e+00	
   9.3834396352326921e-01	   3.4570306061624845e-01	   7.6097878776111694e-01	   6.4877676020155106e-01	   4.8977574020652903e-01	   8.7184845260236976e-01	  -1.3466560913390066e-01	   9.9089110083631060e-01	  -9.6373034743319097e-01	  -2.6687790735896633e-01	   3.9422827768973306e-01	  -9.1901254891855899e-01	   8.5755236512739796e-01	   5.1439667676259915e-01	  -4.6891674772149589e-01	   8.8324236974133830e-01	   2.1619142487153645e-01	  -9.7635099621602006e-01	   3.2276623999999997e-02	   1.7412094000000000e-01	  -1.5344637999999999e-01	  -1.2539675999999999e-03	   3.1268816000000000e-04	   4.9197157999999997e-04	   0.0000000000000000e+00	
  -1.5472933479028836e-01	  -9.8795689832874534e-01	  -9.5211766591070968e-01	   3.0573182735976667e-01	   4.4937040096717984e-01	   8.9334553378555381e-01	   1.7334435787012037e-01	  -9.8486127631996767e-01	  -9.3990346718919127e-01	  -3.4144029106966395e-01	  -4.9919828382974135e-01	   8.6648778030705143e-01	   7.6683705526852630e-01	   6.4184182682892754e-01	  -9.9982194902005805e-01	  -1.8869823998449178e-02	   9.4617903465427122e-01	  -3.2364368428985513e-01	   3.7756440000000002e-02	   1.9304151999999999e-01	  -1.0349410000000001e-01	  -1.1011403999999999e-03	   3.4683799000000001e-04	   3.6347936000000002e-04	   0.0000000000000000e+00	
  -8.9182475721539090e-01	   4.5238103675741004e-01	   5.9070279516458168e-01	  -8.0688921655004797e-01	  -1.6178199655282124e-01	   9.8682652254151693e-01	   6.9470552592945023e-01	   7.1929425984299777e-01	  -3.4768464486172046e-02	   9.9939539416452872e-01	  -7.4301321474270132e-01	   6.6927674598608045e-01	  -9.9758230775454759e-01	  -6.9494886539306661e-02	  -9.4495066999965149e-01	  -3.2721282258983930e-01	  -2.9416050399679311e-01	   9.5575603471197224e-01	   5.1900591000000003e-02	   1.8558616000000000e-01	  -1.3700551999999999e-01	  -8.4546294999999995e-04	   3.2076146999999999e-04	   5.2272734000000001e-04	   0.0000000000000000e+00	
   4.6840844069975895e-01	   8.8351204444603948e-01	  -5.6118706536244078e-01	   8.2768899815685093e-01	  -9.9413795715434816e-01	  -1.0811901842404720e-01	  -9.6403537056996735e-01	  -2.6577397218318005e-01	   8.5872839141994850e-01	   5.1243101952292835e-01	  -6.9165371551299704e-01	  -7.2222928341148440e-01	   4.7482890046138454e-01	   8.8007813021721693e-01	  -2.1674779918398629e-01	  -9.7622763305947158e-01	  -6.8637681023219876e-01	  -7.2724608928166279e-01	   5.7550817999999997e-02	   1.9019077000000001e-01	  -1.1138803000000000e-01	  -1.2744620000000001e-03	   4.4724853999999998e-04	   4.6453971999999997e-04	   0.0000000000000000e+00	
   8.3399781788983218e-01	  -5.5176774077051505e-01	   3.9110472049000328e-01	  -9.2034618356922437e-01	  -1.8163685097968296e-01	  -9.8336567682942055e-01	   9.5311554751454719e-01	   3.0260659788914862e-01	   8.1685849382791020e-01	   5.7683810645726064e-01	   6.0400551365884680e-01	   7.9698013743738472e-01	   3.3451559787760404e-01	   9.4239021364644338e-01	   9.6186484568355224e-01	  -2.7352517002673837e-01	   6.2792772796445773e-01	  -7.7827165466397008e-01	   5.6801099000000001e-02	   1.9096716000000000e-01	  -1.1312949999999999e-01	  -1.1916366000000000e-03	   4.2792277000000003e-04	   4.3340790000000000e-04	   0.0000000000000000e+00	
  -3.9110472049019679e-01	  -9.2034618356914211e-01	  -6.9407419522057012e-01	   7.1990347375805730e-01	   9.3401610873259544e-01	   3.5723088980100870e-01	  -6.1566755280721153e-01	   7.8800600531999720e-01	  -2.4190692884075893e-01	  -9.7029945778549831e-01	   9.1353604658020804e-01	   4.0675778000992668e-01	  -8.8296207555766393e-01	   4.6944432377748702e-01	   9.6602880578137240e-01	   2.5843441411819634e-01	  -4.8444783347027665e-01	   8.7482015102874444e-01	   6.1581713000000003e-02	   1.9207711000000000e-01	  -8.8080032000000003e-02	  -3.0011006000000000e-04	   4.8686017000000001e-04	   4.3245441999999998e-04	   0.0000000000000000e+00	
  -8.1742233855886060e-01	   5.7603881850528393e-01	   3.3635855915007296e-01	  -9.4173399624654464e-01	   2.6752833852937802e-01	   9.6354999251917928e-01	   9.2976881999472771e-01	   3.6814391393259721e-01	   7.2894011726877683e-01	   6.8457746489070304e-01	   4.2572276536489057e-01	   9.0485364952022507e-01	   6.2707389127636404e-02	   9.9803195507398224e-01	  -9.7207898838084694e-01	   2.3465387349981950e-01	  -5.4794861793755834e-01	   8.3651199160581058e-01	   6.0698574999999998e-02	   1.9989418000000000e-01	  -1.0345020000000001e-01	  -6.3657340000000001e-04	   3.8057111000000001e-04	   4.9297654999999998e-04	   0.0000000000000000e+00	
   5.4064081745567516e-01	   8.4125353283113136e-01	  -4.1541501300171868e-01	   9.0963199535459494e-01	  -9.8982144188089338e-01	   1.4231483827355904e-01	  -9.6775445178926334e-01	   2.5189545657288520e-01	   8.7309735791587539e-01	  -4.8754589896779743e-01	  -7.2213325814780094e-01	   6.9175397178248388e-01	   5.2459799279936448e-01	  -8.5135007250300854e-01	  -7.3511550065776654e-01	  -6.7794188592583748e-01	  -3.1129961516566551e-01	  -9.5031181703570777e-01	   6.3970347999999996e-02	   2.0625210999999999e-01	  -1.0389479000000000e-01	  -6.4794335999999997e-04	   5.2481535999999995e-04	   5.1316149000000004e-04	   0.0000000000000000e+00	
   7.0069460207327472e-01	  -7.1346133365822650e-01	  -1.8054149250750398e-02	  -9.9983701056463781e-01	  -7.2599549192332680e-01	  -6.8769945885321637e-01	   9.2976881999472760e-01	  -3.6814391393259743e-01	   7.2894011726877650e-01	  -6.8457746489070348e-01	   4.2572276536489068e-01	  -9.0485364952022507e-01	   6.2707389127635418e-02	  -9.9803195507398224e-01	   3.8882754553383275e-01	  -9.2131055558597352e-01	   9.1414044115885418e-01	  -4.0539764902857467e-01	   6.2087549999999998e-02	   1.7510492999999999e-01	  -8.7260181000000006e-02	  -1.4117255999999999e-03	   5.1728785999999999e-04	   4.6781937000000000e-04	   0.0000000000000000e+00	
  -4.1235631747398510e-01	  -9.1102264924605136e-01	  -6.5992453487858804e-01	   7.5133188955699148e-01	   9.5660441950051878e-01	   2.9138974688906849e-01	  -5.4256107215785832e-01	   8.4001635875672997e-01	  -4.1125496595783062e-01	  -9.1152035247438312e-01	   9.8882294267850646e-01	   1.4909456070769034e-01	  -6.6173870595004713e-01	   7.4973454305344434e-01	   9.8900241428432922e-01	   1.4789937302019898e-01	  -5.4154544284482620e-01	   8.4067147764986128e-01	   6.9657290999999996e-02	   1.8247985000000000e-01	  -1.1131573000000000e-01	  -6.0634439000000005e-04	   6.2113185999999995e-04	   5.0271465000000003e-04	   0.0000000000000000e+00	
  -7.5875812269276255e-01	   6.5137248272225523e-01	   1.5142777750449063e-01	  -9.8846832432812459e-01	   5.2896401032707363e-01	   8.4864425749468164e-01	  -6.2595204218916967e-01	   7.7986155237914379e-01	  -2.1636808175841593e-01	  -9.7631186267308223e-01	   8.9682412747163698e-01	   4.4238725612831226e-01	  -9.0636970639236691e-01	   4.2248544984912162e-01	  -3.3034159125680120e-02	  -9.9945422322928790e-01	   9.8292655197999024e-01	   1.8399835165763734e-01	   6.4781341000000006e-02	   2.0020305999999999e-01	  -1.2715789000000000e-01	  -9.8944804000000003e-04	   5.5132027999999997e-04	   5.7578035999999999e-04	   0.0000000000000000e+00	
   9.3550783592564102e-01	   3.5330594238099639e-01	   7.5034982215655210e-01	   6.6104095515303030e-01	   4.6840844070009030e-01	   8.8351204444586373e-01	   6.3081166238062236e-01	  -7.7593598099623895e-01	  -2.0415329320919157e-01	  -9.7893893214635297e-01	  -8.8837621892016017e-01	  -4.5911620931646446e-01	  -9.1664286574368370e-01	   3.9970721369673456e-01	   8.6427204614355113e-01	  -5.0302468155632218e-01	   3.1598646015715293e-01	   9.4876369924093951e-01	   5.3390769999999997e-02	   2.1822457000000001e-01	  -1.1231605000000000e-01	  -1.2255616000000000e-03	   2.9615666000000002e-04	   4.2724803999999998e-04	   0.0000000000000000e+00	
  -1.7260640905471063e-02	  -9.9985102404084802e-01	  -9.9940414055106475e-01	   3.4516138969873184e-02	   5.1761352884456782e-02	   9.9865948268044336e-01	  -2.0364363885157769e-01	   9.7904507983814937e-01	  -9.1705853671057636e-01	  -3.9875260531594825e-01	   5.7714991376286717e-01	  -8.1663821674197634e-01	   6.8199271950748730e-01	   7.3135896148114699e-01	   9.8241424538122779e-01	   1.8671435529180044e-01	  -9.7538420593542685e-01	   2.2051224639850911e-01	   5.4233398000000002e-02	   2.1156506999999999e-01	  -1.3485752000000001e-01	  -1.6468563999999999e-04	   3.0068705999999998e-04	   4.4302650999999998e-04	   0.0000000000000000e+00	
  -6.5010409366866695e-01	   7.5984516014464498e-01	  -1.5472933479048229e-01	  -9.8795689832871492e-01	   8.5128444158451133e-01	   5.2470448779874812e-01	  -6.5936755932290525e-01	  -7.5182073775106462e-01	  -1.3046884342511011e-01	   9.9145240979853089e-01	   8.3142140503669970e-01	  -5.5564237351627543e-01	  -9.6595576179062825e-01	  -2.5870729843490531e-01	   9.9992489842466104e-01	  -1.2255509390932678e-02	  -1.4260979932838452e-01	  -9.8977898802486097e-01	   5.2728206999999999e-02	   2.1327968000000000e-01	  -1.3052579000000000e-01	  -8.9016905000000003e-04	   2.9599253000000002e-04	   4.6945679999999999e-04	   0.0000000000000000e+00	
   9.8982144188095111e-01	   1.4231483827315730e-01	   9.5949297361457020e-01	   2.8173255684118187e-01	   9.0963199535467931e-01	   4.1541501300153399e-01	   7.8399373481111145e-01	  -6.2076873614650141e-01	   2.2929235244615068e-01	  -9.7335759981093806e-01	  -4.2446619929534635e-01	  -9.0544378381861090e-01	  -8.9485003421942044e-01	  -4.4636690766397780e-01	   8.6435841130608804e-01	  -5.0287626391033358e-01	   6.8766920672664456e-01	   7.2602414706395779e-01	   4.2935556999999999e-02	   2.2146703000000001e-01	  -1.2969575000000000e-01	  -9.6301852000000004e-04	   2.2944618000000000e-04	   3.0124089000000000e-04	   0.0000000000000000e+00	
  -9.0153081112187589e-02	  -9.9592792006549313e-01	  -9.8374484393195860e-01	   1.7957194111911337e-01	   2.6752833852957514e-01	   9.6354999251912454e-01	  -4.9244705396027466e-01	   8.7034240333666746e-01	  -5.1499179809169271e-01	  -8.5719510491969408e-01	   9.9965944152819197e-01	  -2.6095995162923744e-02	  -4.6956689579657046e-01	   8.8289689679598082e-01	   9.1119391869902822e-01	   4.1197772090964913e-01	  -8.2240268030075125e-01	   5.6890581947642282e-01	   5.0752459999999999e-02	   2.1259365999999999e-01	  -1.6204537999999999e-01	  -4.9411371000000000e-04	   5.0049266999999998e-04	   5.3474917000000002e-04	   0.0000000000000000e+00	
  -8.3958928196961202e-01	   5.4322172048046036e-01	   4.0982032479649727e-01	  -9.1216626849697391e-01	   1.5142777750472378e-01	   9.8846832432808884e-01	   6.6937988778474933e-01	  -7.4292029574462193e-01	  -1.0386113165855289e-01	  -9.9459180839709549e-01	  -8.0842499309434723e-01	  -5.8859921044833619e-01	  -9.7842573066120953e-01	   2.0659886151689791e-01	  -1.5843373811585076e-01	   9.8736961196232798e-01	  -9.6557462058434296e-01	  -2.6012622336742991e-01	   4.5238182000000002e-02	   2.0666000000000001e-01	  -1.3864557999999999e-01	  -1.4826805000000001e-03	   3.4575797000000000e-04	   3.6064887999999999e-04	   0.0000000000000000e+00	
   5.6806474673123031e-01	   8.2298386589360495e-01	  -3.5460488704236626e-01	   9.3501624268547900e-01	  -9.7094181742598695e-01	   2.3931566428782156e-01	  -4.6316016290359661e-02	   9.9892683747859690e-01	  -9.9570965326998229e-01	  -9.2532623355072299e-02	   1.3855062533300119e-01	  -9.9035535249719042e-01	   9.8287542723005661e-01	   1.8427125263408181e-01	  -8.4841116651659132e-01	   5.2933778679587651e-01	   7.9579017438942579e-01	  -6.0557245507473945e-01	   5.2515222000000000e-02	   2.1855463000000000e-01	  -2.0296655000000000e-01	  -1.0721757999999999e-03	   3.6613485999999998e-04	   4.5834116999999999e-04	   0.0000000000000000e+00	
   6.5403129230036897e-02	  -9.9785892323861047e-01	  -9.9144486137383814e-01	  -1.3052619221984063e-01	  -1.9509032201581522e-01	   9.8078528040329271e-01	  -1.5293705741023536e-01	  -9.8823593158248313e-01	  -9.5322051294139676e-01	   3.0227579080657530e-01	   4.4450253803489931e-01	   8.9577759163786452e-01	   8.1725869258451911e-01	  -5.7627096872482009e-01	  -9.9612260472446490e-01	   8.7975885087604844e-02	   9.7611748046473856e-01	   2.1724332977371405e-01	   4.5343541000000001e-02	   2.1135640000000000e-01	  -1.4750271000000001e-01	  -1.2829732000000000e-03	   3.2491734999999999e-04	   2.5348592000000003e-04	   0.0000000000000000e+00	
  -8.3399781788987926e-01	   5.5176774077044388e-01	   3.9110472049016048e-01	  -9.2034618356915754e-01	   1.8163685097942930e-01	   9.8336567682946741e-01	   9.2285356430339882e-01	   3.8515100785602580e-01	   7.0331740229497508e-01	   7.1087596078995963e-01	   3.7526437878565166e-01	   9.2691782052920901e-01	  -1.0689263258096248e-02	   9.9994286819347789e-01	  -9.8217176032111086e-01	   1.8798572612762471e-01	  -5.5714395740075318e-01	   8.3041592634765127e-01	   5.7610962000000002e-02	   2.2713826000000001e-01	  -2.0601231000000000e-01	  -7.1630098000000000e-04	   4.9291009999999998e-04	   4.9604974000000000e-04	   0.0000000000000000e+00	
   8.0901699437493579e-01	   5.8778525229248924e-01	   3.0901699437490965e-01	   9.5105651629516585e-01	  -3.0901699437500396e-01	   9.5105651629513521e-01	  -9.9091912162958473e-01	  -1.3445926665296137e-01	   9.6384141122229561e-01	   2.6647651681342122e-01	  -9.1925864756764886e-01	  -3.9365408529837104e-01	   8.5798053197397284e-01	   5.1368220404609932e-01	  -7.2263723547674408e-01	  -6.9122747768193415e-01	  -8.8070358342209198e-01	  -4.7366781413506054e-01	   5.5234358999999997e-02	   2.2981771000000001e-01	  -1.9594424999999999e-01	  -1.4579718000000000e-03	   5.6303612999999996e-04	   4.3828176000000000e-04	   0.0000000000000000e+00	
   2.1256528955298634e-01	  -9.7714686597115741e-01	  -9.0963199535451011e-01	  -4.1541501300190442e-01	  -5.9927766651137071e-01	   8.0054124092434265e-01	   9.9869177961738365e-01	  -5.1134424066995400e-02	   9.9477054135067333e-01	  -1.0213505794235521e-01	   9.8824654488752051e-01	  -1.5286846148855524e-01	   9.7913685987822352e-01	  -2.0320189376039818e-01	   1.6232136508825171e-01	  -9.8673794618221022e-01	   2.6225304952886103e-01	  -9.6499913886635813e-01	   5.1189042999999997e-02	   2.6588472000000002e-01	  -2.1716436000000000e-01	  -5.5532892999999998e-04	   5.6908979000000004e-04	   3.5693798999999999e-04	   0.0000000000000000e+00	
  -9.4765317118283177e-01	  -3.1930153013589285e-01	   7.9609306570575500e-01	   6.0517421519361880e-01	  -5.6118706536261131e-01	  -8.2768899815673525e-01	  -6.4836537266694050e-01	   7.6132932659031294e-01	  -1.5924468705291880e-01	  -9.8723914511399813e-01	   8.5486285439953225e-01	   5.1885402587614571e-01	  -9.4928225929083587e-01	   3.1442517742013948e-01	   8.5751912041058076e-01	  -5.1445209507811707e-01	   3.7133188257534883e-01	   9.2850020623748242e-01	   5.8199905000000003e-02	   2.7535290000000001e-01	  -2.2276952999999999e-01	  -3.1203409000000001e-04	   8.7295644999999997e-04	   5.0046501999999999e-04	   0.0000000000000000e+00	
   1.4231483827335831e-01	   9.8982144188092225e-01	  -9.5949297361445574e-01	   2.8173255684157156e-01	  -4.1541501300208833e-01	  -9.0963199535442618e-01	   5.6234743251803820e-01	  -8.2690106127660190e-01	  -3.6753073028074085e-01	  -9.3001137751067608e-01	  -9.7570735760774674e-01	  -2.1907795943478359e-01	  -7.2984232459861054e-01	   6.8361552149179317e-01	   8.9851478467791368e-01	   4.3894325568939146e-01	  -7.3845401685342815e-01	   6.7430383729668697e-01	   4.0402039000000001e-02	   2.6502334000000000e-01	  -1.7425579999999999e-01	  -8.0744278000000004e-04	   4.2643605000000000e-04	   2.2051471000000001e-04	   0.0000000000000000e+00	
   9.5760059990842139e-01	  -2.8809909936518641e-01	   8.3399781788993688e-01	  -5.5176774077035673e-01	   6.3967302155901584e-01	  -7.6864713977842847e-01	  -2.9565255202429308e-02	   9.9956285229334885e-01	  -9.9825179136963049e-01	  -5.9104661637842025e-02	   8.8592393138679559e-02	  -9.9606796348339688e-01	   9.9301327794535243e-01	   1.1800266871654336e-01	   2.5966145138631835e-01	   9.6569971039860558e-01	  -3.1628486362290298e-01	  -9.4866426360596179e-01	   4.9137251000000000e-02	   2.6652892000000000e-01	  -2.3086309999999999e-01	  -5.3673011000000001e-04	   5.4726299999999998e-04	   2.5232428999999998e-04	   0.0000000000000000e+00	
  -8.2444156034174665e-01	  -5.6594709433061507e-01	   3.5940777283746789e-01	   9.3318061104161987e-01	   2.3182015026759814e-01	  -9.7275866376502051e-01	   1.0165170196406774e-01	  -9.9482004980187666e-01	  -9.7933386297561664e-01	  -2.0225030242067879e-01	  -3.0075360988910083e-01	   9.5370187487425784e-01	   9.1818963034148793e-01	   3.9614113991526012e-01	  -6.4682140434586033e-01	   7.6264150875758718e-01	   4.7920962878855961e-01	  -8.7770047947823915e-01	   4.9388074999999997e-02	   2.7130979000000000e-01	  -1.5326542000000001e-01	  -2.8470239000000003e-04	   7.6260184000000002e-04	   2.2777235000000001e-04	   0.0000000000000000e+00	
  -1.4231483827330346e-01	   9.8982144188093013e-01	  -9.5949297361448693e-01	  -2.8173255684146520e-01	   4.1541501300193695e-01	  -9.0963199535449535e-01	   3.7542522146743490e-01	   9.2685268683115307e-01	  -7.1811180617225490e-01	   6.9592775044254540e-01	  -9.1461978920863185e-01	  -4.0431502716070028e-01	   3.1369132327956413e-02	  -9.9950786767138111e-01	  -9.7084724256728316e-01	   2.3969904380181162e-01	   8.6399008321356896e-01	   5.0350882426091625e-01	   6.0450419999999998e-02	   2.7113991999999998e-01	  -2.1142704000000001e-01	  -4.6717912000000002e-05	   6.7252654000000002e-04	   3.5410656000000001e-04	   0.0000000000000000e+00	
   9.4099765536234947e-01	  -3.3841307983374536e-01	   7.7095317479487813e-01	  -6.3689182933501198e-01	   5.0993260438992882e-01	  -8.6021435641362343e-01	  -9.7104203948461021e-01	  -2.3890868036462967e-01	   8.8584528489286241e-01	   4.6398074446369370e-01	  -7.4934398473577146e-01	  -6.6218093640659570e-01	   5.6944373753383315e-01	   8.2203030952848621e-01	  -9.9459810473450239e-01	   1.0380081916119836e-01	  -8.3289846009208202e-01	   5.5342583529885780e-01	   5.4675080000000001e-02	   2.4874146000000000e-01	  -1.6958738000000001e-01	  -1.0115797999999999e-03	   5.7420526999999995e-04	   2.4168141999999999e-04	   0.0000000000000000e+00	
  -6.7448014014052460e-01	  -7.3829299099748902e-01	  -9.0153081112036723e-02	   9.9592792006550679e-01	   7.9609306570561800e-01	  -6.0517421519379899e-01	   9.8188308969935723e-01	   1.8948772562475924e-01	   9.2818880367511192e-01	   3.7210958699308533e-01	   8.4086269105438072e-01	   5.4124849634228556e-01	   7.2306891053567091e-01	   6.9077590477430373e-01	  -5.2236318423321904e-01	  -8.5272311083829089e-01	  -8.0215810365084872e-01	  -5.9711169536969733e-01	   7.0846654999999994e-02	   2.6055750999999999e-01	  -2.0244709000000000e-01	  -1.0992731000000000e-04	   9.2633652000000003e-04	   2.8840225999999999e-04	   0.0000000000000000e+00	
  -4.4039415155757300e-01	   8.9780453957077178e-01	  -6.1210598254777082e-01	  -7.9077573693761494e-01	   9.7952994125245318e-01	  -2.0129852008886126e-01	  -8.7049617895455678e-01	   4.9217517453191018e-01	   5.1552719514896750e-01	  -8.5687321761263979e-01	  -2.7032728094115915e-02	   9.9963454902868853e-01	  -4.6846342212367670e-01	  -8.8348289294823013e-01	  -5.8515679793984136e-02	  -9.9828648955009303e-01	   8.2523853212358711e-01	  -5.6478435273873095e-01	   6.7478493000000001e-02	   2.6714335000000000e-01	  -2.2064506000000000e-01	  -4.8376853999999999e-04	   8.6163424000000003e-04	   3.4005804999999998e-04	   0.0000000000000000e+00	
   8.6325648095753671e-01	  -5.0476553773490729e-01	   4.9042350383037975e-01	  -8.7148424362734955e-01	  -1.6533944766580308e-02	  -9.9986330499246534e-01	   3.6142250831131750e-01	  -9.3240215062276410e-01	  -7.3874754097191131e-01	  -6.7398224806589246e-01	  -8.9542248684508907e-01	   4.4521744131621394e-01	   9.1495858584091469e-02	   9.9580545683479760e-01	  -1.5864415028060955e-01	  -9.8733582614110760e-01	   7.8264479560795752e-01	   6.2246857262658517e-01	   5.3720929000000001e-02	   2.5814935000000000e-01	  -1.4933954999999999e-01	  -1.2431934000000000e-03	   5.2118936000000000e-04	   1.9637967999999999e-04	   0.0000000000000000e+00	
  -8.0054124092434398e-01	  -5.9927766651136893e-01	   2.8173255684137699e-01	   9.5949297361451291e-01	   3.4946417959917470e-01	  -9.3694972499973328e-01	   2.6664376849510257e-01	   9.6379515495914903e-01	  -8.5780220144546027e-01	   5.1397994435125771e-01	  -7.2409899172872805e-01	  -6.8969605637370390e-01	   4.7164923360935601e-01	  -8.8178625552664813e-01	   3.6412157814306934e-01	  -9.3135142472141019e-01	  -7.9104024477469481e-01	   6.1176411397432495e-01	   6.5655592999999998e-02	   2.6299277999999998e-01	  -1.8002472999999999e-01	   1.6605856000000000e-04	   8.1789356000000002e-04	   3.0971623999999999e-04	   0.0000000000000000e+00	
   3.4899496702518615e-02	   9.9939082701909510e-01	  -9.9756405025982176e-01	   6.9756473744160510e-02	  -1.0452846326770636e-01	  -9.9452189536826774e-01	  -4.2848431929111391e-01	   9.0354921732113225e-01	  -6.3280237624326152e-01	  -7.7431334265972829e-01	   9.7077611015190046e-01	  -2.3998696622597093e-01	  -1.9912230524176341e-01	   9.7997464638387766e-01	  -9.1795268663920360e-01	  -3.9668988529059840e-01	   8.8804491246284134e-01	  -4.5975671115152245e-01	   5.1903242000000002e-02	   2.3770011999999999e-01	  -1.6415436999999999e-01	  -1.2850273999999999e-03	   6.9582488000000000e-04	   2.3231586000000001e-04	   0.0000000000000000e+00	
   6.9519242767461886e-01	  -7.1882368387795192e-01	  -3.3414977007739592e-02	  -9.9944156373025239e-01	  -7.4165210564802420e-01	  -6.7078473013914974e-01	   7.9605685184368657e-01	  -6.0522185075616597e-01	   2.6741302273456241e-01	  -9.6358200235992597e-01	  -3.7030491380352837e-01	  -9.2891025982759035e-01	  -8.5698055054392885e-01	  -5.1534875180738016e-01	   1.1836489507624766e-01	  -9.9297016652746872e-01	   9.8846049572420613e-01	  -1.5147887110965894e-01	   4.8772968000000000e-02	   2.0833344000000001e-01	  -1.0381729000000001e-01	  -2.1250164000000001e-03	   4.1527920999999998e-04	   1.8540046000000001e-04	   0.0000000000000000e+00	
  -9.1721130150548336e-01	  -3.9840108984617151e-01	   6.8255314321876548e-01	   7.3083596427802000e-01	  -3.3487961217120255e-01	  -9.4226092211874357e-01	  -1.5293705741023489e-01	   9.8823593158248324e-01	  -9.5322051294139698e-01	  -3.0227579080657441e-01	   4.4450253803489870e-01	  -8.9577759163786486e-01	   8.1725869258452011e-01	   5.7627096872481853e-01	   5.3398986964326844e-01	  -8.4549087465114914e-01	  -2.5343867469194753e-01	   9.6735145535135736e-01	   7.0988018999999999e-02	   2.8688422000000002e-01	  -2.7508676999999998e-01	   2.3914904999999999e-04	   1.1082842000000000e-03	   2.8774673999999999e-04	   0.0000000000000000e+00	
   7.6604444311902953e-01	   6.4278760968647786e-01	   1.7364817766708832e-01	   9.8480775301218015e-01	  -4.9999999999979172e-01	   8.6602540378455883e-01	  -9.8689980086505424e-01	  -1.6133438273510201e-01	   9.4794243389496724e-01	   3.1844174038791723e-01	  -8.8414859761990172e-01	  -4.6720579761681158e-01	   7.9718971595742871e-01	   6.0372887687414312e-01	  -6.5230536612941181e-01	  -7.5795627137637300e-01	  -8.5971285060649127e-01	  -5.1077765661984553e-01	   6.0903272000000001e-02	   2.8054994000000000e-01	  -2.2176294999999999e-01	  -1.1235945000000001e-03	   7.8863374999999999e-04	   1.2847910000000001e-04	   0.0000000000000000e+00	
  -4.6006503773118973e-01	  -8.8788521840235579e-01	  -5.7668032211479792e-01	   8.1696989301049094e-01	   9.9068594603634796e-01	   1.3616664909612153e-01	   9.9932465810760673e-01	   3.6745444589975682e-02	   9.9729954460377002e-01	   7.3441257703778906e-02	   9.9392739477646208e-01	   1.1003787490166730e-01	   9.8921276333377428e-01	   1.4648586572621364e-01	  -4.2712859944292214e-01	  -9.0419088667046832e-01	  -4.9238007363304659e-01	  -8.7038029796699534e-01	   6.1304029000000003e-02	   2.8506561000000002e-01	  -2.1066008000000000e-01	  -9.8479626000000003e-06	   7.6315221000000004e-04	   2.3721716000000000e-04	   0.0000000000000000e+00	
  -3.6390493696338660e-01	   9.3143609381088166e-01	  -7.3514639370734725e-01	  -6.7790838600734393e-01	   8.9895174108525278e-01	  -4.3804767685697488e-01	  -5.6395348422812819e-01	   8.2580655581495255e-01	  -3.6391293525390866e-01	  -9.3143296890054539e-01	   9.7441341981238239e-01	   2.2476318045787180e-01	  -7.3513475110976889e-01	   6.7792101140972028e-01	  -5.6396057546337808e-01	  -8.2580171307827610e-01	   9.7441148972001645e-01	  -2.2477154780269273e-01	   6.6755318999999994e-02	   2.9901312000000002e-01	  -2.4810651000000000e-01	  -2.5687409000000000e-04	   8.0663399999999998e-04	   2.8185904999999999e-04	   0.0000000000000000e+00	
   6.5934581510007773e-01	  -7.5183980747896961e-01	  -1.3052619222002809e-01	  -9.9144486137381349e-01	  -8.3146961230252503e-01	  -5.5557023301963249e-01	  -5.7459629579239047e-01	   8.1843698405049103e-01	  -3.3967819372332753e-01	  -9.4054171874981574e-01	   9.6495195954213853e-01	   2.6242659121321338e-01	  -7.6923744941771521e-01	   6.3896302429274277e-01	   2.3647584151947107e-01	   9.7163736876350015e-01	  -9.9419116752490877e-01	  -1.0762863195014051e-01	   5.9683593000000000e-02	   2.8868771999999998e-01	  -2.3107501000000000e-01	  -5.4347098999999995e-04	   8.3742794000000000e-04	   1.9849310999999999e-04	   0.0000000000000000e+00	
  -9.4226092211879653e-01	   3.3487961217105372e-01	   7.7571129070432931e-01	  -6.3108794432616400e-01	  -5.1958395003524949e-01	   8.5441940454660048e-01	   9.7764447419567302e-01	  -2.1026479038266513e-01	   9.1157743585066775e-01	  -4.1112842087104812e-01	   8.0475281172605995e-01	  -5.9361006731607979e-01	   6.6194684310415663e-01	  -7.4955078340592840e-01	  -8.5078279230338616e-01	   5.2551749763490585e-01	  -9.9160957521653559e-01	   1.2926890708473518e-01	   5.3633899999999998e-02	   2.7978805000000001e-01	  -2.0440596000000000e-01	  -1.0133570000000001e-03	   7.2539621000000003e-04	   2.5083689999999998e-04	   0.0000000000000000e+00	
   7.2517630714344472e-01	   6.8856323134320518e-01	   5.1761352884407509e-02	   9.9865948268044591e-01	  -6.5010409366851807e-01	   7.5984516014477221e-01	  -1.8590835944646217e-01	   9.8256708772883550e-01	  -9.3087616377585003e-01	  -3.6533487065151177e-01	   5.3202368035723158e-01	  -8.4672947482601923e-01	   7.3306086457208641e-01	   6.8016304577125131e-01	  -8.1137590650853109e-01	   5.8452471148571594e-01	   5.4174323136756786e-01	  -8.4054403291405611e-01	   7.9281091999999997e-02	   2.8247242000000000e-01	  -2.4988928999999999e-01	  -6.6249419999999998e-04	   1.0349290000000000e-03	   4.5766756000000002e-04	   0.0000000000000000e+00	
   1.2053668025541314e-01	  -9.9270887409804309e-01	  -9.7094181742600860e-01	  -2.3931566428773399e-01	  -3.5460488704278936e-01	   9.3501624268531858e-01	  -1.7809343351741211e-01	  -9.8401358168369768e-01	  -9.3656545787595824e-01	   3.5049271477963234e-01	   5.1168574973128533e-01	   8.5917267968781019e-01	   7.5430971377280653e-01	  -6.5651873979954800e-01	  -9.9830580602188324e-01	   5.8185201408932248e-02	   9.5537222351892925e-01	   2.9540466233371659e-01	   4.7259842000000003e-02	   2.4046213000000000e-01	  -1.1633971000000000e-01	  -1.3076514999999999e-03	   6.1624333999999998e-04	   2.8594855999999999e-04	   0.0000000000000000e+00	
  -9.2555906657120046e-01	   3.7860324125375366e-01	   7.1331917142430401e-01	  -7.0083932515131064e-01	  -3.9487898637044216e-01	   9.1873314195312017e-01	   5.5104593424934245e-01	   8.3447491175425359e-01	  -3.9269675669453868e-01	   9.1966801471052062e-01	  -9.8383383658820001e-01	   1.7908372897654010e-01	  -6.9157851456318054e-01	  -7.2230129322505343e-01	  -8.2596046687677704e-01	  -5.6372804361384798e-01	  -1.9409065420657606e-01	   9.8098359718685579e-01	   6.1387905999999999e-02	   2.5955157000000001e-01	  -1.8467272000000001e-01	  -5.5766875999999999e-04	   6.0334430999999997e-04	   3.6666203000000001e-04	   0.0000000000000000e+00	
   9.4905574701064754e-01	   3.1510821802368422e-01	   8.0141362186787657e-01	   5.9811053049132323e-01	   5.7211666012200491e-01	   8.2017225459707077e-01	  -9.7395900857821038e-01	  -2.2672417076560122e-01	   8.9719230078130097e-01	   4.4164009715916369e-01	  -7.7369803896770828e-01	  -6.3355453158944630e-01	   6.0990804916248886e-01	   7.9247218977501477e-01	  -8.5289874501109697e-01	  -5.2207636487251152e-01	  -9.9578404387678920e-01	  -9.1728610369876923e-02	   6.7507770999999994e-02	   2.7225423999999998e-01	  -1.6110957000000001e-01	  -8.3998402999999999e-04	   7.3390892999999999e-04	   3.5276711999999999e-04	   0.0000000000000000e+00	
  -7.8479938527868376e-01	  -6.1974988896021610e-01	   2.3182015026759972e-01	   9.7275866376502018e-01	   4.2093476242823463e-01	  -9.0709091373438733e-01	   9.6713963556172922e-01	   2.5424579706560635e-01	   8.7071814934894898e-01	   4.9178237503426386e-01	   7.1707243171492252e-01	   6.9699865686703277e-01	   5.1630019121131732e-01	   8.5640767894452996e-01	  -6.0144178696748418e-01	  -7.9891662699518240e-01	  -9.1657939596750648e-01	  -3.9985273650162867e-01	   7.2733601999999994e-02	   2.7004280000000003e-01	  -1.5692368000000001e-01	   1.5701794000000000e-04	   7.6763782000000003e-04	   3.8375391999999998e-04	   0.0000000000000000e+00	
   4.9099408097327946e-01	   8.7116290809997454e-01	  -5.1784962489840936e-01	   8.5547166288111298e-01	  -9.9951628229198353e-01	  -3.1099862269984319e-02	   0.0000000000000000e+00	   0.0000000000000000e+00	   0.0000000000000000e+00	   0.0000000000000000e+00	   0.0000000000000000e+00	   0.0000000000000000e+00	   0.0000000000000000e+00	   0.0000000000000000e+00	   0.0000000000000000e+00	   0.0000000000000000e+00	   0.0000000000000000e+00	   0.0000000000000000e+00	   8.2951683999999998e-02	   2.7750587999999998e-01	  -1.9799300000000000e-01	  -1.6406419999999999e-04	   9.0656869999999998e-04	   3.2388422000000002e-04	   0.0000000000000000e+00	
  -5.3582679497916574e-01	  -8.4432792550190772e-01	  -4.2577929156471006e-01	   9.0482705246619011e-01	   9.9211470131440260e-01	  -1.2533323356489970e-01	  -6.2595204218916967e-01	   7.7986155237914379e-01	  -2.1636808175841593e-01	  -9.7631186267308223e-01	   8.9682412747163698e-01	   4.4238725612831226e-01	  -9.0636970639236691e-01	   4.2248544984912162e-01	   9.9386076327586614e-01	   1.1063807310647082e-01	  -3.2305701012209342e-01	   9.4637950538405768e-01	   7.7131406000000000e-02	   3.1229349000000001e-01	  -2.1036189000000000e-01	   3.8061186000000002e-04	   1.1256091000000001e-03	   1.0190350000000000e-04	   0.0000000000000000e+00	
   8.8132491563723034e-02	   9.9610876109527835e-01	  -9.8446532786154062e-01	   1.7557909396756044e-01	  -2.6165925596879336e-01	  -9.6516031505955402e-01	   9.2976881999472760e-01	  -3.6814391393259743e-01	   7.2894011726877650e-01	  -6.8457746489070348e-01	   4.2572276536489068e-01	  -9.0485364952022507e-01	   6.2707389127635418e-02	  -9.9803195507398224e-01	   4.4865422069656430e-01	   8.9370542700106648e-01	  -2.8476853532776858e-01	   9.5859630777886762e-01	   6.1024712000000002e-02	   2.9637229999999998e-01	  -1.8473832000000001e-01	  -4.6360272000000002e-04	   6.1032562999999997e-04	   1.5410721000000001e-04	   0.0000000000000000e+00	
   8.4804809615647769e-01	  -5.2991926423312219e-01	   4.3837114678925282e-01	  -8.9879404629908144e-01	  -1.0452846326736323e-01	  -9.9452189536830382e-01	  -3.5026517295241055e-01	   9.3665057978769117e-01	  -7.5462861723323593e-01	  -6.5615215465062249e-01	   8.7890541921248622e-01	  -4.7699608392409670e-01	   1.3892869989469123e-01	   9.9030238631721512e-01	   1.9930747301240970e-01	   9.7993700369024106e-01	  -7.9339089915683159e-01	  -6.0871247821538388e-01	   6.4854919999999996e-02	   2.6638747000000002e-01	  -2.2228639000000000e-01	  -6.8499412000000003e-04	   6.7241898000000003e-04	   2.0474094999999999e-04	   0.0000000000000000e+00	
  -9.8743888867638741e-01	   1.5800139597339330e-01	   9.5007111774091790e-01	  -3.1203344569857061e-01	  -8.8883544865486352e-01	   4.5822652172752676e-01	  -9.1323054782062457e-02	  -9.9582131914579552e-01	  -9.8332019933054482e-01	   1.8188288976299438e-01	   2.7092266364560547e-01	   9.6260111693430428e-01	   9.3383722882292486e-01	  -3.5769823883312629e-01	   2.4751709428963431e-01	   9.6888352655745791e-01	  -6.7165222840569097e-02	  -9.9774186683769905e-01	   6.2983061000000007e-02	   2.5190837999999999e-01	  -1.5516595999999999e-01	  -1.2592176000000000e-03	   6.2094342000000005e-04	   3.1822109000000001e-04	   0.0000000000000000e+00	
   8.9472932982078113e-01	   4.4660880685277116e-01	   6.0108114728308837e-01	   7.9918799689487718e-01	   1.8088053433222659e-01	   9.8350507487236094e-01	   2.3553714385300525e-01	   9.7186534759994847e-01	  -8.8904450773113741e-01	   4.5782077636680002e-01	  -6.5434315207139160e-01	  -7.5619775147594548e-01	   5.8080027345380092e-01	  -8.1404609350821777e-01	  -2.2330163244566636e-01	   9.7474939391984261e-01	   6.4478561418066704e-01	  -7.6436346834844227e-01	   6.5814110999999995e-02	   2.5607724999999998e-01	  -1.9418163999999999e-01	  -8.9207608000000001e-04	   6.4725644000000000e-04	   4.2919497000000001e-04	   0.0000000000000000e+00	
  -7.5482293915321563e-01	  -6.5592860169998757e-01	   1.3951533894379828e-01	   9.9021991001968701e-01	   5.4420418275618665e-01	  -8.3895280407819783e-01	   0.0000000000000000e+00	   0.0000000000000000e+00	   0.0000000000000000e+00	   0.0000000000000000e+00	   0.0000000000000000e+00	   0.0000000000000000e+00	   0.0000000000000000e+00	   0.0000000000000000e+00	   0.0000000000000000e+00	   0.0000000000000000e+00	   0.0000000000000000e+00	   0.0000000000000000e+00	   6.2931511999999995e-02	   2.7950693999999998e-01	  -1.8826181000000000e-01	  -2.2238557000000000e-05	   7.6580180000000004e-04	   4.2947780000000000e-04	   0.0000000000000000e+00	
   8.3482805302935059e-01	   5.5051078270568299e-01	   3.9387575624955246e-01	   9.1916368979569851e-01	  -1.7719099157879659e-01	   9.8417648442915096e-01	   5.7935849539470619e-01	  -8.1507283957569232e-01	  -3.2868746762796447e-01	  -9.4443874794732763e-01	  -9.6021424879477357e-01	  -2.7926438443075541e-01	  -7.8392909724863158e-01	   6.2085036078506506e-01	   9.3237111159333441e-01	  -3.6150257297315319e-01	   3.4958337839418881e-02	   9.9938877050700592e-01	   6.1641842000000002e-02	   2.6661035999999999e-01	  -1.5720022000000000e-01	  -1.0710291000000001e-03	   6.8796435999999997e-04	   3.7756200000000001e-04	   0.0000000000000000e+00	
  -6.0876142900881880e-01	  -7.9335334029115978e-01	  -2.5881904510228165e-01	   9.6592582628913237e-01	   9.2387953251114430e-01	  -3.8268343236543362e-01	  -2.4988338009099662e-03	   9.9999687790994396e-01	  -9.9998751165927091e-01	  -4.9976519986516098e-03	   7.4964389901538142e-03	  -9.9997190130646518e-01	   9.9995004694900069e-01	   9.9951791725412086e-03	   7.9487205700608277e-01	  -6.0677707025803029e-01	  -7.9182966973508762e-01	   6.1074198654359935e-01	   6.7560155999999996e-02	   2.8399331999999999e-01	  -1.7198572000000001e-01	   3.1535397000000001e-04	   9.2318535999999995e-04	   4.2872582000000000e-04	   0.0000000000000000e+00	
   2.9627558088564560e-01	   9.5510249720690887e-01	  -8.2444156034174654e-01	   5.6594709433061519e-01	  -7.8479938527868343e-01	  -6.1974988896021643e-01	  -4.5893120712744884e-01	  -8.8847180434977380e-01	  -5.7876429424908526e-01	   8.1549487533788845e-01	   9.9015719953144643e-01	   1.3995970925964177e-01	  -3.3006378340471643e-01	  -9.4395863197735763e-01	   7.1261152905416136e-01	  -7.0155884190785456e-01	  -9.8455174901063247e-01	  -1.7509384203936040e-01	   6.3502627000000006e-02	   2.5561040000000002e-01	  -1.3119164999999999e-01	  -1.3522337000000000e-03	   7.0013537999999995e-04	   4.5810734999999998e-04	   0.0000000000000000e+00	
   4.9999999999982780e-01	  -8.6602540378453807e-01	  -5.0000000000034439e-01	  -8.6602540378423976e-01	  -1.0000000000000000e+00	   5.9746822143805786e-13	   3.8940669503411457e-01	   9.2106591830476936e-01	  -6.9672485172521614e-01	   7.1733847031124409e-01	  -9.3202533875101456e-01	  -3.6239311241531141e-01	  -2.9148961976951118e-02	  -9.9957507872878981e-01	   9.9236983132905443e-01	   1.2329686884890471e-01	  -6.0296313629507425e-01	  -7.9776904945554750e-01	   7.0374985000000001e-02	   2.6162500999999999e-01	  -1.8201322000000000e-01	  -7.9056619999999999e-04	   7.4909152000000000e-04	   3.7882741999999999e-04	   0.0000000000000000e+00	
  -9.7908408768232202e-01	   2.0345601305263794e-01	   9.1721130150544961e-01	  -3.9840108984624922e-01	  -8.1696989301043521e-01	   5.7668032211487685e-01	  -3.4059202314909620e-01	  -9.4021118572755003e-01	  -7.6799414753441109e-01	   6.4045685986871381e-01	   8.6373738409991774e-01	   5.0394219044274435e-01	   1.7963002129421346e-01	  -9.8373424025487721e-01	   5.2475984953242971e-01	   8.5125031589932565e-01	   1.4217661098118853e-01	  -9.8984130611421939e-01	   7.7248444999999999e-02	   2.6021612000000000e-01	  -1.3511824000000000e-01	  -1.2957201000000000e-03	   9.1820029999999998e-04	   4.5841291000000000e-04	   0.0000000000000000e+00	
   7.1933980033860523e-01	   6.9465837045904488e-01	   3.4899496702368825e-02	   9.9939082701910031e-01	  -6.6913060635900579e-01	   7.4314482547726135e-01	   4.6975073685650814e-01	   8.8279909675008594e-01	  -5.5866849044553535e-01	   8.2939105238922539e-01	  -9.9462060694711474e-01	  -1.0358498074601921e-01	  -3.7577903556661368e-01	  -9.2670929445464489e-01	  -2.7533338073185815e-01	   9.6134880738198536e-01	   9.5115418325040468e-01	  -3.0871624460863034e-01	   7.6904897999999999e-02	   2.8698919000000001e-01	  -1.7999182000000000e-01	  -4.9851758000000004e-04	   1.0101248000000001e-03	   4.4738229000000000e-04	   0.0000000000000000e+00	
  -1.6533944766437728e-02	  -9.9986330499246767e-01	  -9.9945325734092072e-01	   3.3063369317466680e-02	   4.9583754673459844e-02	   9.9876996914829297e-01	  -1.6965163801080937e-01	  -9.8550409523261207e-01	  -9.4243664344049860e-01	   3.3438476804514661e-01	   4.8942347857298873e-01	   8.7204624798316477e-01	   7.7637365379878698e-01	  -6.3027291682819531e-01	  -9.8256437093048465e-01	   1.8592271775654778e-01	   9.8817439255529749e-01	   1.5333417720119941e-01	   7.6681772999999995e-02	   2.7080117999999997e-01	  -1.2917769000000001e-01	  -8.3929304000000002e-04	   9.5770385999999999e-04	   4.3601281999999998e-04	   0.0000000000000000e+00	
  -6.8255314321860461e-01	   7.3083596427817032e-01	  -6.8242413364806034e-02	  -9.9766876919052994e-01	   7.7571129070454770e-01	   6.3108794432589566e-01	   2.5897548461750741e-01	   9.6588389486890569e-01	  -8.6586339673425439e-01	   5.0028049951584086e-01	  -7.0745027018113649e-01	  -7.0676312525529861e-01	   4.9943884360836149e-01	  -8.6634914526139095e-01	  -8.8266721872951248e-01	  -4.6999849040215752e-01	   5.2913815664503039e-01	   8.4853568645184230e-01	   7.8856886000000001e-02	   2.8926866000000001e-01	  -1.6654907999999999e-01	  -3.8696299999999999e-04	   9.1968311000000002e-04	   5.1105856000000004e-04	   0.0000000000000000e+00	
   9.9771861468007483e-01	  -6.7509746858304104e-02	   9.9088486815825538e-01	  -1.3471146222573940e-01	   9.7952994125253168e-01	  -2.0129852008847893e-01	  -9.2246545178828543e-01	   3.8607964237581149e-01	   7.0188501948593107e-01	  -7.1229026346092517e-01	  -3.7246391141875151e-01	   9.2804667699994725e-01	  -1.4714838842468474e-02	  -9.9989173089782080e-01	  -8.9429681372450187e-01	   4.4747425508313166e-01	  -9.4642509157237309e-01	  -3.2292343681161512e-01	   7.9494930000000005e-02	   2.7602215000000002e-01	  -1.3909716999999999e-01	  -9.4117265999999996e-04	   8.1556732999999999e-04	   3.7842287000000000e-04	   0.0000000000000000e+00	
  -8.0901699437494745e-01	  -5.8778525229247303e-01	   3.0901699437494773e-01	   9.5105651629515353e-01	   3.0901699437494701e-01	  -9.5105651629515375e-01	   9.1536194714373664e-01	  -4.0263197304887127e-01	   6.7577498855754603e-01	  -7.3710797366467862e-01	   3.2179547157040833e-01	  -9.4680920700887705e-01	  -8.6656329680097177e-02	  -9.9623826493784828e-01	  -9.7720450710297246e-01	  -2.1230014436555791e-01	  -5.0388223538387844e-01	  -8.6377236171606331e-01	   8.4730631000000001e-02	   2.9626946999999998e-01	  -1.4566371000000000e-01	  -2.1270045000000001e-04	   1.0935258000000000e-03	   4.6163645999999997e-04	   0.0000000000000000e+00	
  -1.5472933479023437e-01	   9.8795689832875377e-01	  -9.5211766591074309e-01	  -3.0573182735966259e-01	   4.4937040096703401e-01	  -8.9334553378562720e-01	  -4.2848431929111391e-01	   9.0354921732113225e-01	  -6.3280237624326152e-01	  -7.7431334265972829e-01	   9.7077611015190046e-01	  -2.3998696622597093e-01	  -1.9912230524176341e-01	   9.7997464638387766e-01	  -8.2636858853999839e-01	  -5.6312960841569226e-01	   9.5896677592391943e-01	  -2.8351846972302058e-01	   7.7379987999999997e-02	   2.9136567000000002e-01	  -2.0763769000000001e-01	  -7.0182413000000000e-04	   9.1057251000000003e-04	   4.2514818999999998e-04	   0.0000000000000000e+00	
   8.5441940454653242e-01	  -5.1958395003536151e-01	   4.6006503773130197e-01	  -8.8788521840229762e-01	  -6.8242413364417526e-02	  -9.9766876919055658e-01	   1.9003293309457528e-01	  -9.8177771635919331e-01	  -9.2777496867894538e-01	  -3.7314019817326299e-01	  -5.4264853019415071e-01	   8.3995986373048082e-01	   7.2153278501443607e-01	   6.9238027134610902e-01	  -3.4774811838370917e-01	  -9.3758799382276103e-01	   6.7248376946150445e-01	   7.4011186979459143e-01	   6.6324556000000007e-02	   2.8068545000000000e-01	  -1.5572224000000001e-01	  -1.4051195000000000e-03	   5.9533241000000005e-04	   2.9939122000000002e-04	   0.0000000000000000e+00	
  -8.6888796872503671e-01	  -4.9500878558352845e-01	   5.0993260439024068e-01	   8.6021435641343857e-01	  -1.7260640905570768e-02	  -9.9985102404084625e-01	   5.0184232077666879e-01	   8.6495912335640868e-01	  -4.9630857015497404e-01	   8.6814618768426621e-01	  -9.9997961011251346e-01	   6.3858718453706931e-03	  -5.0735560638145050e-01	  -8.6173678619013983e-01	  -7.8823894878488100e-03	  -9.9996893348541671e-01	  -8.6420711995194732e-01	   5.0313621796125996e-01	   7.7714475000000005e-02	   3.1188845999999998e-01	  -1.9422863000000001e-01	   5.0336135999999999e-04	   8.2234145999999998e-04	   4.7558367000000000e-04	   0.0000000000000000e+00	
   5.2722546761063238e-01	   8.4972542994943367e-01	  -4.4406661260549996e-01	   8.9599377429147176e-01	  -9.9547192257304096e-01	   9.5056043304639543e-02	  -9.0529641379212600e-01	  -4.2478041759845264e-01	   6.3912319364976833e-01	   7.6910437740200177e-01	  -2.5189545657288509e-01	  -9.6775445178926345e-01	  -1.8304308667784144e-01	   9.8310489187036809e-01	  -1.1634860210983745e-01	  -9.9320843874137854e-01	  -8.3824204806572733e-01	  -5.4529833014101081e-01	   8.2941863000000005e-02	   3.1113033000000001e-01	  -2.1911010000000000e-01	  -3.0761935999999999e-04	   9.0024444000000000e-04	   4.4133569000000001e-04	   0.0000000000000000e+00	
  -3.2143946530322071e-01	  -9.4693012949508559e-01	  -7.9335334029115923e-01	   6.0876142900881969e-01	   8.3146961230264926e-01	   5.5557023301944652e-01	   3.1195686950739918e-02	  -9.9951329611750106e-01	  -9.9805365823134284e-01	  -6.2361007777567541e-02	  -9.3465625915190503e-02	   9.9562250716437783e-01	   9.9222220941793227e-01	   1.2447926388678902e-01	  -9.5649677985781789e-01	   2.9174288358351608e-01	   9.3644172999139264e-01	  -3.5082315535142156e-01	   7.3373144000000001e-02	   2.9275087000000000e-01	  -1.2914270000000000e-01	  -1.5849129000000000e-04	   8.1706447000000001e-04	   3.5176234999999999e-04	   0.0000000000000000e+00	
  -5.2023944861086280e-01	   8.5402044244213815e-01	  -4.5870183221813082e-01	  -8.8859024815700616e-01	   9.9750902515076856e-01	   7.0538959042243568e-02	   2.8901407700749060e-01	   9.5732484731751755e-01	  -8.3294172658301657e-01	   5.5336071428761835e-01	  -7.7047784562632271e-01	  -6.3746677513343419e-01	   3.8758383976619354e-01	  -9.2183445756388038e-01	  -9.6793151373011299e-01	  -2.5121422079200068e-01	   6.6721846560380438e-01	   7.4486208062788717e-01	   7.3581295000000005e-02	   2.9942622000000002e-01	  -1.9616312999999999e-01	  -3.0335540000000001e-06	   8.1268580999999996e-04	   5.0222272000000003e-04	   0.0000000000000000e+00	
   9.9088486815825438e-01	  -1.3471146222574709e-01	   9.6370564389000224e-01	  -2.6696709897393012e-01	   9.1895781162036694e-01	  -3.9435585511300086e-01	  -8.9207546499292145e-01	  -4.5188645117735388e-01	   5.9159727048467392e-01	   8.0623363211607812e-01	  -1.6342335531939489e-01	  -9.8655603334841091e-01	  -3.0002533911016716e-01	   9.5393123226563303e-01	  -9.4481836411482945e-01	  -3.2759465629246404e-01	  -8.2306979491861942e-01	   5.6794023690228346e-01	   6.6559690000000005e-02	   2.6298180999999998e-01	  -1.3715321000000000e-01	  -1.2155331000000000e-03	   6.4907962000000001e-04	   4.2367643999999998e-04	   0.0000000000000000e+00	
  -6.1944836121572711e-01	  -7.8503740534266908e-01	  -2.3256745557430022e-01	   9.7258026846512569e-01	   9.0757541967095001e-01	  -4.1988910156027970e-01	   7.2903514619372423e-01	   6.8447626373329784e-01	   6.2984488771409816e-02	   9.9801450599387787e-01	  -6.3719933423492081e-01	   7.7069903882811075e-01	  -9.9206590834840835e-01	   1.2571886689295103e-01	   8.5739843521462522e-02	  -9.9631755943218980e-01	  -9.8893909667820312e-01	  -1.4832215971087956e-01	   7.4925722000000000e-02	   2.8012240999999999e-01	  -1.7034427999999999e-01	  -1.7862203000000001e-05	   9.1270665000000000e-04	   4.6938877000000001e-04	   0.0000000000000000e+00	
  -4.8058175518670160e-01	   8.7694992820666173e-01	  -5.3808235316333841e-01	  -8.4289227141681899e-01	   9.9776687862315716e-01	  -6.6792633745061114e-02	   0.0000000000000000e+00	   0.0000000000000000e+00	   0.0000000000000000e+00	   0.0000000000000000e+00	   0.0000000000000000e+00	   0.0000000000000000e+00	   0.0000000000000000e+00	   0.0000000000000000e+00	   0.0000000000000000e+00	   0.0000000000000000e+00	   0.0000000000000000e+00	   0.0000000000000000e+00	   8.5710096999999999e-02	   2.8604353999999999e-01	  -2.1696814000000000e-01	  -5.6059253000000000e-04	   8.4899593000000004e-04	   5.4075073000000001e-04	   0.0000000000000000e+00	
   9.1895781162022572e-01	  -3.9435585511333016e-01	   6.8896691907566832e-01	  -7.2479278722913731e-01	   3.4730525284478481e-01	  -9.3775213214709363e-01	  -9.1130613336642141e-01	   4.1172943942441392e-01	   6.6095773742251573e-01	  -7.5042312686997381e-01	  -2.9336354665184111e-01	   9.5600095684881670e-01	  -1.2626973868261754e-01	  -9.9199594409101466e-01	  -6.7508397487494931e-01	   7.3774089412681931e-01	  -9.9981980519404301e-01	  -1.8983075139344070e-02	   8.5125636000000005e-02	   3.0542493999999998e-01	  -1.9810527999999999e-01	  -4.9978447000000004e-04	   8.0383880999999999e-04	   4.3233536000000003e-04	   0.0000000000000000e+00	
  -9.7908408768232202e-01	  -2.0345601305263772e-01	   9.1721130150544983e-01	   3.9840108984624878e-01	  -8.1696989301043565e-01	  -5.7668032211487619e-01	   9.2761948550402917e-01	  -3.7352655877894431e-01	   7.2095581977351975e-01	  -6.9298102855322963e-01	   4.0992584771486512e-01	  -9.1211885156225625e-01	   3.9554588130615687e-02	  -9.9921741105618123e-01	  -9.8421370209949299e-01	   1.7698414787661199e-01	  -8.3222125326262164e-01	  -5.5444367217778878e-01	   7.7660430000000003e-02	   3.0656530999999998e-01	  -1.6761144000000000e-01	  -3.7194579999999999e-04	   8.4021433999999999e-04	   3.7020019000000000e-04	   0.0000000000000000e+00	
   4.3175435233844645e-01	   9.0199123013298121e-01	  -6.2717635847361730e-01	   7.7887727876204782e-01	  -9.7332659724797033e-01	  -2.2942392004690207e-01	  -4.3852364252804432e-01	   8.9871965314214419e-01	  -6.1539402988787195e-01	  -7.8821963181486732e-01	   9.7825330568092783e-01	  -2.0741376503100548e-01	  -2.4258037595672988e-01	   9.7013131131857178e-01	  -9.9997173674716100e-01	  -7.5183579900467094e-03	   6.2130275421757664e-01	  -7.8357060154248614e-01	   7.4342990999999997e-02	   2.9541508000000000e-01	  -1.9913023999999999e-01	  -3.3907764000000001e-04	   7.4928063000000004e-04	   4.6344447000000000e-04	   0.0000000000000000e+00	
  -4.8562222114497657e-02	  -9.9882015927958834e-01	  -9.9528342116660440e-01	   9.7009852854746600e-02	   1.4522857124563807e-01	   9.8939813123633435e-01	  -1.4387615160599712e-01	  -9.8959570178889122e-01	  -9.5859930599809628e-01	   2.8475844243844328e-01	   4.1971530976436860e-01	   9.0765580411816904e-01	   8.3782525892006354e-01	  -5.4593849059718114e-01	  -9.8144119085190662e-01	   1.9176336693746143e-01	   9.9541508211444585e-01	   9.5649434389811924e-02	   8.0081034999999995e-02	   2.9019373999999998e-01	  -1.5283422999999999e-01	  -4.1354846000000002e-04	   8.4528787999999997e-04	   3.9285219000000001e-04	   0.0000000000000000e+00	
  -7.6604444311886455e-01	   6.4278760968667448e-01	   1.7364817766658272e-01	  -9.8480775301226930e-01	   5.0000000000045819e-01	   8.6602540378417414e-01	   5.0184232077666879e-01	   8.6495912335640868e-01	  -4.9630857015497404e-01	   8.6814618768426621e-01	  -9.9997961011251346e-01	   6.3858718453706931e-03	  -5.0735560638145050e-01	  -8.6173678619013983e-01	  -9.4041852853178931e-01	  -3.4001910416049308e-01	   1.7155148622610550e-01	   9.8517515578378967e-01	   7.5064756999999996e-02	   2.7961332999999999e-01	  -1.7345706000000000e-01	  -6.7658946000000001e-04	   7.2334934000000003e-04	   6.0392653000000001e-04	   0.0000000000000000e+00	
   9.9211470131449220e-01	   1.2533323356419085e-01	   9.6858316112868792e-01	   2.4868988716463339e-01	   9.2977648588837758e-01	   3.6812455268435917e-01	  -8.4576794523853582e-01	   5.3355091866380011e-01	   4.3064683438603002e-01	  -9.0252052831683072e-01	   1.1731336875423057e-01	   9.9309494687644739e-01	  -6.2908660806658245e-01	  -7.7733521697610097e-01	  -9.0597047427898036e-01	   4.2334087888452182e-01	  -7.7222715046442314e-01	  -6.3534654172789606e-01	   7.4523009000000001e-02	   3.2310274999999999e-01	  -2.2468505000000000e-01	  -1.4142190000000001e-04	   7.6108030999999998e-04	   4.6596299000000000e-04	   0.0000000000000000e+00	
  -9.5603578153438085e-01	  -2.9325003738438898e-01	   8.2800883114810886e-01	   5.6071505735154148e-01	  -6.2717635847372211e-01	  -7.7887727876196333e-01	   4.3633897922520259e-01	  -8.9978235991194466e-01	  -6.1921659041741650e-01	  -7.8522023289764353e-01	  -9.7671564918929443e-01	   2.1453797013287657e-01	  -2.3314162830365900e-01	   9.7244279068329698e-01	  -6.8101688769947144e-01	   7.3226770969920940e-01	  -1.5329446633548902e-01	  -9.8818055363932233e-01	   7.9320892000000004e-02	   3.4416918000000002e-01	  -2.0133193999999999e-01	   6.4216127000000004e-06	   1.0762681000000001e-03	   2.3215268000000000e-04	   0.0000000000000000e+00	
   7.1339183199370340e-02	   9.9745211461024363e-01	  -9.8982144188089338e-01	   1.4231483827355904e-01	  -2.1256528955338247e-01	  -9.7714686597107125e-01	   7.5769460478540140e-01	   6.5260929037142457e-01	   1.4820222824181115e-01	   9.8895707669451560e-01	  -5.3311054727341145e-01	   8.4604559238012922e-01	  -9.5607219908832419e-01	   2.9313128480326989e-01	  -5.9689320247530797e-01	   8.0232069949538942e-01	   7.0499983091522833e-01	   7.0920747204855328e-01	   8.1309219000000002e-02	   3.0172431999999999e-01	  -2.2799838000000000e-01	  -4.8900818999999998e-04	   9.0171524999999996e-04	   3.5211520999999999e-04	   0.0000000000000000e+00	
   9.1162103827653251e-01	  -4.1103172939764243e-01	   6.6210583485676655e-01	  -7.4941034383615512e-01	   2.9555817896561920e-01	  -9.5532474208853557e-01	  -9.7916505979247392e-01	  -2.0306596386790432e-01	   9.1752842863679795e-01	   3.9767019330506576e-01	  -8.1765849758241560e-01	  -5.7570355334257473e-01	   6.8371683471342326e-01	   7.2974741515777730e-01	  -9.7609402276254187e-01	   2.1734870307236315e-01	  -8.0916091414169422e-01	   5.8758711271213027e-01	   7.6603477000000003e-02	   2.8351620000000000e-01	  -1.9137886000000001e-01	  -1.2790709999999999e-03	   8.2544601000000004e-04	   3.4864963000000001e-04	   0.0000000000000000e+00	
  -7.5574957435431278e-01	  -6.5486073394522226e-01	   1.4231483827344976e-01	   9.8982144188090904e-01	   5.4064081745538772e-01	  -8.4125353283131599e-01	   7.3433428857520777e-01	   6.7878800270978823e-01	   7.8493694754512955e-02	   9.9691461012655713e-01	  -6.1905306558481821e-01	   7.8534915928524351e-01	  -9.8767747976757070e-01	   1.5650302220717652e-01	  -1.1046121637674687e-01	  -9.9388043530223968e-01	  -9.9948443567223377e-01	   3.2107052947233414e-02	   9.4343384000000002e-02	   3.4234109000000001e-01	  -3.1862669999999998e-01	   2.3215120999999999e-04	   1.6243231000000000e-03	   5.4101373999999999e-04	   0.0000000000000000e+00	
  -1.5472933479023437e-01	   9.8795689832875377e-01	  -9.5211766591074309e-01	  -3.0573182735966259e-01	   4.4937040096703401e-01	  -8.9334553378562720e-01	   7.0464273845033926e-02	  -9.9751430371272976e-01	  -9.9006957222298408e-01	  -1.4057824212230427e-01	  -2.0999334077054582e-01	   9.7770281621361066e-01	   9.6047551568360556e-01	   2.7836448008377773e-01	   9.7459824731607592e-01	   2.2396039008814236e-01	  -9.9640402775311399e-01	  -8.4729059226287082e-02	   9.5294727999999995e-02	   3.4196891000000001e-01	  -3.3181551999999997e-01	  -5.3651627000000002e-04	   1.4924185000000001e-03	   3.3217233000000003e-04	   0.0000000000000000e+00	
   7.8479938527856596e-01	  -6.1974988896036520e-01	   2.3182015026723007e-01	  -9.7275866376510822e-01	  -4.2093476242875288e-01	  -9.0709091373414685e-01	  -5.9559127894816388e-01	  -8.0328763742565490e-01	  -2.9054205688178075e-01	   9.5686222267518961e-01	   9.4167990944106428e-01	  -3.3650995253494220e-01	  -8.3117062636580807e-01	  -5.5601743665704417e-01	  -9.6525709369357771e-01	  -2.6130201505963907e-01	   3.0417754501989736e-02	   9.9953727304741202e-01	   6.9397446000000002e-02	   3.4734818000000001e-01	  -2.4931354999999999e-01	  -6.0568028000000001e-04	   9.9316176000000000e-04	   2.3599244999999999e-04	   0.0000000000000000e+00	
  -9.8374484393203254e-01	  -1.7957194111870878e-01	   9.3550783592571796e-01	   3.5330594238079260e-01	  -8.5685717616784551e-01	  -5.1555385717659585e-01	   9.6472390152063425e-01	   2.6326373437069828e-01	   8.6138441233038887e-01	   5.0795363390198389e-01	   6.9727236042422869e-01	   7.1680628860831330e-01	   4.8396621161153874e-01	   8.7508668485949170e-01	  -9.0176738413181146e-01	  -4.3222168492114099e-01	  -9.9631694374602431e-01	   8.5746997641792277e-02	   8.1789163999999998e-02	   3.4413605000000003e-01	  -2.7773544999999999e-01	   1.6621750999999999e-04	   1.1787709000000001e-03	   3.0583165000000001e-04	   0.0000000000000000e+00	
   1.7364817766697394e-01	   9.8480775301220036e-01	  -9.3969262078587812e-01	   3.4202014332575192e-01	  -5.0000000000011502e-01	  -8.6602540378437221e-01	   0.0000000000000000e+00	   0.0000000000000000e+00	   0.0000000000000000e+00	   0.0000000000000000e+00	   0.0000000000000000e+00	   0.0000000000000000e+00	   0.0000000000000000e+00	   0.0000000000000000e+00	   0.0000000000000000e+00	   0.0000000000000000e+00	   0.0000000000000000e+00	   0.0000000000000000e+00	   8.6380364000000001e-02	   3.1228054000000000e-01	  -2.1446514999999999e-01	  -7.2164327000000001e-04	   1.1930777999999999e-03	   3.7801103999999999e-04	   0.0000000000000000e+00	
   9.0544823749314218e-01	  -4.2445669887582443e-01	   6.3967302155887540e-01	  -7.6864713977854526e-01	   2.5293338239165164e-01	  -9.6748369705743287e-01	  -7.4237318017466053e-02	  -9.9724060317135788e-01	  -9.8897764122714726e-01	   1.4806493559512351e-01	   2.2107541334535152e-01	   9.7525671574933637e-01	   9.5615354969442390e-01	  -2.9286582150662943e-01	  -4.9050350316218311e-01	  -8.7143921955901560e-01	   3.5606740565191802e-01	   9.3446027343719240e-01	   8.5854837000000003e-02	   2.8546969999999999e-01	  -1.9195959000000001e-01	  -1.3398582000000000e-03	   1.0735320000000001e-03	   2.4523170000000002e-04	   0.0000000000000000e+00	
  -5.5411474916127829e-02	  -9.9846360396742517e-01	  -9.9385913689523864e-01	   1.1065268189181515e-01	   1.6555387618459691e-01	   9.8620074735332419e-01	  -1.7809343351741208e-01	   9.8401358168369768e-01	  -9.3656545787595824e-01	  -3.5049271477963229e-01	   5.1168574973128544e-01	  -8.5917267968781008e-01	   7.5430971377280664e-01	   6.5651873979954789e-01	   9.9237016694487634e-01	   1.2329416757413277e-01	  -9.7263332729672203e-01	   2.3234545537132342e-01	   9.9123120999999995e-02	   3.0670406000000000e-01	  -2.6812861999999998e-01	  -1.5058014000000000e-05	   1.4947550000000000e-03	   3.0991264000000001e-04	   0.0000000000000000e+00	
  -9.9920939722729440e-01	   3.9756515097114475e-02	   9.9683883901466586e-01	  -7.9450166972091160e-02	  -9.9289207370190591e-01	   1.1901819180246817e-01	   7.1929425984299800e-01	  -6.9470552592945001e-01	   3.4768464486172566e-02	  -9.9939539416452872e-01	  -6.6927674598608122e-01	  -7.4301321474270066e-01	  -9.9758230775454748e-01	  -6.9494886539307701e-02	  -6.9110651307711213e-01	   7.2275292291515192e-01	  -7.4634465453643783e-01	  -6.6555965671372030e-01	   9.7202062000000006e-02	   3.0231879000000000e-01	  -2.2242823000000000e-01	  -8.3724684000000005e-04	   1.2070106999999999e-03	   2.9125797999999999e-04	   0.0000000000000000e+00	
  -1.7364817766686513e-01	   9.8480775301221957e-01	  -9.3969262078595373e-01	  -3.4202014332554431e-01	   4.9999999999982780e-01	  -8.6602540378453807e-01	  -4.6316016290359661e-02	   9.9892683747859690e-01	  -9.9570965326998229e-01	  -9.2532623355072299e-02	   1.3855062533300119e-01	  -9.9035535249719042e-01	   9.8287542723005661e-01	   1.8427125263408181e-01	  -9.7570820241528988e-01	  -2.1907419688206958e-01	   9.9179358606650947e-01	   1.2784945301929665e-01	   1.2263056000000000e-01	   3.0980949000000002e-01	  -2.7592945000000002e-01	  -3.4393219000000003e-04	   1.4780972999999999e-03	   5.0962171000000001e-04	   0.0000000000000000e+00	
   8.2444156034163918e-01	  -5.6594709433077162e-01	   3.5940777283711328e-01	  -9.3318061104175642e-01	  -2.3182015026815217e-01	  -9.7275866376488851e-01	  -3.0832375642560378e-01	  -9.5128148369638987e-01	  -8.0987292244720988e-01	   5.8660536094278537e-01	   8.0772987977821464e-01	   5.8955274684583636e-01	   3.1178830102636890e-01	  -9.5015159597986798e-01	  -7.9256991042655700e-01	  -6.0978105668054294e-01	   2.8418007275071694e-01	   9.5877092480498027e-01	   1.0356470000000000e-01	   3.2863375000000000e-01	  -1.9499709000000001e-01	  -7.8716168000000003e-05	   1.2960017000000000e-03	   4.3867590000000001e-04	   0.0000000000000000e+00	
  -9.9528342116662283e-01	  -9.7009852854557377e-02	   9.8117817689827425e-01	   1.9310459647190908e-01	  -9.5781732418806553e-01	  -2.8737775398456672e-01	   8.3522000784358774e-01	   5.4991593766480096e-01	   3.9518492300448554e-01	   9.1860158753941790e-01	  -1.7508729886063967e-01	   9.8455291263480860e-01	  -6.8765775325987766e-01	   7.2603499528712612e-01	  -7.7793336263814128e-01	  -6.2834678585516313e-01	  -8.8462789102861783e-01	   4.6629764573098570e-01	   1.0019340000000000e-01	   3.0894530999999997e-01	  -1.9829406999999999e-01	  -3.3036141999999999e-04	   1.1563089000000001e-03	   3.5988983000000000e-04	   0.0000000000000000e+00	
   6.3846454247001216e-01	   7.6965123790490853e-01	  -1.8472605601711620e-01	   9.8279005094087168e-01	  -8.7434661614452802e-01	   4.8530196253117852e-01	  -8.7049617895455678e-01	   4.9217517453191018e-01	   5.1552719514896750e-01	  -8.5687321761263979e-01	  -2.7032728094115915e-02	   9.9963454902868853e-01	  -4.6846342212367670e-01	  -8.8348289294823013e-01	  -9.3458417696266405e-01	  -3.5574206410125292e-01	  -1.7697771227356593e-01	  -9.8421485934648179e-01	   1.0200264000000001e-01	   3.3501398999999998e-01	  -2.2878286000000000e-01	  -4.2263270000000001e-04	   1.2022989000000000e-03	   3.6112241000000000e-04	   0.0000000000000000e+00	
   1.7364817766697371e-01	  -9.8480775301220036e-01	  -9.3969262078587823e-01	  -3.4202014332575148e-01	  -5.0000000000011435e-01	   8.6602540378437265e-01	   9.7962066317539798e-01	  -2.0085655647698797e-01	   9.1931328744041307e-01	  -3.9352646611822750e-01	   8.2153592144126641e-01	  -5.7015675895463103e-01	   6.9027384092899913e-01	  -7.2354821852391205e-01	  -2.7695751096550553e-02	  -9.9961639911077782e-01	   3.6791443702719079e-01	  -9.2985964910139274e-01	   9.0152167000000005e-02	   3.3162268000000000e-01	  -2.0813975000000001e-01	  -4.4501875000000003e-04	   1.0446176000000001e-03	   3.0286765999999998e-04	   0.0000000000000000e+00	
  -9.8374484393203254e-01	  -1.7957194111870878e-01	   9.3550783592571796e-01	   3.5330594238079260e-01	  -8.5685717616784551e-01	  -5.1555385717659585e-01	  -1.3466560913390066e-01	   9.9089110083631060e-01	  -9.6373034743319097e-01	  -2.6687790735896633e-01	   3.9422827768973306e-01	  -9.1901254891855899e-01	   8.5755236512739796e-01	   5.1439667676259915e-01	   3.1041283705487172e-01	  -9.5060184651174839e-01	  -4.5459639773989285e-02	   9.9896617617996408e-01	   9.5465364999999996e-02	   3.2335386999999999e-01	  -2.6412351000000001e-01	  -3.5671280999999998e-04	   1.3651409000000000e-03	   3.3548656000000000e-04	   0.0000000000000000e+00	
   3.7119724891816569e-01	   9.2855403848972906e-01	  -7.2442520479117067e-01	   6.8935340911847998e-01	  -9.0900653504908835e-01	  -4.1678186049545207e-01	  -8.2921650928710988e-01	  -5.5892752725706796e-01	   3.7520003854859912e-01	   9.2694386619316371e-01	   2.0697237678779215e-01	  -9.7834678680251830e-01	  -7.1844986214625950e-01	   6.9557874865612501e-01	   2.1119152565272881e-01	  -9.7744469894335850e-01	  -8.2679729966252835e-01	  -5.6249997801844509e-01	   9.4818880999999994e-02	   3.4994945999999999e-01	  -2.7560350000000000e-01	  -5.4153570000000002e-04	   1.2373645000000001e-03	   3.8865774999999997e-04	   0.0000000000000000e+00	
   1.1548463696947595e-01	  -9.9330926635365102e-01	  -9.7332659724805670e-01	  -2.2942392004653572e-01	  -3.4029317444133023e-01	   9.4031939011627452e-01	   5.1418832573088868e-01	  -8.5767730859692537e-01	  -4.7122073136413112e-01	  -8.8201531864965554e-01	  -9.9878072355050351e-01	  -4.9366651333998951e-02	  -5.5590204466530668e-01	   8.3124780705691570e-01	  -7.9255796603961104e-01	  -6.0979658121963498e-01	   9.1131967030156014e-01	  -4.1169947597908801e-01	   8.4576888000000003e-02	   3.2823066000000001e-01	  -1.9957282000000001e-01	  -7.1903069000000001e-04	   1.0994670000000000e-03	   1.6469054000000001e-04	   0.0000000000000000e+00	
  -9.6126169593827748e-01	   2.7563735581714355e-01	   8.4804809615626686e-01	  -5.2991926423345970e-01	  -6.6913060635852317e-01	   7.4314482547769600e-01	   7.8459095727844999e-02	   9.9691733373312796e-01	  -9.8768834059513766e-01	   1.5643446504023098e-01	  -2.3344536385590514e-01	  -9.7236992039767667e-01	   9.5105651629515353e-01	  -3.0901699437494762e-01	  -3.5020738125960815e-01	  -9.3667218924834506e-01	   1.9936793441734427e-01	   9.7992470462079972e-01	   8.4370047000000004e-02	   3.1247564999999999e-01	  -2.2594278000000001e-01	  -4.1615428999999999e-04	   1.1019541999999999e-03	   3.0215692000000000e-04	   0.0000000000000000e+00	
   7.2517630714332604e-01	   6.8856323134333020e-01	   5.1761352884063139e-02	   9.9865948268046378e-01	  -6.5010409366891120e-01	   7.5984516014443593e-01	  -8.2783228084957028e-02	  -9.9656757781288163e-01	  -9.8629387429566795e-01	   1.6499816219231389e-01	   2.4608040959418462e-01	   9.6924941682415178e-01	   9.4555121294631772e-01	  -3.2547335328064458e-01	   6.2616735599478091e-01	  -7.7968868292832449e-01	  -7.4623222726688621e-01	   6.6568570886590495e-01	   8.7494743000000000e-02	   3.0975866000000002e-01	  -1.8990522000000001e-01	  -1.2737014000000000e-03	   1.0624587999999999e-03	   2.7251732999999999e-04	   0.0000000000000000e+00	
   3.9110472049000516e-01	  -9.2034618356922360e-01	  -6.9407419522086988e-01	  -7.1990347375776831e-01	  -9.3401610873237229e-01	   3.5723088980159207e-01	   5.9676156168401850e-01	   8.0241861798966962e-01	  -2.8775127699290276e-01	   9.5770517519169429e-01	  -9.4019936455372899e-01	   3.4062465397085434e-01	  -8.3439840517790753e-01	  -5.5116177428824331e-01	   9.7189917647329027e-01	  -2.3539751649186982e-01	  -5.0510664891007651e-01	  -8.6305693510152193e-01	   9.2438450000000005e-02	   3.0194849000000001e-01	  -2.2657627000000000e-01	  -4.6848723000000002e-04	   1.1270916000000000e-03	   3.4808582000000002e-04	   0.0000000000000000e+00	
  -9.9766876919054326e-01	  -6.8242413364611676e-02	   9.9068594603634696e-01	   1.3616664909612883e-01	  -9.7908408768235911e-01	  -2.0345601305245919e-01	  -3.4059202314909620e-01	  -9.4021118572755003e-01	  -7.6799414753441109e-01	   6.4045685986871381e-01	   8.6373738409991774e-01	   5.0394219044274435e-01	   1.7963002129421346e-01	  -9.8373424025487721e-01	   2.7563574414482467e-01	   9.6126215807641613e-01	   4.0396030491772694e-01	  -9.1477651481155609e-01	   9.6110286000000003e-02	   3.0068299999999998e-01	  -1.9528957999999999e-01	  -9.0801732000000003e-04	   1.1816494000000000e-03	   4.2074655999999998e-04	   0.0000000000000000e+00	
   3.8666674294134717e-01	   9.2221951286184034e-01	  -7.0097765980626026e-01	   7.1318323063048727e-01	  -9.2875624012521585e-01	  -3.7069103904528428e-01	   7.8459095727844999e-02	   9.9691733373312796e-01	  -9.8768834059513766e-01	   1.5643446504023098e-01	  -2.3344536385590514e-01	  -9.7236992039767667e-01	   9.5105651629515353e-01	  -3.0901699437494762e-01	  -8.8903909487968091e-01	   4.5783128745807411e-01	   9.4971414087809924e-01	  -3.1311826937464687e-01	   9.9054574000000006e-02	   3.1445752999999999e-01	  -2.2376997000000001e-01	  -4.7099731000000003e-04	   1.2075548000000001e-03	   4.2601310000000002e-04	   0.0000000000000000e+00	
   3.5940777283746744e-01	  -9.3318061104162009e-01	  -7.4165210564802286e-01	  -6.7078473013915130e-01	  -8.9251883585981573e-01	   4.5101011921623135e-01	   2.1284275031557257e-01	  -9.7708646681760092e-01	  -9.0939592727620566e-01	  -4.1593154178716724e-01	  -5.9995941089006788e-01	   8.0003044022364711e-01	   6.5400190509309997e-01	   7.5649290025392568e-01	  -8.3530080728982536e-01	  -5.4979319870380894e-01	   9.8829548500086761e-01	   1.5255174311327899e-01	   1.0118637000000000e-01	   3.1695076999999999e-01	  -1.9040567999999999e-01	  -9.1914720000000000e-04	   1.1961636999999999e-03	   2.7518436000000001e-04	   0.0000000000000000e+00	
  -9.9026806874156115e-01	   1.3917310096013083e-01	   9.6126169593828248e-01	  -2.7563735581712617e-01	  -9.1354545764252026e-01	   4.0673664307598117e-01	  -2.4988338009099662e-03	   9.9999687790994396e-01	  -9.9998751165927091e-01	  -4.9976519986516098e-03	   7.4964389901538142e-03	  -9.9997190130646518e-01	   9.9995004694900069e-01	   9.9951791725412086e-03	  -1.3669815112704281e-01	  -9.9061274748432759e-01	   1.4164718177130953e-01	   9.8991720658661431e-01	   1.1540667000000000e-01	   3.2388223999999999e-01	  -2.2566899000000001e-01	  -3.8443940000000001e-04	   1.4222357000000000e-03	   4.0252951999999998e-04	   0.0000000000000000e+00	
   3.7841105004248421e-01	   9.2563765978148516e-01	  -7.1361015441148901e-01	   7.0054303759355918e-01	  -9.1848698574614585e-01	  -3.9545120687002500e-01	   6.0267699417154885e-01	  -7.9798523839501367e-01	  -2.7356088139269374e-01	  -9.6185468973834742e-01	  -9.3241469361288598e-01	  -3.6139014808761449e-01	  -8.5032888834330511e-01	   5.2625163339303660e-01	   9.6670482280903502e-01	   2.5589409050963280e-01	  -5.1058555440722686e-01	   8.5982695446855162e-01	   1.0550321000000000e-01	   3.1284195999999997e-01	  -2.1126918000000000e-01	  -1.1994279000000000e-03	   1.1068966000000000e-03	   3.8153888000000001e-04	   0.0000000000000000e+00	
   9.3401610873252006e-01	  -3.5723088980120599e-01	   7.4477218274367729e-01	  -6.6731881122235615e-01	   4.5724232330442866e-01	  -8.8934214888262686e-01	  -8.1005611179010850e-01	   5.8635236483832087e-01	   3.1238180849701741e-01	  -9.4995663359973059e-01	   3.0396252541999608e-01	   9.5268398912771612e-01	  -8.0483521144026549e-01	  -5.9349834239524479e-01	  -5.4714228036095758e-01	   8.3703961975608498e-01	  -9.6606863441742707e-01	  -2.5828548854871369e-01	   1.1108426000000000e-01	   3.3281017000000002e-01	  -2.3501725000000001e-01	  -7.9758488000000001e-04	   1.3277230000000001e-03	   4.1594142000000002e-04	   0.0000000000000000e+00	
  -7.2599549192304336e-01	  -6.8769945885351558e-01	   5.4138908585163542e-02	   9.9853341385113759e-01	   6.4738628478211813e-01	  -7.6216205512738977e-01	   9.4232053490206802e-01	  -3.3471183053767373e-01	   7.7593598099623917e-01	  -6.3081166238062214e-01	   5.2004028242220590e-01	  -8.5414173569626739e-01	   2.0415329320919198e-01	  -9.7893893214635286e-01	  -9.1430160501803992e-01	  -4.0503404185504716e-01	  -4.5393931555278438e-01	  -8.9103260198236833e-01	   1.0871999000000000e-01	   3.6242136000000003e-01	  -2.2748867000000000e-01	  -1.7275646000000000e-05	   1.5520867000000001e-03	   3.5181189999999998e-04	   0.0000000000000000e+00	
  -5.3932003449916277e-01	   8.4210088492283508e-01	  -4.1826780077564379e-01	  -9.0832375661671783e-01	   9.9048044398758106e-01	   1.3765351458703967e-01	  -7.7160496011423219e-01	   6.3610202446393316e-01	   1.9074842894577163e-01	  -9.8163895443015092e-01	   4.7724009229712344e-01	   8.7877294809537299e-01	  -9.2723007370943988e-01	  -3.7449217669904239e-01	  -1.1952006399375173e-01	  -9.9283178550191953e-01	   9.5180409141081779e-01	  -3.0670665394416807e-01	   1.0907515000000000e-01	   3.8010347000000000e-01	  -2.7111848000000000e-01	   1.3108231000000001e-04	   1.5212176000000000e-03	   4.5787269000000002e-04	   0.0000000000000000e+00	
   8.4125353283124105e-01	   5.4064081745550441e-01	   4.1541501300208783e-01	   9.0963199535442640e-01	  -1.4231483827295641e-01	   9.8982144188097998e-01	  -3.6067811310477588e-01	  -9.3269035522362864e-01	  -7.3982259745435697e-01	   6.7280199486616299e-01	   8.9435375006899920e-01	   4.4736044722071500e-01	   9.4674951408223101e-02	  -9.9550823882871542e-01	   2.0082873921666897e-01	  -9.7962636627677757e-01	  -8.0767221294526614e-01	   5.8963174646222760e-01	   9.1015434000000006e-02	   3.6710957999999999e-01	  -2.1669799000000001e-01	  -7.6159149000000004e-04	   1.0133047000000000e-03	   2.3441970999999999e-04	   0.0000000000000000e+00	
   5.5360170826949728e-01	  -8.3278157316375245e-01	  -3.8705029720218881e-01	  -9.2205860303762543e-01	  -9.8214511970419383e-01	  -1.8812486236867990e-01	   8.2034686739230256e-01	   5.7186625810554337e-01	   3.4593796568072821e-01	   9.3825738680848092e-01	  -2.5276861447580007e-01	   9.6752675804650712e-01	  -7.6065384780135858e-01	   6.4915770335488399e-01	   9.3038510922631223e-01	  -3.6658361737800438e-01	  -2.2094254902492935e-02	  -9.9975589215583205e-01	   9.0710500999999999e-02	   3.5777913000000000e-01	  -2.5434037999999998e-01	   2.3656327000000000e-04	   1.0520292000000000e-03	   1.6825533000000000e-04	   0.0000000000000000e+00	
  -9.1354545764259021e-01	  -4.0673664307582413e-01	   6.6913060635881927e-01	   7.4314482547742933e-01	  -3.0901699437487351e-01	  -9.5105651629517762e-01	   0.0000000000000000e+00	   0.0000000000000000e+00	   0.0000000000000000e+00	   0.0000000000000000e+00	   0.0000000000000000e+00	   0.0000000000000000e+00	   0.0000000000000000e+00	   0.0000000000000000e+00	   0.0000000000000000e+00	   0.0000000000000000e+00	   0.0000000000000000e+00	   0.0000000000000000e+00	   9.6425287999999998e-02	   3.6625490999999999e-01	  -2.7223733999999999e-01	  -1.5082934000000000e-04	   1.2881761000000001e-03	   2.6979884999999999e-04	   0.0000000000000000e+00	
   1.2604971122037839e-01	   9.9202392627459302e-01	  -9.6822294060251846e-01	   2.5008865886123682e-01	  -3.7013815534016448e-01	  -9.2897671981669183e-01	   1.9003293309457528e-01	  -9.8177771635919331e-01	  -9.2777496867894538e-01	  -3.7314019817326299e-01	  -5.4264853019415071e-01	   8.3995986373048082e-01	   7.2153278501443607e-01	   6.9238027134610902e-01	   9.9790058125048342e-01	   6.4764418780278735e-02	  -9.4999338857261806e-01	   3.1227001403963650e-01	   8.5732837000000006e-02	   3.6609985000000000e-01	  -2.3225098999999999e-01	  -6.9187407999999999e-04	   1.0506787000000000e-03	   2.2313467999999999e-04	   0.0000000000000000e+00	
   1.0000000000000000e+00	  -2.4492935982947064e-16	   1.0000000000000000e+00	  -4.8985871965894128e-16	   1.0000000000000000e+00	  -7.3478807948841188e-16	   5.6807353516903014e-01	   8.2297779960370776e-01	  -3.5458491728112124e-01	   9.3502381597301598e-01	  -9.7093415012403961e-01	   2.3934676961034798e-01	  -7.4853907287348087e-01	  -6.6309068488534040e-01	   5.6807353516903036e-01	   8.2297779960370765e-01	   5.6807353516903003e-01	  -8.2297779960370798e-01	   9.0966861999999996e-02	   3.5688008999999998e-01	  -2.8208698999999998e-01	  -4.8183877999999998e-04	   9.7613229999999999e-04	   3.2190210999999999e-04	   0.0000000000000000e+00	
  -6.5486073394525735e-01	  -7.5574957435428236e-01	  -1.4231483827335772e-01	   9.8982144188092225e-01	   8.4125353283124060e-01	  -5.4064081745550507e-01	  -7.7160496011423230e-01	  -6.3610202446393294e-01	   1.9074842894577210e-01	   9.8163895443015081e-01	   4.7724009229712278e-01	  -8.7877294809537332e-01	  -9.2723007370943944e-01	   3.7449217669904328e-01	   2.4559956261693064e-02	   9.9969835878049917e-01	   9.8602762473072181e-01	   1.6658188157146886e-01	   8.5766841999999996e-02	   3.6059639999999998e-01	  -2.3141423000000000e-01	  -2.0403412000000000e-04	   1.2112408000000000e-03	   4.1562659000000002e-04	   0.0000000000000000e+00	
  -7.7148917982192267e-01	   6.3624244232658445e-01	   1.9039110916460583e-01	  -9.8170831999686703e-01	   4.7771981851234685e-01	   8.7851225091089669e-01	   9.8188308969935723e-01	   1.8948772562475924e-01	   9.2818880367511192e-01	   3.7210958699308533e-01	   8.4086269105438072e-01	   5.4124849634228556e-01	   7.2306891053567091e-01	   6.9077590477430373e-01	  -8.7807231289557897e-01	   4.7852796504092476e-01	  -6.3695204621076584e-01	   7.7090342509805876e-01	   8.4028210000000006e-02	   3.5224540999999998e-01	  -2.4924217000000001e-01	  -5.6441586000000000e-04	   9.7697612999999997e-04	   4.3791647000000002e-04	   0.0000000000000000e+00	
   3.7460659341585062e-01	   9.2718385456681218e-01	  -7.1933980033874323e-01	   6.9465837045890200e-01	  -9.1354545764252015e-01	  -4.0673664307598156e-01	  -9.5190019677606441e-01	   3.0640824952616702e-01	   8.1222796924462037e-01	  -5.8334014603553563e-01	  -5.9441973072589060e-01	   8.0415495007104187e-01	   3.1942854804647991e-01	  -9.4761036438660673e-01	  -6.4068487185290068e-01	  -7.6780394306022692e-01	  -7.2491308119418230e-02	  -9.9736904415924976e-01	   9.6969265999999998e-02	   3.9042791999999998e-01	  -2.7698513000000002e-01	  -7.2262550000000005e-05	   1.1793594000000000e-03	   4.6456072999999999e-04	   0.0000000000000000e+00	
   8.3018403081560299e-01	  -5.5748943934280770e-01	   3.7841105004248399e-01	  -9.2563765978148527e-01	  -2.0188240915673458e-01	  -9.7940976760142273e-01	   9.0504563450081832e-01	  -4.2531447126921418e-01	   6.3821520105797758e-01	  -7.6985801102445195e-01	   2.5018212867834927e-01	  -9.6819879285711252e-01	  -1.8536271427705051e-01	  -9.8267017058413075e-01	   5.1424610678969740e-01	  -8.5764266548000001e-01	   9.8846275905421110e-01	  -1.5146410123503365e-01	   9.2690674000000001e-02	   3.6727437000000002e-01	  -2.3280410000000001e-01	  -8.7754108000000003e-04	   1.0621405000000000e-03	   3.6286404999999998e-04	   0.0000000000000000e+00	
  -2.5293338239165247e-01	  -9.6748369705743265e-01	  -8.7204940814383625e-01	   4.8941784781103453e-01	   6.9407419522057068e-01	   7.1990347375805674e-01	  -4.5893120712744861e-01	   8.8847180434977391e-01	  -5.7876429424908571e-01	  -8.1549487533788811e-01	   9.9015719953144621e-01	  -1.3995970925964338e-01	  -3.3006378340471548e-01	   9.4395863197735796e-01	   9.7566100850743687e-01	   2.1928428233289160e-01	  -7.4350296349977751e-01	   6.6873263960049711e-01	   1.2015308000000000e-01	   3.7202716000000002e-01	  -2.6332330999999998e-01	   6.0850974999999996e-04	   1.5194863999999999e-03	   4.1411779000000002e-04	   0.0000000000000000e+00	
  -8.9182475721539090e-01	   4.5238103675741004e-01	   5.9070279516458168e-01	  -8.0688921655004797e-01	  -1.6178199655282124e-01	   9.8682652254151693e-01	   2.1284275031557257e-01	  -9.7708646681760092e-01	  -9.0939592727620566e-01	  -4.1593154178716724e-01	  -5.9995941089006788e-01	   8.0003044022364711e-01	   6.5400190509309997e-01	   7.5649290025392568e-01	   2.5219695473533904e-01	   9.6767592510210843e-01	  -6.3183382298582258e-01	  -7.7510387699399375e-01	   1.1565097000000001e-01	   3.5803964999999999e-01	  -2.0695574000000000e-01	  -7.0182082999999996e-04	   1.3665325999999999e-03	   3.4872860000000001e-04	   0.0000000000000000e+00	
   3.4946417959898585e-01	   9.3694972499980367e-01	  -7.5574957435441548e-01	   6.5486073394510358e-01	  -8.7767898956708301e-01	  -4.7924898672037297e-01	   1.3236112202171349e-01	   9.9120156041904672e-01	  -9.6496106675430615e-01	   2.6239310137347654e-01	  -3.8780778102745261e-01	  -9.2174026980194557e-01	   8.6229972070321692e-01	  -5.0639825402064143e-01	  -8.8245055853588272e-01	   4.7040515700798669e-01	   9.7496150037212148e-01	  -2.2237372325016683e-01	   1.2032229000000000e-01	   3.6352310999999998e-01	  -2.6910455999999999e-01	  -1.9018936999999999e-04	   1.4137151000000001e-03	   3.9354450999999998e-04	   0.0000000000000000e+00	
   9.5450406277151323e-01	  -2.9819791104679977e-01	   8.2215601169464980e-01	  -5.6926223520829733e-01	   6.1499844401761938e-01	  -7.8852832153062646e-01	  -8.2921650928710988e-01	  -5.5892752725706796e-01	   3.7520003854859912e-01	   9.2694386619316371e-01	   2.0697237678779215e-01	  -9.7834678680251830e-01	  -7.1844986214625950e-01	   6.9557874865612501e-01	  -9.5816154808636977e-01	  -2.8622796468677086e-01	  -6.2481950597714775e-01	   7.8076922643664248e-01	   1.0945789000000000e-01	   3.7097920000000001e-01	  -2.2823647999999999e-01	  -7.0292925999999997e-04	   1.4585713000000000e-03	   3.7667522000000002e-04	   0.0000000000000000e+00	
   9.6810870703200796e-02	  -9.9530279579316372e-01	  -9.8125531062737625e-01	  -1.9271226054813248e-01	  -2.8680323271115293e-01	   9.5798951231547014e-01	   6.8984682516241380e-01	   7.2395535622946949e-01	  -4.8222715626676071e-02	   9.9883660810844765e-01	  -7.5637939971395862e-01	   6.5413316968974411e-01	  -9.9534913939517744e-01	  -9.6333227420654727e-02	   7.8733946188043902e-01	  -6.1651972536636712e-01	  -6.5377011828881471e-01	  -7.5669322214000911e-01	   1.0599722000000000e-01	   3.4616089000000000e-01	  -2.4711526000000000e-01	  -3.8749126000000000e-04	   1.2262626000000001e-03	   3.6406843000000001e-04	   0.0000000000000000e+00	
  -8.6602540378447412e-01	  -4.9999999999993860e-01	   5.0000000000012279e-01	   8.6602540378436776e-01	  -2.1181509026833139e-13	  -1.0000000000000000e+00	  -8.9932756406660741e-01	  -4.3727557959486152e-01	   6.1758013497995590e-01	   7.8650796364572151e-01	  -2.1148611274829404e-01	  -9.7738100253412741e-01	  -2.3718955375627904e-01	   9.7146338870226978e-01	   5.6020272700788731e-01	   8.2835554241697840e-01	   9.9747830660269510e-01	   7.0972021649518602e-02	   1.1081507000000000e-01	   3.6262136000000000e-01	  -2.3421671999999999e-01	  -3.2049410999999999e-04	   1.4721598000000001e-03	   4.3073975000000001e-04	   0.0000000000000000e+00	
  -7.2052159360081292e-01	   6.9343250079221486e-01	   3.8302733690109801e-02	  -9.9926618105080711e-01	   6.6532570016548198e-01	   7.4655322161203697e-01	   9.1015946170038831e-01	   4.1425807690045025e-01	   6.5678049144548134e-01	   7.5408181655350370e-01	   2.8539049539828332e-01	   9.5841132356432557e-01	  -1.3727877211326400e-01	   9.9053245213222296e-01	  -9.4304956001367468e-01	   3.3265226191627595e-01	  -3.6852953153676893e-01	   9.2961604137691689e-01	   1.0792183000000000e-01	   3.6401761999999999e-01	  -2.5335138000000001e-01	  -2.2922346999999999e-04	   1.1637686999999999e-03	   4.4319938999999998e-04	   0.0000000000000000e+00	
   6.2348980185877734e-01	   7.8183148246799483e-01	  -2.2252093395620501e-01	   9.7492791218184860e-01	  -9.0096886790234609e-01	   4.3388373911770983e-01	  -9.9776446121783802e-01	   6.6828735815347096e-02	   9.9106784013864513e-01	  -1.3335867516933805e-01	  -9.7994007787468507e-01	   1.9929235754277227e-01	   9.6443092751415793e-01	  -2.6433498832765406e-01	  -6.7434477582041430e-01	  -7.3841663261583923e-01	  -5.6984715663246466e-01	  -8.2175070311980580e-01	   1.0820998000000000e-01	   3.7208080999999998e-01	  -2.5537803999999997e-01	  -4.1871368000000002e-04	   1.1280861000000000e-03	   4.5983519999999998e-04	   0.0000000000000000e+00	
   3.0901699437487207e-01	  -9.5105651629517807e-01	  -8.0901699437504060e-01	  -5.8778525229234491e-01	  -8.0901699437480712e-01	   5.8778525229266620e-01	   9.7357995955063736e-01	  -2.2834636489635501e-01	   8.9571587527724139e-01	  -4.4462688939865680e-01	   7.7052209169192454e-01	  -6.3741329309538364e-01	   6.0461385844734916e-01	  -7.9651872681903013e-01	   8.3682454576951643e-02	  -9.9649247202172908e-01	   5.1802305119094239e-01	  -8.5536665730833006e-01	   1.1515294000000000e-01	   3.9995091999999999e-01	  -2.3666096000000000e-01	   6.9828855999999996e-04	   1.2713528000000000e-03	   4.0170766999999999e-04	   0.0000000000000000e+00	
  -9.6962788297189695e-01	  -2.4458489030076511e-01	   8.8035646287312541e-01	   4.7431265877848905e-01	  -7.3760846374069500e-01	  -6.7522866809555104e-01	  -4.9244705396027466e-01	   8.7034240333666746e-01	  -5.1499179809169271e-01	  -8.5719510491969408e-01	   9.9965944152819197e-01	  -2.6095995162923744e-02	  -4.6956689579657046e-01	   8.8289689679598082e-01	   6.9036299565145165e-01	  -7.2346315333619704e-01	   2.6461779316304557e-01	   9.6435337067981441e-01	   1.3205810000000001e-01	   3.9645445000000001e-01	  -3.0250995000000003e-01	   8.6893082000000005e-04	   1.7913686000000000e-03	   5.2679785000000004e-04	   0.0000000000000000e+00	
   2.4548548714085672e-01	   9.6940026593931583e-01	  -8.7947375120643256e-01	   4.7594739303717798e-01	  -6.7728157162587210e-01	  -7.3572391067301102e-01	  -9.4741062957081024e-01	  -3.2002046649588045e-01	   7.9517380204751809e-01	   6.0638158327681302e-01	  -5.5930159526129775e-01	  -8.2896424864897977e-01	   2.6460275092541102e-01	   9.6435749813163418e-01	   7.7652365404514340e-02	  -9.9698049637246355e-01	  -5.4280348524974653e-01	  -8.3985973614689269e-01	   1.0617351000000000e-01	   3.7984781000000001e-01	  -2.3192942999999999e-01	  -4.2041201999999997e-04	   1.2384683000000000e-03	   4.3512786999999999e-04	   0.0000000000000000e+00	
   6.9407419522057079e-01	  -7.1990347375805663e-01	  -3.6522023057833850e-02	  -9.9933284837023295e-01	  -7.4477218274395651e-01	  -6.6731881122204439e-01	   4.5652437065948109e-01	   8.8971090753905269e-01	  -5.8317099798792948e-01	   8.1234942426628354e-01	  -9.8898791634608307e-01	  -1.4799628820153890e-01	  -3.1982317421152473e-01	  -9.4747724892857699e-01	   9.5736775814185404e-01	   2.8887190183616063e-01	  -3.2364418781374027e-01	  -9.4617886242210270e-01	   1.1517544000000000e-01	   3.9805523999999998e-01	  -2.8778240999999999e-01	   1.0945341000000000e-04	   1.2614060000000001e-03	   4.6448102000000002e-04	   0.0000000000000000e+00	
  -8.8294759285894353e-01	  -4.6947156278585950e-01	   5.5919290347080552e-01	   8.2903757255500210e-01	  -1.0452846326775872e-01	  -9.9452189536826230e-01	  -8.6221183227673948e-01	  -5.0654788152946384e-01	   4.8681848743602463e-01	   8.7350315413883950e-01	   2.2730512199927687e-02	  -9.9974162852965609e-01	  -5.2601552058100220e-01	   8.5047496853693305e-01	   5.2347803627574252e-01	   8.5203916901565768e-01	   9.9909768741075011e-01	  -4.2471296312817125e-02	   1.1910435000000000e-01	   3.8747495999999998e-01	  -2.7059070000000002e-01	  -2.8029501000000003e-04	   1.5070649999999999e-03	   4.8037682000000000e-04	   0.0000000000000000e+00	
  -1.0937120837798013e-01	   9.9400097523993425e-01	  -9.7607587755588088e-01	  -2.1743017558176464e-01	   3.2288040477174806e-01	  -9.4643977315750638e-01	   9.5938623763960917e-01	   2.8209581178690912e-01	   8.4084390594456948e-01	   5.4127767904826818e-01	   6.5400190509309875e-01	   7.5649290025392679e-01	   4.1403694832824001e-01	   9.1026007570311374e-01	  -3.8533274413913671e-01	   9.2277769603204141e-01	   1.7547427991544057e-01	   9.8448401565904442e-01	   1.0267602000000001e-01	   3.9097684999999999e-01	  -2.8347861000000002e-01	  -1.8063970000000001e-04	   1.1270219000000001e-03	   4.4547484000000002e-04	   0.0000000000000000e+00	
   9.9750902515076822e-01	   7.0538959042247995e-02	   9.9004851051447207e-01	   1.4072649653876554e-01	   9.7765562399975425e-01	   2.1021294170828597e-01	  -9.7672309436896687e-01	   2.1450407205064942e-01	   9.0797600614737961e-01	  -4.1902216201610826e-01	  -7.9695917430512286e-01	   6.0403317333644591e-01	   6.4884085547869264e-01	  -7.6092413830925243e-01	  -9.8942099565900621e-01	   1.4507271745280337e-01	  -9.5915920775345387e-01	  -2.8286677815142353e-01	   1.1443294000000000e-01	   3.8425798000000000e-01	  -3.0281219999999998e-01	  -2.5314883999999997e-04	   1.4881598000000000e-03	   5.0005944000000005e-04	   0.0000000000000000e+00	
  -3.2908887327591657e-01	  -9.4429895344958825e-01	  -7.8340102697197544e-01	   6.2151655725270438e-01	   8.4470599585472372e-01	   5.3523058635234921e-01	   5.4433822815977417e-01	  -8.3886583752342525e-01	  -4.0739178672775522e-01	  -9.1325348732253264e-01	  -9.8785607486823601e-01	  -1.5537173277633920e-01	  -6.6806386421353448e-01	   7.4410393987135981e-01	  -9.7127578664409187e-01	  -2.3795660587363504e-01	   6.1300447827187388e-01	  -7.9007943247412005e-01	   1.0341449000000000e-01	   3.7176780999999998e-01	  -2.4543387999999999e-01	  -3.2059160000000000e-04	   1.2713274000000000e-03	   4.5336749999999999e-04	   0.0000000000000000e+00	
  -9.8934336807509815e-01	   1.4560116773508652e-01	   9.5760059990835844e-01	  -2.8809909936539563e-01	  -9.0544823749304149e-01	   4.2445669887603926e-01	  -2.5931068926884981e-01	   9.6579395650983135e-01	  -8.6551593286182804e-01	  -5.0088139310850788e-01	   7.0818575551599405e-01	  -7.0602615793201373e-01	   4.9823566007536074e-01	   8.6704165241888442e-01	   1.1592658283979852e-01	  -9.9325778496374617e-01	   3.9716803855843991e-01	   9.1774590663627675e-01	   1.1629473999999999e-01	   3.9214015000000002e-01	  -2.7950492999999998e-01	   3.6082157000000001e-05	   1.5992344000000001e-03	   5.6141562999999998e-04	   0.0000000000000000e+00	
   5.5005500344490899e-01	   8.3512842915639096e-01	  -3.9487898637044222e-01	   9.1873314195312017e-01	  -9.8446532786154062e-01	   1.7557909396756044e-01	   6.9973111455393899e-01	  -7.1440630409109784e-01	  -2.0752734650204462e-02	  -9.9978463881204849e-01	  -7.2877378284759853e-01	  -6.8475453516862628e-01	  -9.9913864800907637e-01	   4.1496530633233900e-02	   9.8151161514149854e-01	   1.9140258447138830e-01	  -2.1173041388854466e-01	   9.7732810858717534e-01	   1.1215963000000000e-01	   3.9991634999999998e-01	  -2.7511395999999999e-01	  -6.5651586999999998e-04	   1.4537284000000000e-03	   4.2756157999999998e-04	   0.0000000000000000e+00	
   5.9927766651136882e-01	  -8.0054124092434398e-01	  -2.8173255684137710e-01	  -9.5949297361451280e-01	  -9.3694972499973272e-01	  -3.4946417959917619e-01	  -2.7853114750159169e-01	   9.6042719654924735e-01	  -8.4484079974289317e-01	  -5.3501777829319719e-01	   7.4916010231869257e-01	  -6.6238896510573453e-01	   4.2751195382042262e-01	   9.0400969537978126e-01	   6.0194408361753549e-01	   7.9853823965909443e-01	  -9.3577907586851106e-01	  -3.5258689874508309e-01	   1.1431410000000000e-01	   4.0277983000000001e-01	  -2.8935701000000003e-01	   1.2592823999999999e-04	   1.5574194999999999e-03	   3.5501339000000001e-04	   0.0000000000000000e+00	
  -9.3456446459945097e-01	   3.5579384692254240e-01	   7.4682147698411694e-01	  -6.6502457211388977e-01	  -4.6134116297861383e-01	   8.8722281944365022e-01	   7.2903514619372434e-01	  -6.8447626373329773e-01	   6.2984488771410219e-02	  -9.9801450599387787e-01	  -6.3719933423492037e-01	  -7.7069903882811108e-01	  -9.9206590834840824e-01	  -1.2571886689295184e-01	  -4.3779789807588182e-01	   8.9907341215294523e-01	  -9.2486278407755917e-01	  -3.8030097374093863e-01	   1.2672490000000000e-01	   4.2413424999999999e-01	  -2.6365324000000001e-01	   2.4058702000000001e-04	   1.7059294000000000e-03	   4.5719416000000003e-04	   0.0000000000000000e+00	
   8.9023845080837416e-01	   4.5549478669058990e-01	   5.8504899859538806e-01	   8.1099794650944323e-01	   1.5142777750472353e-01	   9.8846832432808895e-01	  -3.1959298235239109e-01	   9.4755491958572202e-01	  -7.9572065126220848e-01	  -6.0566380538616205e-01	   8.2820645446494356e-01	  -5.6042311585319826e-01	   2.6634270969030638e-01	   9.6387839533564879e-01	  -7.1612028747293821e-01	   6.9797688634343502e-01	   1.4709236447569671e-01	  -9.8912276099225860e-01	   1.2785816999999999e-01	   4.1060089999999999e-01	  -2.6301579000000003e-01	   1.4604630000000001e-04	   1.7437748000000001e-03	   5.5865568000000002e-04	   0.0000000000000000e+00	
  -3.7877888561069128e-01	  -9.2548719916351241e-01	  -7.1305311163104568e-01	   7.0111001989223021e-01	   9.1895781162037793e-01	   3.9435585511297527e-01	   7.7074326632953827e-01	  -6.3714583684402615e-01	   1.8809036518465116e-01	  -9.8215172683486363e-01	  -4.8080450147447240e-01	  -8.7682782309977148e-01	  -9.2924402904940906e-01	  -3.6946655393421052e-01	  -8.8161159151171675e-01	  -4.7197563677818993e-01	   2.9772904048722326e-01	  -9.5465041688073304e-01	   1.3566149000000000e-01	   4.1664922999999998e-01	  -2.5316474000000000e-01	   7.4321404000000002e-04	   1.9450755000000001e-03	   4.7323360999999999e-04	   0.0000000000000000e+00	
  -6.1210598254756488e-01	   7.9077573693777437e-01	  -2.5065253225896034e-01	  -9.6807711886614223e-01	   9.1895781162037715e-01	   3.9435585511297711e-01	  -4.0948261460712393e-01	   9.1231792064746464e-01	  -6.6464797666902720e-01	  -7.4715665499931694e-01	   9.5380619716665993e-01	  -3.0042259942699812e-01	  -1.1648613421953656e-01	   9.9319231800018881e-01	  -4.7079211787129760e-01	  -8.8224417354282270e-01	   9.7208563417177629e-01	   2.3462634088451259e-01	   1.3904738999999999e-01	   4.0787337000000001e-01	  -2.6982516000000001e-01	   6.2883634000000002e-05	   2.1002884999999998e-03	   6.0851552999999995e-04	   0.0000000000000000e+00	
   9.7952994125245463e-01	  -2.0129852008885429e-01	   9.1895781162007428e-01	  -3.9435585511368298e-01	   8.2076344120693656e-01	  -5.7126821509528047e-01	   3.0369800243723644e-01	  -9.5276834714196523e-01	  -8.1553504663126464e-01	  -5.7870768762488456e-01	  -7.9905073159618356e-01	   6.0126360968846593e-01	   3.3019482456771809e-01	   9.4391280202606320e-01	   1.0569042821865263e-01	  -9.9439908154772438e-01	   4.8927214475301539e-01	   8.7213116465861051e-01	   1.3789644000000001e-01	   4.0241687999999998e-01	  -2.6224715999999998e-01	  -3.3898241999999999e-04	   1.9493492000000000e-03	   4.2301974999999999e-04	   0.0000000000000000e+00	
  -7.8479938527868376e-01	  -6.1974988896021610e-01	   2.3182015026759972e-01	   9.7275866376502018e-01	   4.2093476242823463e-01	  -9.0709091373438733e-01	  -4.6316016290359661e-02	   9.9892683747859690e-01	  -9.9570965326998229e-01	  -9.2532623355072299e-02	   1.3855062533300119e-01	  -9.9035535249719042e-01	   9.8287542723005661e-01	   1.8427125263408181e-01	   6.5543357771997179e-01	  -7.5525282203855260e-01	  -5.8273601549350862e-01	   8.1266151394461228e-01	   1.4575768000000000e-01	   4.3336198999999997e-01	  -2.9158909999999999e-01	   1.2658798000000000e-03	   2.3279158000000001e-03	   5.3039782999999999e-04	   0.0000000000000000e+00	
   4.8058175518686802e-01	   8.7694992820657058e-01	  -5.3808235316301856e-01	   8.4289227141702316e-01	  -9.9776687862319524e-01	  -6.6792633744492708e-02	  -7.2794146574352847e-01	  -6.8563928012560904e-01	   5.9797555097673261e-02	   9.9821052509194708e-01	   6.4088322593216873e-01	  -7.6763838538648954e-01	  -9.9284850480868148e-01	   1.1938109774652612e-01	   2.5143593020143085e-01	  -9.6787394479019895e-01	  -9.5110670476208381e-01	  -3.0886248745454720e-01	   1.2513595000000000e-01	   3.9796464999999998e-01	  -2.1264400999999999e-01	  -7.6649775000000003e-04	   1.7417839999999999e-03	   2.8489424000000002e-04	   0.0000000000000000e+00	
   3.6220956382956110e-01	  -9.3209668590248673e-01	  -7.3760846374079814e-01	  -6.7522866809543836e-01	  -8.9654724368665506e-01	   4.4294812319035914e-01	   5.2039596405507393e-01	   8.5392507902929637e-01	  -4.5837608119038031e-01	   8.8875832946451194e-01	  -9.9747008939678361e-01	   7.1087416318027050e-02	  -5.7978273638509981e-01	  -8.1477112037050370e-01	   9.8443313133127874e-01	  -1.7575952303443870e-01	  -6.0744834101317435e-01	  -7.9435918387108884e-01	   1.3662220999999999e-01	   4.0463772999999997e-01	  -2.7674045000000003e-01	   9.8241575000000003e-05	   2.1159775000000000e-03	   3.4194773000000001e-04	   0.0000000000000000e+00	
  -9.3175256845664434e-01	   3.6309386000653643e-01	   7.3632569765110745e-01	  -6.7662727330385508e-01	  -4.4039415155745515e-01	   8.9780453957082951e-01	  -7.7160496011423230e-01	  -6.3610202446393294e-01	   1.9074842894577210e-01	   9.8163895443015081e-01	   4.7724009229712278e-01	  -8.7877294809537332e-01	  -9.2723007370943944e-01	   3.7449217669904328e-01	   9.4990964284090429e-01	   3.1252467172667459e-01	   4.8798016399974092e-01	  -8.7285471846280693e-01	   1.2393551999999999e-01	   4.0462061999999999e-01	  -2.6675727999999999e-01	  -3.4867114999999999e-04	   1.9484328000000000e-03	   3.6793132000000002e-04	   0.0000000000000000e+00	
   7.5574957435441537e-01	   6.5486073394510380e-01	   1.4231483827375985e-01	   9.8982144188086452e-01	  -5.4064081745499237e-01	   8.4125353283157012e-01	   9.2285356430339882e-01	   3.8515100785602580e-01	   7.0331740229497508e-01	   7.1087596078995963e-01	   3.7526437878565166e-01	   9.2691782052920901e-01	  -1.0689263258096248e-02	   9.9994286819347789e-01	   4.4522591672945522e-01	   8.9541827269294438e-01	   9.4966646009804223e-01	   3.1326285219421329e-01	   1.2031507000000000e-01	   3.8871074999999999e-01	  -2.9993183000000001e-01	  -3.8843491000000000e-04	   1.8633650000000001e-03	   3.0058108999999998e-04	   0.0000000000000000e+00	
   5.2094034048797144e-01	  -8.5359308903732134e-01	  -4.5724232330455283e-01	  -8.8934214888256291e-01	  -9.9733228366354110e-01	  -7.2995314661051650e-02	  -8.6221183227673936e-01	   5.0654788152946395e-01	   4.8681848743602418e-01	  -8.7350315413883972e-01	   2.2730512199928422e-02	   9.9974162852965609e-01	  -5.2601552058100309e-01	  -8.5047496853693250e-01	  -1.6775154538955568e-02	   9.9985928719505035e-01	  -8.8154669641904859e-01	   4.7209683544021119e-01	   1.2793051000000000e-01	   4.0204868999999999e-01	  -3.2791247000000001e-01	   1.8134139000000000e-04	   1.9575472000000001e-03	   2.8367628999999999e-04	   0.0000000000000000e+00	
  -9.9107748815477092e-01	   1.3328695537384724e-01	   9.6446917505434016e-01	  -2.6419540187141910e-01	  -9.2064988667634773e-01	   3.9038927516368582e-01	  -7.7160496011423230e-01	  -6.3610202446393294e-01	   1.9074842894577210e-01	   9.8163895443015081e-01	   4.7724009229712278e-01	  -8.7877294809537332e-01	  -9.2723007370943944e-01	   3.7449217669904328e-01	   8.4950440786571368e-01	   5.2758152073089448e-01	   6.7993620356983742e-01	  -7.3327127250086421e-01	   1.2678094000000001e-01	   4.0282273000000002e-01	  -2.8426413000000000e-01	  -1.9202354000000000e-04	   2.0393756000000002e-03	   3.4662572999999999e-04	   0.0000000000000000e+00	
   8.4804809615647736e-01	   5.2991926423312263e-01	   4.3837114678925188e-01	   8.9879404629908188e-01	  -1.0452846326736383e-01	   9.9452189536830382e-01	   8.2773936532084968e-01	   5.6111277217528821e-01	   3.7030491380352615e-01	   9.2891025982759123e-01	  -2.1470745666700433e-01	   9.7667840564414365e-01	  -7.2574854162592617e-01	   6.8796006739333448e-01	   4.0461832549118087e-01	   9.1448565361995304e-01	   9.9930726025705408e-01	  -3.7215582724719844e-02	   1.2182161000000000e-01	   4.0138543999999998e-01	  -2.9854380000000003e-01	   1.3618729999999999e-06	   1.9111788000000000e-03	   3.5175217000000001e-04	   0.0000000000000000e+00	
  -2.1329963074365041e-01	  -9.7698683078362036e-01	  -9.0900653504924478e-01	   4.1678186049511096e-01	   6.0108114728278772e-01	   7.9918799689510323e-01	  -8.3776841225501841e-01	   5.4602572048183373e-01	   4.0371182514458881e-01	  -9.1488620179693658e-01	   1.6133438273510245e-01	   9.8689980086505413e-01	  -6.7403352447684994e-01	  -7.3870075665408363e-01	   7.1215563116257907e-01	   7.0202162146434544e-01	  -3.5476424519719996e-01	   9.3495579057496669e-01	   1.3722423000000000e-01	   4.2223685999999999e-01	  -3.1913755999999999e-01	   1.0965225999999999e-03	   2.1602974000000000e-03	   3.1355412000000002e-04	   0.0000000000000000e+00	
  -3.5940777283729014e-01	   9.3318061104168837e-01	  -7.4165210564827766e-01	  -6.7078473013886952e-01	   8.9251883585955838e-01	  -4.5101011921674072e-01	  -6.9445584538991689e-01	  -7.1953532144278765e-01	  -3.5462157607551580e-02	   9.9937101988091348e-01	   7.4370965067132233e-01	  -6.6850277149637882e-01	  -9.9748487075563430e-01	  -7.0879705230873030e-02	   9.2104923965548580e-01	  -3.8944614278491896e-01	  -4.2186358220463066e-01	  -9.0665931749995088e-01	   1.3262655000000001e-01	   4.0361648000000000e-01	  -2.5562889000000000e-01	  -2.0847751000000001e-04	   1.9071121999999999e-03	   3.5400630000000002e-04	   0.0000000000000000e+00	
   9.3969262078587834e-01	  -3.4202014332575120e-01	   7.6604444311886521e-01	  -6.4278760968667381e-01	   4.9999999999977274e-01	  -8.6602540378456982e-01	   5.5104593424934245e-01	   8.3447491175425359e-01	  -3.9269675669453868e-01	   9.1966801471052062e-01	  -9.8383383658820001e-01	   1.7908372897654010e-01	  -6.9157851456318054e-01	  -7.2230129322505343e-01	   8.0322102704810106e-01	   5.9568110739538616e-01	   2.3240656920823446e-01	  -9.7261872621745160e-01	   1.4085939000000000e-01	   4.1486634000000000e-01	  -3.1671777000000001e-01	   2.5571581000000002e-04	   2.0347021999999998e-03	   4.1106680000000003e-04	   0.0000000000000000e+00	
  -6.8814117224581328e-01	  -7.2557682367903542e-01	  -5.2923454120315919e-02	   9.9859857200177027e-01	   7.6097878776111616e-01	  -6.4877676020155206e-01	  -7.2794146574352847e-01	  -6.8563928012560904e-01	   5.9797555097673261e-02	   9.9821052509194708e-01	   6.4088322593216873e-01	  -7.6763838538648954e-01	  -9.9284850480868148e-01	   1.1938109774652612e-01	   3.4425224999678921e-03	   9.9999407450186284e-01	   9.9841046462620697e-01	   5.6360838575038576e-02	   1.3482574000000000e-01	   3.7330329000000001e-01	  -2.4670027000000000e-01	  -6.5793855999999999e-04	   2.1949010000000000e-03	   3.8436395999999999e-04	   0.0000000000000000e+00	
  -4.5724232330455283e-01	   8.8934214888256302e-01	  -5.8185891555810965e-01	  -8.1328974073545313e-01	   9.8934336807506817e-01	  -1.4560116773529050e-01	   8.4251181191650604e-01	   5.3867786921421412e-01	   4.1965230643766793e-01	   9.0768493526198046e-01	  -1.3538776177302511e-01	   9.9079268969956102e-01	  -6.4778388340309123e-01	   7.6182415320283081e-01	  -8.6430099205468103e-01	   5.0297494483651384e-01	   9.3836875470217823e-02	   9.9558758570102046e-01	   1.3302385999999999e-01	   3.7485884000000003e-01	  -2.7281703000000002e-01	  -4.8673261999999999e-04	   2.0039328000000002e-03	   4.1117973999999999e-04	   0.0000000000000000e+00	
   9.9088486815825561e-01	   1.3471146222573824e-01	   9.6370564389000701e-01	   2.6696709897391291e-01	   9.1895781162037715e-01	   3.9435585511297705e-01	  -9.9576407449077664e-01	   9.1945135562068375e-02	   9.8309218409294574e-01	  -1.8311132563378402e-01	  -9.6209168317407978e-01	   2.7272622383494033e-01	   9.3294048484927661e-01	  -3.6003062609894265e-01	  -9.9907361732463051e-01	  -4.3033790977298189e-02	  -9.7430149001241062e-01	  -2.2524787803572430e-01	   1.3954738999999999e-01	   4.1049716000000003e-01	  -3.0223222000000000e-01	  -1.1410569000000000e-04	   2.1621337999999999e-03	   4.9870047000000000e-04	   0.0000000000000000e+00	
  -5.5919290347080541e-01	  -8.2903757255500210e-01	  -3.7460659341578090e-01	   9.2718385456684038e-01	   9.7814760073376172e-01	  -2.0791169081796601e-01	   9.8820406309939801e-01	  -1.5314284075281179e-01	   9.5309454065231791e-01	  -3.0267275493302537e-01	   8.9549973208155176e-01	  -4.4506205167579621e-01	   8.1677840684250558e-01	  -5.7695150066172673e-01	  -6.7955786821808839e-01	  -7.3362190789458248e-01	  -4.2563553031431106e-01	  -9.0489468742724710e-01	   1.3594373000000001e-01	   4.0377616999999999e-01	  -2.8119768000000001e-01	   1.0563267000000000e-04	   2.1332879000000001e-03	   3.6105517999999998e-04	   0.0000000000000000e+00	
  -5.9613248546913866e-01	   8.0288608143894691e-01	  -2.8925211953677449e-01	  -9.5725295055355331e-01	   9.4099765536248614e-01	   3.3841307983336549e-01	  -2.5931068926884981e-01	   9.6579395650983135e-01	  -8.6551593286182804e-01	  -5.0088139310850788e-01	   7.0818575551599405e-01	  -7.0602615793201373e-01	   4.9823566007536074e-01	   8.6704165241888442e-01	  -6.2083899951704002e-01	  -7.8393809492757827e-01	   9.3000605092215016e-01	   3.6754420856297970e-01	   1.4680702000000001e-01	   4.1932931000000001e-01	  -3.1762889999999999e-01	   3.2121097000000002e-04	   2.1563760000000002e-03	   4.2155836000000002e-04	   0.0000000000000000e+00	
   9.9739323151795456e-01	   7.2157755800550186e-02	   9.8958651655565633e-01	   1.4393931447398836e-01	   9.7662055571012929e-01	   2.1497044021083050e-01	   6.6937988778474933e-01	  -7.4292029574462193e-01	  -1.0386113165855289e-01	  -9.9459180839709549e-01	  -8.0842499309434723e-01	  -5.8859921044833619e-01	  -9.7842573066120953e-01	   2.0659886151689791e-01	   7.2124243067036986e-01	  -6.9268272405243125e-01	   6.1402750811114393e-01	   7.8928462501357455e-01	   1.4317854999999999e-01	   4.4356795999999998e-01	  -2.8092536000000001e-01	   3.3359221999999998e-05	   2.0972213999999999e-03	   2.9219898000000001e-04	   0.0000000000000000e+00	
   1.3208964164169185e-01	  -9.9123777499193877e-01	  -9.6510465314193883e-01	  -2.6186448496078635e-01	  -3.8705029720218787e-01	   9.2205860303762577e-01	   4.9510289490856391e-01	   8.6883434753303779e-01	  -5.0974624690631898e-01	   8.6032480131920064e-01	  -9.9985657993275223e-01	  -1.6935748143495129e-02	  -4.8031752752984413e-01	  -8.7709467718577416e-01	   9.2661938944945765e-01	  -3.7600067432960049e-01	  -7.9582346152098482e-01	  -6.0552870955286475e-01	   1.6627028999999999e-01	   4.3321541000000002e-01	  -3.2517743999999998e-01	   9.0378677000000002e-04	   2.1019785000000002e-03	   4.4129244000000001e-04	   0.0000000000000000e+00	
  -9.8446532786157781e-01	   1.7557909396735188e-01	   9.3834396352320759e-01	  -3.4570306061641570e-01	  -8.6306886753203615e-01	   5.0508625985762923e-01	   8.6310569406869930e-02	  -9.9626827993701672e-01	  -9.8510097121732376e-01	  -1.7197696504673360e-01	  -2.5635982090492637e-01	   9.6658142038091854e-01	   9.4084784698662915e-01	   3.3882935058909003e-01	   8.9954118930699836e-02	   9.9594591042254976e-01	  -2.5989364494880718e-01	  -9.6563724727002087e-01	   1.6083111000000000e-01	   4.5503120000000002e-01	  -2.8221301999999998e-01	   5.3796762000000000e-04	   2.0956439000000002e-03	   4.2632096000000001e-04	   0.0000000000000000e+00	
   5.5005500344490899e-01	   8.3512842915639096e-01	  -3.9487898637044222e-01	   9.1873314195312017e-01	  -9.8446532786154062e-01	   1.7557909396756044e-01	   6.1948907213333959e-01	   7.8500527992324609e-01	  -2.3246657901474793e-01	   9.7260438495884849e-01	  -9.0751008280505530e-01	   4.2003029605870290e-01	  -8.9191857928235996e-01	  -4.5219602821225291e-01	  -3.1482716259538596e-01	   9.4914901764271897e-01	   9.9633329000816107e-01	   8.5556853737813146e-02	   1.7850488000000000e-01	   3.9839215000000000e-01	  -3.7956645999999999e-01	  -3.2834200999999998e-04	   2.7321978999999999e-03	   1.0340887000000000e-04	   0.0000000000000000e+00	
   7.8183148246789735e-01	  -6.2348980185889968e-01	   2.2252093395590009e-01	  -9.7492791218191821e-01	  -4.3388373911813327e-01	  -9.0096886790214215e-01	   5.4669483393238363e-02	   9.9850450554091963e-01	  -9.9402249517103292e-01	   1.0917545096748597e-01	  -1.6335487597775464e-01	  -9.8656737453368704e-01	   9.7616144181209208e-01	  -2.1704570836424633e-01	   6.6529969956201618e-01	   7.4657639244935337e-01	  -5.7981505306783698e-01	  -8.1474812318651058e-01	   1.5716089999999999e-01	   4.0105579000000002e-01	  -4.3384357000000001e-01	  -1.6465576999999999e-03	   2.5719635999999998e-03	  -2.8723580000000000e-04	   0.0000000000000000e+00	
  -4.5724232330480225e-01	  -8.8934214888243479e-01	  -5.8185891555765346e-01	   8.1328974073577953e-01	   9.8934336807519063e-01	   1.4560116773445853e-01	  -6.8305806332643593e-01	   7.3036407505075074e-01	  -6.6863364249477364e-02	  -9.9776214125473894e-01	   7.7440118350991227e-01	   6.3269487668104851e-01	  -9.9105858104248346e-01	   1.3342746697010821e-01	   9.6186661179962463e-01	   2.7351895931563891e-01	  -3.3722050014470822e-01	   9.4142569238477491e-01	   1.4551727000000000e-01	   3.9823832999999997e-01	  -3.6516753000000002e-01	  -8.3341939000000002e-04	   2.3396554000000001e-03	  -1.3246410000000000e-04	   0.0000000000000000e+00	
  -7.6339828274109012e-01	   6.4592806248680246e-01	   1.6555387618409076e-01	  -9.8620074735340912e-01	   5.1063119318095862e-01	   8.5979985144834170e-01	   9.6075519626383998e-01	  -2.7739764391939309e-01	   8.4610109429593916e-01	  -5.3302245565380657e-01	   6.6503684955485032e-01	  -7.4681054407002012e-01	   4.3177412353757155e-01	  -9.0198176602598901e-01	  -5.5425994428713654e-01	   8.3234362745131918e-01	  -9.1261778963765194e-01	   4.0881385744234067e-01	   1.4514128000000001e-01	   3.8668950000000002e-01	  -3.2004807000000002e-01	  -1.3755919999999999e-03	   2.1128357999999998e-03	  -1.5195661000000000e-04	   0.0000000000000000e+00	
   5.9070279516458157e-01	   8.0688921655004808e-01	  -3.0214041556950066e-01	   9.5326343120854551e-01	  -9.4765317118276626e-01	   3.1930153013608753e-01	  -8.7807636355213703e-01	   4.7852053223561392e-01	   5.4203620045788958e-01	  -8.4035513766096204e-01	  -7.3821988071224337e-02	   9.9727143450377242e-01	  -4.1239351478634900e-01	  -9.1100581170602934e-01	  -9.0479521967690524e-01	  -4.2584693312247873e-01	  -1.3256910495949212e-01	  -9.9117376499291943e-01	   1.4401190999999999e-01	   3.7871436000000003e-01	  -3.4338868000000000e-01	  -1.7493420000000001e-03	   2.1760960000000002e-03	   2.8836995000000002e-05	   0.0000000000000000e+00	
   7.0069460207327472e-01	  -7.1346133365822650e-01	  -1.8054149250750398e-02	  -9.9983701056463781e-01	  -7.2599549192332680e-01	  -6.8769945885321637e-01	   5.9109349359163010e-01	  -8.0660305096970819e-01	  -3.0121696366728318e-01	  -9.5355563067870486e-01	  -9.4718826835794456e-01	  -3.2067800717398515e-01	  -8.1853668159812520e-01	   5.7445426352176154e-01	  -1.6130406819735343e-01	  -9.8690475608489370e-01	   9.8965610875793142e-01	   1.4346005157572422e-01	   1.3585850999999999e-01	   3.7558647000000001e-01	  -3.0011616000000002e-01	  -1.9383692000000000e-03	   2.1653127999999998e-03	  -1.2296658000000000e-04	   0.0000000000000000e+00	
  -5.8185891555799185e-01	  -8.1328974073553739e-01	  -3.2288040477135538e-01	   9.4643977315764038e-01	   9.5760059990836444e-01	  -2.8809909936537548e-01	  -4.4931486455748387e-01	   8.9337346753062341e-01	  -5.9623230497537982e-01	  -8.0281195712554365e-01	   9.8510693926710236e-01	  -1.7194277596863911e-01	  -2.8901407700749132e-01	   9.5732484731751732e-01	   9.8800933562349236e-01	  -1.5439414730107226e-01	  -4.6513361595248526e-01	   8.8524048671023059e-01	   1.4867975999999999e-01	   3.5821960000000003e-01	  -3.4072279999999999e-01	  -1.4638761000000001e-03	   2.4701880999999999e-03	  -3.8900170999999998e-05	   0.0000000000000000e+00	
  -5.0000000000000022e-01	   8.6602540378443860e-01	  -4.9999999999999961e-01	  -8.6602540378443882e-01	   1.0000000000000000e+00	   6.4324905987065464e-16	   4.6259669014313420e-01	  -8.8656883673441689e-01	  -5.7200860453723412e-01	  -8.2024761891477993e-01	  -9.9181526452776925e-01	   1.2768116951888861e-01	  -3.4561231267073222e-01	   9.3837739174086454e-01	   5.3649278974405612e-01	   8.4390490373776117e-01	  -9.9908947988719055e-01	  -4.2663932996655961e-02	   1.4173018000000001e-01	   3.5901938000000000e-01	  -3.0142248999999999e-01	  -2.3165621999999999e-03	   2.2690782000000000e-03	  -1.3991686000000000e-04	   0.0000000000000000e+00	
   9.1354545764260087e-01	   4.0673664307580021e-01	   6.6913060635885824e-01	   7.4314482547739424e-01	   3.0901699437494745e-01	   9.5105651629515353e-01	   8.6310569406870166e-02	   9.9626827993701672e-01	  -9.8510097121732365e-01	   1.7197696504673407e-01	  -2.5635982090492621e-01	  -9.6658142038091865e-01	   9.4084784698662882e-01	  -3.3882935058909092e-01	  -3.2637018715629118e-01	   9.4524203299237997e-01	   4.8406744441267657e-01	  -8.7503069046735749e-01	   1.5195032999999999e-01	   3.5980645000000000e-01	  -3.3841514000000000e-01	  -1.6737897000000000e-03	   2.1190007000000000e-03	   1.9200991999999999e-04	   0.0000000000000000e+00	
  -2.0345601305265104e-01	  -9.7908408768231925e-01	  -9.1721130150543895e-01	   3.9840108984627381e-01	   5.7668032211491038e-01	   8.1696989301041156e-01	   1.1689976162498805e-01	  -9.9314371856847639e-01	  -9.7266889146404190e-01	  -2.3219652792001821e-01	  -3.4430928472936378e-01	   9.3885628104047636e-01	   8.9216954484377642e-01	   4.5170067882752712e-01	  -9.9615517105906815e-01	   8.7606364907344303e-02	   9.4858725220501738e-01	  -3.1651575782910835e-01	   1.5026104000000001e-01	   3.5336332999999998e-01	  -2.9201990999999999e-01	  -1.8214046000000000e-03	   2.0940639000000000e-03	  -4.6164461000000002e-05	   0.0000000000000000e+00	
  -8.4125353283124105e-01	   5.4064081745550441e-01	   4.1541501300208800e-01	  -9.0963199535442629e-01	   1.4231483827295568e-01	   9.8982144188098009e-01	   2.1284275031557282e-01	   9.7708646681760092e-01	  -9.0939592727620544e-01	   4.1593154178716768e-01	  -5.9995941089006921e-01	  -8.0003044022364622e-01	   6.5400190509309919e-01	  -7.5649290025392635e-01	  -7.0730754178547173e-01	  -7.0690596357181290e-01	   3.4919811050448496e-01	   9.3704892061199108e-01	   1.5461226000000000e-01	   3.4962767000000000e-01	  -3.1587091000000000e-01	  -1.6039711999999999e-03	   2.1780467000000001e-03	   1.5774536000000001e-05	   0.0000000000000000e+00	
   8.8294759285894353e-01	   4.6947156278585961e-01	   5.5919290347080541e-01	   8.2903757255500221e-01	   1.0452846326775879e-01	   9.9452189536826230e-01	   4.1005246797486494e-01	  -9.1206193512706268e-01	  -6.6371394701544473e-01	  -7.4798649488956648e-01	  -9.5436755198090861e-01	   2.9863451864439183e-01	  -1.1896759307435892e-01	   9.9289813767480384e-01	   7.9024198158587322e-01	  -6.1279491719435175e-01	  -6.6132302497320952e-02	   9.9781086312306844e-01	   1.4675991999999999e-01	   3.5240442999999999e-01	  -3.0204060999999999e-01	  -2.1303561000000000e-03	   2.2106020999999999e-03	  -8.7845280999999999e-05	   0.0000000000000000e+00	
   2.3793519504260413e-01	  -9.7128103191611748e-01	  -8.8677368592007588e-01	  -4.6220388354028641e-01	  -6.5992453487868796e-01	   7.5133188955690378e-01	  -5.3269940361944323e-01	   8.4630452284239233e-01	  -4.3246269076697891e-01	  -9.0165182919715992e-01	   9.9344463853790210e-01	   1.1431426052902205e-01	  -6.2595204218916878e-01	   7.7986155237914445e-01	   6.9525159376236512e-01	   7.1876645815653584e-01	  -9.4874746676090738e-01	   3.1603519474065056e-01	   1.5233065000000001e-01	   3.5054576999999998e-01	  -3.1102964999999999e-01	  -1.8284957000000001e-03	   2.3443273999999999e-03	  -1.1835006999999999e-04	   0.0000000000000000e+00	
  -9.8982144188092358e-01	   1.4231483827334893e-01	   9.5949297361446106e-01	  -2.8173255684155335e-01	  -9.0963199535443828e-01	   4.1541501300206185e-01	   8.8271756746978480e-01	  -4.6990392218008337e-01	   5.5838060783954835e-01	  -8.2958489426262849e-01	   1.0306717627906707e-01	  -9.9467439756628884e-01	  -3.7642219357747314e-01	  -9.2644823502574791e-01	  -8.0685847471749272e-01	   5.9074478565329813e-01	  -9.4060707609563476e-01	  -3.3949716994228502e-01	   1.5406512999999999e-01	   3.5244357999999998e-01	  -3.1327112000000001e-01	  -1.9446713999999999e-03	   2.3108475000000002e-03	  -1.0869566999999999e-04	   0.0000000000000000e+00	
   5.6806474673120544e-01	   8.2298386589362205e-01	  -3.5460488704242277e-01	   9.3501624268545758e-01	  -9.7094181742600871e-01	   2.3931566428773360e-01	  -7.8198602183699406e-01	   6.2329596633666118e-01	   2.2300427669689551e-01	  -9.7481746628530130e-01	   4.3321356746331124e-01	   9.0129129861866031e-01	  -9.0053818514978889e-01	  -4.3477692796090789e-01	  -9.5718121541382128e-01	  -2.8948941407056639e-01	   6.8743832529471388e-02	  -9.9763434458180111e-01	   1.6083343000000000e-01	   3.5402983999999998e-01	  -3.2109759999999998e-01	  -2.0020541000000001e-03	   2.3252035999999998e-03	  -4.9683359000000001e-05	   0.0000000000000000e+00	
   2.6979677115706074e-01	  -9.6291728734778903e-01	  -8.5441940454644916e-01	  -5.1958395003549829e-01	  -7.3083596427820163e-01	   6.8255314321857108e-01	   8.4251181191650559e-01	  -5.3867786921421479e-01	   4.1965230643766671e-01	  -9.0768493526198102e-01	  -1.3538776177302717e-01	  -9.9079268969956069e-01	  -6.4778388340309334e-01	  -7.6182415320282904e-01	  -2.9139526606128069e-01	  -9.5660273829687292e-01	   7.4600919909479679e-01	  -6.6593563868135164e-01	   1.6513200000000000e-01	   3.4833507000000002e-01	  -3.0453934999999999e-01	  -2.0218427000000001e-03	   2.3778583000000002e-03	  -2.1806680000000000e-04	   0.0000000000000000e+00	
  -9.9940414055106475e-01	   3.4516138969872052e-02	   9.9761727230122499e-01	  -6.8991144404652191e-02	  -9.9464152469514189e-01	   1.0338393178885871e-01	  -6.5936755932290503e-01	   7.5182073775106484e-01	  -1.3046884342511061e-01	  -9.9145240979853089e-01	   8.3142140503670015e-01	   5.5564237351627477e-01	  -9.6595576179062792e-01	   2.5870729843490625e-01	   6.3302471986771336e-01	  -7.7413158057038534e-01	   6.8492461799700866e-01	   7.2861393595075563e-01	   1.7419218000000000e-01	   3.9556713999999998e-01	  -3.3710082000000002e-01	  -1.1168510000000001e-03	   3.2487579000000000e-03	   1.4605190000000000e-04	   0.0000000000000000e+00	
   4.6840844069994025e-01	   8.8351204444594333e-01	  -5.6118706536210117e-01	   8.2768899815708119e-01	  -9.9413795715441466e-01	  -1.0811901842343530e-01	   9.4232053490206802e-01	  -3.3471183053767373e-01	   7.7593598099623917e-01	  -6.3081166238062214e-01	   5.2004028242220590e-01	  -8.5414173569626739e-01	   2.0415329320919198e-01	  -9.7893893214635286e-01	   7.3711282609159567e-01	   6.7576969568874645e-01	   1.4566895869442725e-01	   9.8933338894069534e-01	   1.4926761999999999e-01	   3.3306983000000001e-01	  -2.7439940000000002e-01	  -3.4300850999999999e-03	   2.4545665000000002e-03	  -4.2743871999999998e-04	   0.0000000000000000e+00	
   8.3399781788992577e-01	  -5.5176774077037360e-01	   3.9110472049031553e-01	  -9.2034618356909170e-01	  -1.8163685097917986e-01	  -9.8336567682951348e-01	  -9.7672309436896687e-01	   2.1450407205064942e-01	   9.0797600614737961e-01	  -4.1902216201610826e-01	  -7.9695917430512286e-01	   6.0403317333644591e-01	   6.4884085547869264e-01	  -7.6092413830925243e-01	  -6.9622850216498244e-01	   7.1782022315695793e-01	  -9.3294135660784672e-01	   3.6002836711946828e-01	   1.3304495999999999e-01	   3.1705784999999997e-01	  -2.4862344000000000e-01	  -3.7383287000000002e-03	   2.1440053000000001e-03	  -3.1436494000000001e-04	   0.0000000000000000e+00	
  -6.1944836121572711e-01	  -7.8503740534266908e-01	  -2.3256745557430022e-01	   9.7258026846512569e-01	   9.0757541967095001e-01	  -4.1988910156027970e-01	   9.7248323317964314e-01	  -2.3297287649953557e-01	   8.9144727763106424e-01	  -4.5312443236286015e-01	   7.6135182834005355e-01	  -6.4833894953431392e-01	   5.8935649759167164e-01	  -8.0787308331598595e-01	  -7.8529556758531471e-01	  -6.1912104755924624e-01	  -4.1951072262048822e-01	  -9.0775038066994818e-01	   1.3510533000000000e-01	   3.2102354000000000e-01	  -2.0784946000000001e-01	  -3.3545522999999999e-03	   2.0350640000000001e-03	  -1.4708639000000001e-04	   0.0000000000000000e+00	
  -8.7204940814383591e-01	   4.8941784781103509e-01	   5.2094034048802906e-01	  -8.5359308903728615e-01	  -3.6522023057832226e-02	   9.9933284837023306e-01	  -3.6067811310477543e-01	   9.3269035522362875e-01	  -7.3982259745435763e-01	  -6.7280199486616232e-01	   8.9435375006899842e-01	  -4.4736044722071650e-01	   9.4674951408224961e-02	   9.9550823882871520e-01	  -1.4194617126420303e-01	  -9.8987437812251389e-01	   7.7100444139111313e-01	   6.3682976638594524e-01	   1.3567061000000000e-01	   3.1754090000000001e-01	  -2.7367985000000000e-01	  -3.2133483000000001e-03	   2.2466414999999999e-03	  -1.4476083999999999e-04	   0.0000000000000000e+00	
   7.3632569765113864e-01	   6.7662727330382122e-01	   8.4351066042872194e-02	   9.9643609813044765e-01	  -6.1210598254786830e-01	   7.9077573693753955e-01	  -9.8972016364276583e-01	  -1.4301747333433398e-01	   9.5909200464212618e-01	   2.8309455422446383e-01	  -9.0874522792298107e-01	  -4.1735130373248996e-01	   8.3971494673690417e-01	   5.4302744702882022e-01	  -6.3198686695664619e-01	  -7.7497909648862295e-01	  -8.2552591299067091e-01	  -5.6436421483020982e-01	   1.2502805000000000e-01	   3.1553595000000001e-01	  -1.7851353000000000e-01	  -3.9260062000000002e-03	   2.1481832999999998e-03	  -1.4035777000000001e-04	   0.0000000000000000e+00	
   4.7771981851234646e-01	  -8.7851225091089702e-01	  -5.4356755000106161e-01	  -8.3936542613205334e-01	  -9.9706580118376231e-01	   7.6549252836211279e-02	   9.6075519626383998e-01	   2.7739764391939287e-01	   8.4610109429593949e-01	   5.3302245565380624e-01	   6.6503684955485021e-01	   7.4681054407002023e-01	   4.3177412353757244e-01	   9.0198176602598856e-01	   7.0266902655096075e-01	  -7.1151685793516184e-01	   2.1527456943695011e-01	  -9.7655356215301148e-01	   1.1179385000000000e-01	   3.2230721000000001e-01	  -2.2486370000000000e-01	  -3.5458513000000001e-03	   1.9104782000000000e-03	  -2.4359943000000001e-04	   0.0000000000000000e+00	
  -8.1742233855897894e-01	  -5.7603881850511607e-01	   3.3635855915045987e-01	   9.4173399624640641e-01	   2.6752833852878338e-01	  -9.6354999251934437e-01	  -7.6101420581821111e-01	   6.4873521450810534e-01	   1.5828524291424509e-01	  -9.8739342811038522e-01	   5.2009956895995779e-01	   8.5410563653898575e-01	  -9.4989156375115691e-01	  -3.1257961724076300e-01	   9.9576667828443821e-01	  -9.1916932163644743e-02	   2.4837334530861416e-01	   9.6866438013390788e-01	   9.8426450999999998e-02	   3.5330808000000002e-01	  -2.3865712000000000e-01	  -2.4823648000000002e-03	   2.5187758999999999e-03	  -7.9708557000000000e-04	   0.0000000000000000e+00	
  -4.1235631747385382e-01	   9.1102264924611087e-01	  -6.5992453487880465e-01	  -7.5133188955680130e-01	   9.5660441950039310e-01	  -2.9138974688948127e-01	   8.2034686739230223e-01	  -5.7186625810554392e-01	   3.4593796568072693e-01	  -9.3825738680848136e-01	  -2.5276861447580035e-01	  -9.6752675804650701e-01	  -7.6065384780136047e-01	  -6.4915770335488188e-01	   1.8270790018467120e-01	   9.8316724071243766e-01	  -8.5925832676287439e-01	   5.1154191215252864e-01	   9.9326496000000000e-02	   3.2839237999999998e-01	  -1.6898661000000001e-01	  -3.4415459000000002e-03	   1.7930477999999999e-03	  -6.8145965000000004e-04	   0.0000000000000000e+00	
   8.5745713613070840e-01	   5.1455540002853317e-01	   4.7046548060295235e-01	   8.8241839937811417e-01	  -5.0649168838378673e-02	   9.9871650717106975e-01	  -4.9244705396027466e-01	   8.7034240333666746e-01	  -5.1499179809169271e-01	  -8.5719510491969408e-01	   9.9965944152819197e-01	  -2.6095995162923744e-02	  -4.6956689579657046e-01	   8.8289689679598082e-01	  -8.7009162409547536e-01	   4.9289001377477515e-01	   2.5587142925912389e-02	  -9.9967259546157861e-01	   1.1917864000000000e-01	   3.4349162000000000e-01	  -1.9802191999999999e-01	  -2.4523752999999998e-03	   2.0271711000000000e-03	  -4.0378482000000000e-04	   0.0000000000000000e+00	
  -7.1339183199370243e-02	  -9.9745211461024363e-01	  -9.8982144188089338e-01	   1.4231483827355884e-01	   2.1256528955338283e-01	   9.7714686597107114e-01	   1.3236112202171327e-01	  -9.9120156041904672e-01	  -9.6496106675430626e-01	  -2.6239310137347605e-01	  -3.8780778102745189e-01	   9.2174026980194590e-01	   8.6229972070321748e-01	   5.0639825402064054e-01	  -9.9811862677733265e-01	  -6.1312371346505468e-02	   9.7923355811257018e-01	  -2.0273539075897840e-01	   1.2967718000000000e-01	   3.1598642999999998e-01	  -1.5812704999999999e-01	  -3.2972914000000001e-03	   2.1195012999999999e-03	  -4.8302205999999997e-04	   0.0000000000000000e+00	
  -9.3969262078587812e-01	   3.4202014332575192e-01	   7.6604444311886422e-01	  -6.4278760968667492e-01	  -4.9999999999976996e-01	   8.6602540378457149e-01	   3.8210620177773869e-01	   9.2411841804121075e-01	  -7.0798970112598014e-01	   7.0622275742115914e-01	  -9.2316071296774815e-01	  -3.8441422714680967e-01	   2.4988338009091777e-03	  -9.9999687790994396e-01	  -6.7512949195548277e-01	  -7.3769924026796430e-01	  -4.2995264378638785e-02	   9.9907527606332591e-01	   1.3788304000000001e-01	   3.7269187999999998e-01	  -2.3394585000000001e-01	  -1.6200044999999999e-03	   2.0551049000000002e-03	  -1.6535093000000000e-04	   0.0000000000000000e+00	
   8.8294759285894353e-01	   4.6947156278585961e-01	   5.5919290347080541e-01	   8.2903757255500221e-01	   1.0452846326775879e-01	   9.9452189536826230e-01	  -7.7160496011423230e-01	  -6.3610202446393294e-01	   1.9074842894577210e-01	   9.8163895443015081e-01	   4.7724009229712278e-01	  -8.7877294809537332e-01	  -9.2723007370943944e-01	   3.7449217669904328e-01	  -3.8265493065455086e-01	  -9.2389133779127985e-01	  -9.7991855368721426e-01	   1.9939816483498088e-01	   1.2789925999999999e-01	   3.4158482000000001e-01	  -1.9915363999999999e-01	  -3.1910784000000001e-03	   1.9146762000000000e-03	  -4.4990516000000002e-04	   0.0000000000000000e+00	
   1.8163685097947424e-01	  -9.8336567682945919e-01	  -9.3401610873252050e-01	  -3.5723088980120460e-01	  -5.2094034048802873e-01	   8.5359308903728637e-01	   5.8576181816292738e-01	   8.1048324620713885e-01	  -3.1376618476492329e-01	   9.4950027977777030e-01	  -9.5334631989482022e-01	   3.0187877425053095e-01	  -8.0310156259612797e-01	  -5.9584216043819649e-01	   9.0339733804054601e-01	  -4.2880444216595459e-01	  -6.9060547389029470e-01	  -7.2323169139132826e-01	   1.2128184000000000e-01	   3.5364904000000003e-01	  -2.5969362000000001e-01	  -2.2017974999999999e-03	   2.2098908999999998e-03	  -5.0751519000000005e-04	   0.0000000000000000e+00	
  -9.8446532786157781e-01	   1.7557909396735188e-01	   9.3834396352320759e-01	  -3.4570306061641570e-01	  -8.6306886753203615e-01	   5.0508625985762923e-01	  -9.0529641379212600e-01	  -4.2478041759845264e-01	   6.3912319364976833e-01	   7.6910437740200177e-01	  -2.5189545657288509e-01	  -9.6775445178926345e-01	  -1.8304308667784144e-01	   9.8310489187036809e-01	   9.6581549167278569e-01	   2.5923046897472385e-01	   8.1665036995876616e-01	  -5.7713271718575299e-01	   1.1720280000000000e-01	   3.5859144999999998e-01	  -2.4992558000000001e-01	  -2.5393084999999998e-03	   2.1310662000000001e-03	  -4.2802812000000001e-04	   0.0000000000000000e+00	
   6.5486073394525723e-01	   7.5574957435428247e-01	  -1.4231483827335820e-01	   9.8982144188092225e-01	  -8.4125353283124105e-01	   5.4064081745550441e-01	   6.3647686052720498e-01	  -7.7129579670411330e-01	  -1.8979441202686584e-01	  -9.8182385444812670e-01	  -8.7807636355213770e-01	  -4.7852053223561286e-01	  -9.2795616232675260e-01	   3.7268936233786665e-01	   9.9971017408439933e-01	  -2.4074215088762518e-02	  -1.6610276603636220e-01	   9.8610844794833263e-01	   9.9157506000000006e-02	   3.3693898000000000e-01	  -2.0514695999999999e-01	  -3.3115268999999998e-03	   1.7293789000000000e-03	  -3.7036262000000002e-04	   0.0000000000000000e+00	
   5.9070279516458168e-01	  -8.0688921655004797e-01	  -3.0214041556950050e-01	  -9.5326343120854562e-01	  -9.4765317118276582e-01	  -3.1930153013608853e-01	  -3.8146465957287207e-01	   9.2438342342177082e-01	  -7.0896942699390564e-01	  -7.0523921586078364e-01	   9.2235822180448079e-01	  -3.8633574863022485e-01	   5.2752968241338927e-03	   9.9998608552490231e-01	   5.2054277565044260e-01	   8.5383559232333073e-01	  -9.7120725698284516e-01	  -2.3823615171475937e-01	   1.1234925000000000e-01	   3.4095161000000002e-01	  -2.5609314999999999e-01	  -2.7248494999999998e-03	   1.8050557000000001e-03	  -2.7020381999999998e-04	   0.0000000000000000e+00	
  -9.9486932339188516e-01	   1.0116832198753080e-01	   9.7952994125245463e-01	  -2.0129852008885429e-01	  -9.5413925639995978e-01	   2.9936312297364170e-01	  -9.1323054782062457e-02	  -9.9582131914579552e-01	  -9.8332019933054482e-01	   1.8188288976299438e-01	   2.7092266364560547e-01	   9.6260111693430428e-01	   9.3383722882292486e-01	  -3.5769823883312629e-01	   1.9160007757850006e-01	   9.8147308178671555e-01	  -9.8910661362789833e-03	  -9.9995108220886875e-01	   1.0866563000000000e-01	   3.3015679999999997e-01	  -2.0129657000000001e-01	  -3.3517851000000000e-03	   1.7572270999999999e-03	  -3.7730781999999999e-04	   0.0000000000000000e+00	
   6.3108794432608883e-01	   7.7571129070439049e-01	  -2.0345601305254277e-01	   9.7908408768234179e-01	  -8.8788521840231105e-01	   4.6006503773127605e-01	   1.2509908980054610e-01	   9.9214425248099625e-01	  -9.6870043546214979e-01	   2.4823268587243166e-01	  -3.6746617533196108e-01	  -9.3003688635822424e-01	   8.7676106732911729e-01	  -4.8092622180112721e-01	  -6.9066897123768478e-01	   7.2317105318830222e-01	   8.4856602607626774e-01	  -5.2908950035804991e-01	   1.2925025000000001e-01	   3.3361466000000001e-01	  -2.6254092000000001e-01	  -2.8105818000000002e-03	   2.0055119000000001e-03	  -1.6413773999999999e-04	   0.0000000000000000e+00	
   1.8873759545294655e-01	  -9.8202755565342459e-01	  -9.2875624012527980e-01	  -3.7069103904512402e-01	  -5.3932003449927601e-01	   8.4210088492276247e-01	  -9.4276114339042072e-01	  -3.3346877891818677e-01	   7.7759714697362692e-01	   6.2876281459583439e-01	  -5.2341560736554960e-01	  -8.5207752110130963e-01	   2.0931464596304872e-01	   9.7784834150565680e-01	  -5.0541000113773704e-01	   8.6287932571707426e-01	   1.4954105855778063e-01	   9.8875551670037143e-01	   1.3308434999999999e-01	   3.3106358000000002e-01	  -2.2544907000000000e-01	  -2.9738903000000000e-03	   2.0046911999999999e-03	  -2.4367746000000001e-04	   0.0000000000000000e+00	
  -9.5760059990836421e-01	   2.8809909936537637e-01	   8.3399781788971794e-01	  -5.5176774077068769e-01	  -6.3967302155855732e-01	   7.6864713977880994e-01	   9.9261039711173293e-01	   1.2134496094065027e-01	   9.7055080090862411e-01	   2.4089653973361316e-01	   9.3414723470230665e-01	   3.5688785899499792e-01	   8.8393771428874346e-01	   4.6760465914914889e-01	  -9.8548368570900313e-01	   1.6977015403597512e-01	  -9.1556493778994685e-01	   4.0217016882122258e-01	   1.3079154000000001e-01	   3.1676056000000002e-01	  -2.1150516000000000e-01	  -3.1554044999999998e-03	   2.0969836000000000e-03	  -3.0386800000000000e-04	   0.0000000000000000e+00	
   5.6806474673120544e-01	   8.2298386589362205e-01	  -3.5460488704242277e-01	   9.3501624268545758e-01	  -9.7094181742600871e-01	   2.3931566428773360e-01	  -8.7049617895455678e-01	   4.9217517453191018e-01	   5.1552719514896750e-01	  -8.5687321761263979e-01	  -2.7032728094115915e-02	   9.9963454902868853e-01	  -4.6846342212367670e-01	  -8.8348289294823013e-01	  -8.9955041926144208e-01	  -4.3681694473379101e-01	  -8.9445963595162811e-02	  -9.9599167646950382e-01	   1.4010618000000000e-01	   3.1544587000000002e-01	  -2.2259720000000000e-01	  -3.4806508999999999e-03	   2.0709338999999999e-03	  -1.9515693000000001e-04	   0.0000000000000000e+00	
   4.7924898671989857e-01	  -8.7767898956734203e-01	  -5.4064081745590098e-01	  -8.4125353283098614e-01	  -9.9745211461021499e-01	   7.1339183199771991e-02	   8.5972269882474217e-01	  -5.1076108027677847e-01	   4.7824623774899655e-01	  -8.7822578878038549e-01	  -3.7404406384049016e-02	  -9.9930021033874350e-01	  -5.4256107215786065e-01	  -8.4001635875672853e-01	  -3.6263036575792822e-02	  -9.9934227979121482e-01	   8.6030550111950121e-01	  -5.0977881943400116e-01	   1.3168149000000001e-01	   3.3140866000000002e-01	  -2.1618340000000000e-01	  -3.4933148999999998e-03	   1.9253079999999999e-03	  -2.2815813999999999e-04	   0.0000000000000000e+00	
  -9.9766876919054326e-01	  -6.8242413364611676e-02	   9.9068594603634696e-01	   1.3616664909612883e-01	  -9.7908408768235911e-01	  -2.0345601305245919e-01	  -3.3042413128911169e-01	   9.4383255583913606e-01	  -7.8163978692367175e-01	  -6.2373010469105705e-01	   8.4696942643963313e-01	  -5.3164159983631720e-01	   2.2192151300416593e-01	   9.7506453225719469e-01	   3.9406324779661439e-01	  -9.1908332415292149e-01	   2.6524442495151029e-01	   9.6418120445906985e-01	   1.3939758999999999e-01	   3.7220671000000000e-01	  -2.5917964999999998e-01	  -2.2413894000000000e-03	   2.2470838999999999e-03	  -1.9360912999999999e-04	   0.0000000000000000e+00	
   4.8977574020635423e-01	   8.7184845260246802e-01	  -5.2023944861063565e-01	   8.5402044244227659e-01	  -9.9937706226199352e-01	  -3.5291463905419720e-02	   5.5627702945592272e-01	  -8.3099691124558006e-01	  -3.8111173299938894e-01	  -9.2452898654947668e-01	  -9.8028443490332040e-01	  -1.9759156532169522e-01	  -7.0950769394040492e-01	   7.0469768854407966e-01	   9.9695436504845591e-01	   7.7987140034945279e-02	  -4.5205237732532255e-01	   8.9199139466394195e-01	   1.2398931000000001e-01	   3.8198703000000001e-01	  -2.2177838999999999e-01	  -2.8270516999999999e-03	   1.7797940999999999e-03	  -1.0892332000000000e-04	   0.0000000000000000e+00	
   7.4477218274367862e-01	  -6.6731881122235470e-01	   1.0937120837756681e-01	  -9.9400097523997977e-01	  -5.8185891555833036e-01	  -8.1328974073529525e-01	   4.2320881518741754e-01	   9.0603217313054740e-01	  -6.4178859749532458e-01	   7.6688160502452030e-01	  -9.6642999908099891e-01	  -2.5693006222764275e-01	  -1.7621479224996864e-01	  -9.8435173946730059e-01	   9.1980646574618274e-01	   3.9237235576874724e-01	  -2.8941815965918405e-01	  -9.5720276266812510e-01	   1.2705522999999999e-01	   3.5503108000000000e-01	  -2.5882298999999998e-01	  -2.7574366000000000e-03	   1.7952997000000000e-03	  -1.9892639000000000e-04	   0.0000000000000000e+00	
  -9.5211766591074309e-01	  -3.0573182735966259e-01	   8.1305609947864288e-01	   5.8218534772061648e-01	  -5.9613248546945419e-01	  -8.0288608143871254e-01	  -8.1005611179010861e-01	  -5.8635236483832065e-01	   3.1238180849701791e-01	   9.4995663359973037e-01	   3.0396252541999619e-01	  -9.5268398912771601e-01	  -8.0483521144026493e-01	   5.9349834239524557e-01	   5.9200215443565130e-01	   8.0593638033255910e-01	   9.5053531439300953e-01	  -3.1061650968965332e-01	   1.3616165999999999e-01	   3.7688195000000002e-01	  -2.1239090999999999e-01	  -2.5625219000000002e-03	   2.2112293000000000e-03	  -1.5547613000000001e-04	   0.0000000000000000e+00	
   7.4730093586464680e-02	   9.9720379718117713e-01	  -9.8883082622511642e-01	   1.4904226617625463e-01	  -2.2252093395643321e-01	  -9.7492791218179653e-01	   9.9977369964911000e-01	  -2.1273210616433915e-02	   9.9909490102013765e-01	  -4.2536792962813715e-02	   9.9796391133781892e-01	  -6.3781123126846195e-02	   9.9638124248887749e-01	  -8.4996585909792921e-02	   9.5926908545006628e-02	   9.9538838059171553e-01	   5.3499455735120979e-02	   9.9856787863221685e-01	   1.3158196999999999e-01	   3.6195290000000002e-01	  -2.2894882000000000e-01	  -2.8011738000000000e-03	   1.8328556000000000e-03	  -1.1041545000000000e-04	   0.0000000000000000e+00	
   9.9756405025982853e-01	   6.9756473744063727e-02	   9.9026806874158746e-01	   1.3917310095994317e-01	   9.7814760073384410e-01	   2.0791169081757821e-01	  -9.9210077576287048e-01	   1.2544341645024934e-01	   9.6852789853857868e-01	  -2.4890502154927435e-01	  -9.2965378321334291e-01	   3.6843431349036798e-01	   8.7609258049511052e-01	  -4.8214291491363664e-01	  -9.9843455852190444e-01	   5.5932390876573111e-02	  -9.8093357774994949e-01	  -1.9434329430850913e-01	   1.3723460000000001e-01	   3.4524637000000002e-01	  -2.5166938000000000e-01	  -3.0001256000000000e-03	   2.0704124999999999e-03	   4.3681106000000001e-05	   0.0000000000000000e+00	
  -5.1958395003541535e-01	  -8.5441940454649967e-01	  -4.6006503773119012e-01	   8.8788521840235557e-01	   9.9766876919054359e-01	  -6.8242413364606971e-02	   6.2470503703678220e-03	  -9.9998048699045627e-01	  -9.9992194872334017e-01	  -1.2493856943228651e-02	  -1.8740175930589936e-02	   9.9982438748316727e-01	   9.9968780707736427e-01	   2.4985763563487653e-02	  -8.5764859936001037e-01	   5.1423621033121780e-01	   8.5115686514499844e-01	  -5.2491141244646111e-01	   1.3108719999999999e-01	   3.6167892000000001e-01	  -2.1072583000000000e-01	  -2.6808489999999999e-03	   2.0357882999999998e-03	   1.2651599999999999e-04	   0.0000000000000000e+00	
  -7.9149648842911835e-01	   6.1117371409802512e-01	   2.5293338239125079e-01	  -9.6748369705753767e-01	   3.9110472049076911e-01	   9.2034618356889897e-01	   7.0464273845034162e-02	   9.9751430371272976e-01	  -9.9006957222298408e-01	   1.4057824212230474e-01	  -2.0999334077054654e-01	  -9.7770281621361055e-01	   9.6047551568360534e-01	  -2.7836448008377868e-01	  -6.6542674717406680e-01	  -7.4646315658935269e-01	   5.5388229655796217e-01	   8.3259498050353242e-01	   1.3746361000000001e-01	   3.4873565000000001e-01	  -2.4465740000000000e-01	  -2.6597180000000002e-03	   1.9016857000000000e-03	   7.7773200999999999e-05	   0.0000000000000000e+00	
   8.8788521840240042e-01	   4.6006503773110341e-01	   5.7668032211495679e-01	   8.1696989301037881e-01	   1.3616664909640960e-01	   9.9068594603630833e-01	   9.3776608571004852e-02	  -9.9559326418217620e-01	  -9.8241189536984108e-01	  -1.8672671966228194e-01	  -2.7803112010619796e-01	   9.6057206718314103e-01	   9.3026626432832715e-01	   3.6688510115923073e-01	   5.4130051723290862e-01	  -8.4082920384783588e-01	  -3.7477478806870246e-01	   9.2711588176886450e-01	   1.3893674000000000e-01	   3.5202088999999998e-01	  -2.0861131999999999e-01	  -3.3927368999999998e-03	   1.7311435000000000e-03	  -1.0235643000000000e-04	   0.0000000000000000e+00	
   2.0667741268487666e-01	  -9.7840914094558884e-01	  -9.1456889417177034e-01	  -4.0443013959573421e-01	  -5.8471887822385649e-01	   8.1123599121872969e-01	   1.8188288976299408e-01	   9.8332019933054493e-01	  -9.3383722882292508e-01	   3.5769823883312574e-01	  -5.2158091725615396e-01	  -8.5320182064633976e-01	   7.4410393987136025e-01	  -6.6806386421353392e-01	   9.9968055656930788e-01	   2.5274192712701912e-02	  -9.2449838643357940e-01	  -3.8118595656412646e-01	   1.5035619000000000e-01	   3.3958843999999999e-01	  -2.2490549000000001e-01	  -2.7388921999999998e-03	   1.9506295999999999e-03	  -8.5774836000000003e-05	   0.0000000000000000e+00	
  -9.7814760073380569e-01	   2.0791169081775931e-01	   9.1354545764260098e-01	  -4.0673664307580015e-01	  -8.0901699437494723e-01	   5.8778525229247336e-01	   5.6807353516903003e-01	  -8.2297779960370798e-01	  -3.5458491728112174e-01	  -9.3502381597301576e-01	  -9.7093415012403994e-01	  -2.3934676961034640e-01	  -7.4853907287348020e-01	   6.6309068488534118e-01	  -3.8455305964487141e-01	   9.2310288934536866e-01	  -7.2676647128704386e-01	  -6.8688463093373875e-01	   1.4746371999999999e-01	   3.4910307000000002e-01	  -1.8862301000000001e-01	  -3.0669184999999998e-03	   2.0234489000000000e-03	  -1.2506883999999999e-04	   0.0000000000000000e+00	
   5.7668032211495679e-01	   8.1696989301037881e-01	  -3.3487961217077944e-01	   9.4226092211889401e-01	  -9.6291728734771054e-01	   2.6979677115734113e-01	  -6.9445584538991678e-01	   7.1953532144278787e-01	  -3.5462157607552065e-02	  -9.9937101988091348e-01	   7.4370965067132278e-01	   6.6850277149637827e-01	  -9.9748487075563430e-01	   7.0879705230874002e-02	  -9.8831771519037470e-01	  -1.5240765676591658e-01	   1.8735967396223108e-01	  -9.8229137865134830e-01	   1.4696738000000001e-01	   3.4132655000000001e-01	  -2.0759337000000000e-01	  -2.7917077999999999e-03	   2.2769054000000002e-03	  -1.6810862999999999e-04	   0.0000000000000000e+00	
   3.0901699437487207e-01	  -9.5105651629517807e-01	  -8.0901699437504060e-01	  -5.8778525229234491e-01	  -8.0901699437480712e-01	   5.8778525229266620e-01	   2.7439533300858249e-01	  -9.6161697220000708e-01	  -8.4941440244621824e-01	  -5.2772641862705150e-01	  -7.4054602865161478e-01	   6.7200563944681424e-01	   4.4300965416613208e-01	   8.9651684106635954e-01	  -8.2975926651405107e-01	  -5.5812145598790952e-01	   9.9934490866766001e-01	   3.6190516990313351e-02	   1.4630439000000001e-01	   3.4528103999999998e-01	  -1.9583565999999999e-01	  -3.2028445000000000e-03	   2.1203073999999998e-03	  -2.2839002999999999e-04	   0.0000000000000000e+00	
  -1.0000000000000000e+00	   1.2246467991473532e-16	   1.0000000000000000e+00	  -2.4492935982947064e-16	  -1.0000000000000000e+00	   3.6739403974420594e-16	  -5.5327900469371985e-02	   9.9846823856828382e-01	  -9.9387764685930258e-01	  -1.1048630265067033e-01	   1.6530622751770224e-01	  -9.8624228825571336e-01	   9.7558555385316892e-01	   2.1961973297726589e-01	   5.5327900469371860e-02	  -9.9846823856828382e-01	   5.5327900469372103e-02	   9.9846823856828382e-01	   1.5448936999999999e-01	   3.7586053000000003e-01	  -2.4022017000000001e-01	  -2.2170536999999999e-03	   2.1966622999999999e-03	   6.5615104000000006e-05	   0.0000000000000000e+00	
   4.0343516199002433e-01	   9.1500823497391692e-01	  -6.7448014014016566e-01	   7.3829299099781687e-01	  -9.4765317118302828e-01	  -3.1930153013530960e-01	   2.2046611850085843e-01	  -9.7539463326038733e-01	  -9.0278938118633090e-01	  -4.3008293760297178e-01	  -6.1853505988874302e-01	   7.8575720148683914e-01	   6.3005733356559657e-01	   7.7654861819477250e-01	   9.8143790601332370e-01	  -1.9178017791258403e-01	  -8.0355033755191219e-01	   5.9523680583462579e-01	   1.4182705000000001e-01	   3.6379621000000001e-01	  -2.1981506000000001e-01	  -3.4490307999999999e-03	   1.9395386000000000e-03	  -1.0429218000000000e-04	   0.0000000000000000e+00	
   8.7204940814363241e-01	  -4.8941784781139763e-01	   5.2094034048731919e-01	  -8.5359308903771935e-01	   3.6522023056584800e-02	  -9.9933284837027858e-01	  -7.4237318017466025e-02	   9.9724060317135788e-01	  -9.8897764122714726e-01	  -1.4806493559512346e-01	   2.2107541334535255e-01	  -9.7525671574933614e-01	   9.5615354969442390e-01	   2.9286582150662938e-01	   4.2332874051496439e-01	   9.0597614618378008e-01	  -5.5280595899356766e-01	  -8.3331000936098321e-01	   1.4275167999999999e-01	   3.9272843000000002e-01	  -2.9573283000000000e-01	  -2.5572897000000002e-03	   2.1643639999999998e-03	  -1.2721758000000001e-04	   0.0000000000000000e+00	
  -8.5441940454653253e-01	  -5.1958395003536118e-01	   4.6006503773130264e-01	   8.8788521840229728e-01	   6.8242413364416429e-02	  -9.9766876919055658e-01	  -2.9850202641274731e-01	  -9.5440900049584798e-01	  -8.2179308045496702e-01	   5.6978604134915078e-01	   7.8911582602831098e-01	   6.1424442456700934e-01	   3.5068773416732768e-01	  -9.3649245224111966e-01	  -2.4084967476342073e-01	   9.7056243187460867e-01	   7.5094152209044651e-01	  -6.6036870792041880e-01	   1.4737206999999999e-01	   3.9107888000000002e-01	  -2.3686091000000001e-01	  -2.4522526000000000e-03	   2.2993065999999999e-03	  -6.2353773000000005e-05	   0.0000000000000000e+00	
  -1.8054149250749021e-02	   9.9983701056463781e-01	  -9.9934809538966340e-01	  -3.6102413230313393e-02	   5.4138908585982526e-02	  -9.9853341385109318e-01	   5.4433822815977406e-01	   8.3886583752342536e-01	  -4.0739178672775556e-01	   9.1325348732253242e-01	  -9.8785607486823612e-01	   1.5537173277633862e-01	  -6.6806386421353381e-01	  -7.4410393987136036e-01	  -8.4855667486830755e-01	   5.2910449774731771e-01	   8.2890154764013790e-01	   5.5939451581132271e-01	   1.4046728999999999e-01	   3.8852565999999999e-01	  -2.8124481000000001e-01	  -2.2047779000000001e-03	   1.9786152000000000e-03	  -1.5760470000000001e-04	   0.0000000000000000e+00	
   9.1540800852521698e-01	  -4.0252723874030716e-01	   6.7594364414420749e-01	  -7.3695331598483826e-01	   3.2212044179743776e-01	  -9.4669869598316414e-01	  -9.9311528934866433e-01	  -1.1714103491910392e-01	   9.7255595587616250e-01	   2.3266910557657577e-01	  -9.3860508970677980e-01	  -3.4499345729524761e-01	   8.9173017462039250e-01	   4.5256744875375687e-01	  -9.5625814658777419e-01	   2.9252411368041964e-01	  -8.6195323192943663e-01	   5.0698779666417892e-01	   1.4861798000000001e-01	   3.7230336000000003e-01	  -2.3473988000000001e-01	  -2.5588166000000000e-03	   2.0162729999999999e-03	  -4.3430321000000001e-05	   0.0000000000000000e+00	
  -8.4125353283124116e-01	  -5.4064081745550419e-01	   4.1541501300208844e-01	   9.0963199535442607e-01	   1.4231483827295496e-01	  -9.8982144188098020e-01	   9.2514941999115530e-01	   3.7960314894640806e-01	   7.1180289861994228e-01	   7.0237926614917123e-01	   3.9189865762137005e-01	   9.2000839243703003e-01	   1.3326732967503507e-02	   9.9991119515105586e-01	  -5.7305626120926323e-01	  -8.1951602881753371e-01	  -9.8351417471940272e-01	  -1.8083104856747409e-01	   1.6582528999999999e-01	   3.9123005000000000e-01	  -2.5054564000000001e-01	  -1.6131539000000001e-03	   2.4434895999999998e-03	   1.8334986999999999e-04	   0.0000000000000000e+00	
  -1.5472933479034079e-01	   9.8795689832873712e-01	  -9.5211766591067726e-01	  -3.0573182735986765e-01	   4.4937040096732278e-01	  -8.9334553378548187e-01	  -7.3916843963603052e-01	  -6.7352061426955290e-01	   9.2739964307928149e-02	   9.9569036302465241e-01	   6.0206753021724502e-01	  -7.9844516972557789e-01	  -9.8279859804032843e-01	   1.8468057745730856e-01	   7.7978037799711042e-01	  -6.2605316235179542e-01	  -5.5103829607131616e-01	  -8.3447995557881471e-01	   1.5957621999999999e-01	   3.7114966999999999e-01	  -2.0828747000000000e-01	  -2.6660386000000001e-03	   2.1512745000000001e-03	   1.1919812000000000e-04	   0.0000000000000000e+00	
   9.7662055571012918e-01	  -2.1497044021083095e-01	   9.0757541967112310e-01	  -4.1988910155990566e-01	   7.9609306570600280e-01	  -6.0517421519329295e-01	   2.1284275031557282e-01	   9.7708646681760092e-01	  -9.0939592727620544e-01	   4.1593154178716768e-01	  -5.9995941089006921e-01	  -8.0003044022364622e-01	   6.5400190509309919e-01	  -7.5649290025392635e-01	   4.1791131298789214e-01	   9.0848782846922949e-01	  -2.1781028037581567e-03	  -9.9999762793127478e-01	   1.6175505000000001e-01	   3.6909181000000002e-01	  -2.3701361000000001e-01	  -2.5956589000000001e-03	   2.2266713000000000e-03	   6.0000314000000000e-05	   0.0000000000000000e+00	
  -6.5010409366880340e-01	  -7.5984516014452819e-01	  -1.5472933479012729e-01	   9.8795689832877054e-01	   8.5128444158422856e-01	  -5.2470448779920698e-01	   2.4359032738632536e-01	  -9.6987821524345152e-01	  -8.8132750480764566e-01	  -4.7250590395203457e-01	  -6.7295603824766004e-01	   7.3968247957215671e-01	   5.5347634146094138e-01	   8.3286489867385538e-01	  -8.9531633679432332e-01	   4.4543086676744104e-01	   5.7859819877037544e-01	  -8.1561272941248109e-01	   1.7047691000000001e-01	   3.9332756000000002e-01	  -2.3766945000000000e-01	  -1.8116650000000001e-03	   2.4255106999999999e-03	   1.5130984999999999e-04	   0.0000000000000000e+00	
  -5.9927766651104408e-01	   8.0054124092458712e-01	  -2.8173255684215576e-01	  -9.5949297361428421e-01	   9.3694972500015838e-01	   3.4946417959803477e-01	  -7.1738682973371226e-01	   6.9667505806122676e-01	   2.9287726950772627e-02	  -9.9957102251418684e-01	   6.7536557055906954e-01	   7.3748311580904846e-01	  -9.9828445810011401e-01	  -5.8550326350600208e-02	  -1.2780321019296850e-01	  -9.9179954600935960e-01	   9.8763102081011800e-01	  -1.5679593978660347e-01	   1.7618591000000000e-01	   3.7564670999999999e-01	  -2.6597593000000003e-01	  -2.5182325000000002e-03	   2.5763188000000000e-03	   1.0864272000000000e-04	   0.0000000000000000e+00	
   9.3247222940446295e-01	   3.6124166618687636e-01	   7.3900891722105877e-01	   6.7369564364611878e-01	   4.4573835577733478e-01	   8.9516329135466566e-01	  -1.4387615160599712e-01	  -9.8959570178889122e-01	  -9.5859930599809628e-01	   2.8475844243844328e-01	   4.1971530976436860e-01	   9.0765580411816904e-01	   8.3782525892006354e-01	  -5.4593849059718114e-01	   2.2332268431941144e-01	  -9.7474457098686762e-01	  -4.9164371601176876e-01	   8.7079644952545554e-01	   1.6568752000000000e-01	   3.7245468999999998e-01	  -2.3706231000000000e-01	  -3.3004150000000001e-03	   2.2583811999999999e-03	  -7.6902360999999997e-06	   0.0000000000000000e+00	
   6.0622541096665528e-01	  -7.9529287127341330e-01	  -2.6498150219661987e-01	  -9.6425349545315253e-01	  -9.2750245110207064e-01	  -3.7381707184082835e-01	   3.2557180059090107e-01	   9.4551732012692313e-01	  -7.8800600531999709e-01	   6.1566755280721164e-01	  -8.3867686864785029e-01	  -5.4462933266124802e-01	   2.4190692884075857e-01	  -9.7029945778549842e-01	   9.4933308297485663e-01	   3.1427169387244214e-01	  -5.5459328575011124e-01	  -8.3212155806762722e-01	   1.6389270000000000e-01	   3.7820060999999999e-01	  -2.5128136000000001e-01	  -2.6842628000000000e-03	   2.2544597000000001e-03	   8.6351250000000004e-05	   0.0000000000000000e+00	
  -8.4804809615647758e-01	  -5.2991926423312230e-01	   4.3837114678925271e-01	   8.9879404629908155e-01	   1.0452846326736213e-01	  -9.9452189536830393e-01	  -3.0832375642560378e-01	  -9.5128148369638987e-01	  -8.0987292244720988e-01	   5.8660536094278537e-01	   8.0772987977821464e-01	   5.8955274684583636e-01	   3.1178830102636890e-01	  -9.5015159597986798e-01	  -2.4262900928243744e-01	   9.7011914930828103e-01	   7.6557575855553073e-01	  -6.4334575300698438e-01	   1.6876400000000000e-01	   3.9633784000000000e-01	  -2.2761812000000001e-01	  -2.6802723000000001e-03	   2.6861128999999999e-03	   1.3111808000000001e-04	   0.0000000000000000e+00	
  -3.2288040477135477e-01	   9.4643977315764061e-01	  -7.9149648842937226e-01	  -6.1117371409769627e-01	   8.3399781788971794e-01	  -5.5176774077068769e-01	   6.8488098919535589e-01	   7.2865494621171067e-01	  -6.1876061277581745e-02	   9.9808384068713030e-01	  -7.6963646530596108e-01	   6.3848235000769293e-01	  -9.9234270608154584e-01	  -1.2351499377304202e-01	  -9.1076267301440650e-01	   4.1293020408254622e-01	   4.6849337099120181e-01	   8.8346701202551992e-01	   1.7239703000000001e-01	   4.0927173999999999e-01	  -2.4989167000000001e-01	  -2.0896729999999998e-03	   2.4144703999999999e-03	   1.4868532000000001e-04	   0.0000000000000000e+00	
   9.9068594603634674e-01	  -1.3616664909613019e-01	   9.6291728734786275e-01	  -2.6979677115679795e-01	   9.1721130150559316e-01	  -3.9840108984591893e-01	  -9.7916505979247392e-01	  -2.0306596386790432e-01	   9.1752842863679795e-01	   3.9767019330506576e-01	  -8.1765849758241560e-01	  -5.7570355334257473e-01	   6.8371683471342326e-01	   7.2974741515777730e-01	  -9.9769587543161142e-01	  -6.7844971418304714e-02	  -9.4239425174087466e-01	   3.3450422162621052e-01	   1.7788481000000000e-01	   4.3034693000000002e-01	  -2.2300748000000001e-01	  -1.9039991000000000e-03	   2.5104094000000000e-03	   1.2589738999999999e-04	   0.0000000000000000e+00	
  -6.7448014014077173e-01	  -7.3829299099726309e-01	  -9.0153081111369771e-02	   9.9592792006556718e-01	   7.9609306570500959e-01	  -6.0517421519459935e-01	   9.3643158319153541e-01	   3.5085023870790571e-01	   7.5380821999721115e-01	   6.5709448899274447e-01	   4.7534806655802803e-01	   8.7979782655991179e-01	   1.3645366507072790e-01	   9.9064645423519571e-01	  -3.7257423333550815e-01	  -9.2800239259091266e-01	  -8.9063477759103504e-01	  -4.5471935624664972e-01	   1.7578777000000001e-01	   4.2537074000000002e-01	  -2.2520017000000001e-01	  -1.4103290000000001e-03	   2.6545973000000000e-03	   1.7326576999999999e-04	   0.0000000000000000e+00	
  -4.4228869021882750e-01	   8.9687274153277396e-01	  -6.0876142900902808e-01	  -7.9335334029099924e-01	   9.8078528040311708e-01	  -1.9509032201669843e-01	  -3.9113220494048989e-01	   9.2033450345968815e-01	  -6.9403119651678125e-01	  -7.1994492724199743e-01	   9.3404810932268023e-01	  -3.5714720980392167e-01	  -3.6641396522969931e-02	   9.9932847855990103e-01	  -6.5242957861956308e-01	  -7.5784935504511663e-01	   9.9841627987062598e-01	   5.6257729151644426e-02	   1.6989580000000001e-01	   4.3978170000000000e-01	  -2.6815862000000001e-01	  -1.6943442000000000e-03	   2.5898132999999999e-03	   1.1348601000000000e-04	   0.0000000000000000e+00	
   8.8788521840223555e-01	  -4.6006503773142166e-01	   5.7668032211437115e-01	  -8.1696989301079215e-01	   1.3616664909534529e-01	  -9.9068594603645466e-01	   7.9605685184368657e-01	  -6.0522185075616597e-01	   2.6741302273456241e-01	  -9.6358200235992597e-01	  -3.7030491380352837e-01	  -9.2891025982759035e-01	  -8.5698055054392885e-01	  -5.1534875180738016e-01	   4.2836569815581227e-01	  -9.0360546072026571e-01	   9.8524852536384411e-01	   1.7112960956062120e-01	   1.6555410000000001e-01	   4.1450441999999998e-01	  -2.5736363000000001e-01	  -2.7381332999999999e-03	   2.4995117000000001e-03	  -7.5314391999999997e-05	   0.0000000000000000e+00	
  -3.6534102436626342e-01	  -9.3087374864425587e-01	  -7.3305187183001863e-01	   6.8017273777071219e-01	   9.0096886790223518e-01	   4.3388373911794015e-01	   1.0165170196406799e-01	   9.9482004980187666e-01	  -9.7933386297561664e-01	   2.0225030242067926e-01	  -3.0075360988910155e-01	  -9.5370187487425762e-01	   9.1818963034148759e-01	  -3.9614113991526106e-01	   8.8891433206141157e-01	  -4.5807347691807543e-01	  -9.6318940590966495e-01	   2.6882367519135419e-01	   1.6808591000000001e-01	   4.2014826999999999e-01	  -3.0196696000000001e-01	  -1.5747334000000000e-03	   2.8613366000000001e-03	  -5.9658063000000003e-05	   0.0000000000000000e+00	
  -8.0901699437504082e-01	   5.8778525229234457e-01	   3.0901699437524965e-01	  -9.5105651629505539e-01	   3.0901699437449409e-01	   9.5105651629530086e-01	  -8.0113266424551000e-01	  -5.9848680376336705e-01	   2.8362709144221804e-01	   9.5893465522945187e-01	   3.4668680940689195e-01	  -9.3798094659927356e-01	  -8.3911134600005544e-01	   5.4395969429175106e-01	   9.9991165706726082e-01	   1.3292029980578794e-02	   2.9634822317988158e-01	  -9.5507996032694931e-01	   1.6856312000000001e-01	   4.1980058999999997e-01	  -2.6277321999999997e-01	  -2.5470781000000000e-03	   2.6382632000000001e-03	   3.5007389999999999e-05	   0.0000000000000000e+00	
   9.0963199535467931e-01	   4.1541501300153405e-01	   6.5486073394587063e-01	   7.5574957435375090e-01	   2.8173255684254467e-01	   9.5949297361416996e-01	   8.5653308489225466e-01	   5.1609211821627121e-01	   4.6729785103008475e-01	   8.8409994820872184e-01	  -5.6020945079615130e-02	   9.9842959376832718e-01	  -5.6326543684532937e-01	   8.2627601178748999e-01	   5.6473748509903898e-01	   8.2527060587664980e-01	   9.9352231309664207e-01	  -1.1363720068312974e-01	   1.7017693000000000e-01	   4.1794341000000002e-01	  -2.9558388000000002e-01	  -2.3929980999999999e-03	   2.7383289999999998e-03	  -5.3218837000000001e-05	   0.0000000000000000e+00	
   8.8132491563322674e-02	  -9.9610876109531377e-01	  -9.8446532786168173e-01	  -1.7557909396676907e-01	  -2.6165925596762851e-01	   9.6516031505986977e-01	  -7.5037724658294469e-01	  -6.6100982429204380e-01	   1.2613202437880275e-01	   9.9201346383307976e-01	   5.6108404426434655e-01	  -8.2775883883650847e-01	  -9.6818142485221026e-01	   2.5024933280858919e-01	  -7.2457029350115909e-01	   6.8920090668515810e-01	   5.9230506079359813e-01	   8.0571379221054173e-01	   1.5948071000000000e-01	   3.9684595000000000e-01	  -2.4727708000000001e-01	  -2.4993622999999999e-03	   2.6662120999999999e-03	  -1.2287636000000001e-04	   0.0000000000000000e+00	
  -9.6671840426914180e-01	   2.5584277759460800e-01	   8.6908894630535183e-01	  -4.9465584340008883e-01	  -7.1361015441137776e-01	   7.0054303759367242e-01	   7.8399373481111156e-01	   6.2076873614650119e-01	   2.2929235244615115e-01	   9.7335759981093795e-01	  -4.2446619929534407e-01	   9.0544378381861190e-01	  -8.9485003421942000e-01	   4.4636690766397868e-01	  -9.1672036997321782e-01	  -3.9952942729687224e-01	  -5.9908197457398737e-01	   8.0068769675856288e-01	   1.6660826000000001e-01	   4.0746459000000002e-01	  -2.7039787999999998e-01	  -2.0809903000000001e-03	   2.6509312000000001e-03	   1.0163300999999999e-04	   0.0000000000000000e+00	
   6.4562785155886426e-01	   7.6365219654727978e-01	  -1.6632935458297043e-01	   9.8607025399005543e-01	  -8.6040157926001559e-01	   5.0961664259212636e-01	  -9.6775445178926345e-01	  -2.5189545657288498e-01	   8.7309735791587562e-01	   4.8754589896779699e-01	  -7.2213325814780138e-01	  -6.9175397178248343e-01	   5.2459799279936536e-01	   8.5135007250300798e-01	  -4.3244870883306463e-01	  -9.0165853527187068e-01	  -8.1716974625739214e-01	  -5.7639709038268871e-01	   1.6567638000000001e-01	   4.0353790000000000e-01	  -2.4873042000000001e-01	  -2.6691190000000002e-03	   2.6602819999999999e-03	   6.6242377000000005e-05	   0.0000000000000000e+00	
   2.1256528955258885e-01	  -9.7714686597124389e-01	  -9.0963199535484807e-01	  -4.1541501300116440e-01	  -5.9927766651039371e-01	   8.0054124092507395e-01	   7.9223928946450339e-01	   6.1021054418026810e-01	   2.5528618354244226e-01	   9.6686553589024693e-01	  -3.8774380014496485e-01	   9.2176718614254305e-01	  -8.6965792898466898e-01	   4.9365482531227883e-01	   7.6466789478831565e-01	  -6.4442455778780305e-01	  -4.2786274686839676e-01	  -9.0384371981124600e-01	   1.7160391999999999e-01	   4.0775744000000003e-01	  -2.7912166999999999e-01	  -1.7149481000000000e-03	   2.8309508999999999e-03	   1.0761803000000000e-04	   0.0000000000000000e+00	
  -9.7094181742600871e-01	   2.3931566428773360e-01	   8.8545602565304160e-01	  -4.6472317204408925e-01	  -7.4851074817074026e-01	   6.6312265824120253e-01	  -7.3916843963603052e-01	  -6.7352061426955290e-01	   9.2739964307928149e-02	   9.9569036302465241e-01	   6.0206753021724502e-01	  -7.9844516972557789e-01	  -9.8279859804032843e-01	   1.8468057745730856e-01	   8.7887358137955496e-01	   4.7705474314073737e-01	   5.5650551494875400e-01	  -8.3084391544478564e-01	   1.7756160000000001e-01	   4.2146252000000001e-01	  -2.5260852000000000e-01	  -1.9055627000000000e-03	   2.9343306000000000e-03	   1.0176798000000000e-04	   0.0000000000000000e+00	
   6.2348980185873359e-01	   7.8183148246802980e-01	  -2.2252093395631434e-01	   9.7492791218182362e-01	  -9.0096886790241903e-01	   4.3388373911755823e-01	   8.2034686739230256e-01	   5.7186625810554337e-01	   3.4593796568072821e-01	   9.3825738680848092e-01	  -2.5276861447580007e-01	   9.6752675804650712e-01	  -7.6065384780135858e-01	   6.4915770335488399e-01	   6.4374861457757629e-02	   9.9792578742724880e-01	   9.5858095015396139e-01	   2.8482022751540759e-01	   1.8246519000000000e-01	   4.3588532000000002e-01	  -2.7068530000000002e-01	  -1.6023380000000000e-03	   2.8144711999999999e-03	   1.6192754999999999e-04	   0.0000000000000000e+00	
   6.6913060635881894e-01	  -7.4314482547742966e-01	  -1.0452846326775872e-01	  -9.9452189536826230e-01	  -8.0901699437503971e-01	  -5.8778525229234613e-01	  -6.3754699243166091e-01	  -7.7041146956762252e-01	  -1.8706766488268739e-01	   9.8234703071538754e-01	   8.7607584668600280e-01	  -4.8217332034591387e-01	  -9.3001137751067708e-01	  -3.6753073028073824e-01	  -9.9912950272567957e-01	  -4.1716145353284273e-02	   1.4592509146960231e-01	   9.8929564220185884e-01	   1.9119591000000000e-01	   4.2798848000000000e-01	  -2.4320623000000000e-01	  -1.8650606000000000e-03	   2.8741525000000002e-03	   1.7844160000000001e-04	   0.0000000000000000e+00	
  -8.3399781788994731e-01	  -5.5176774077034108e-01	   3.9110472049038736e-01	   9.2034618356906117e-01	   1.8163685097906523e-01	  -9.8336567682953469e-01	   8.1281467547899977e-01	   5.8252236294065851e-01	   3.2133539334806338e-01	   9.4696545078574301e-01	  -2.9044242855075397e-01	   9.5689246819981821e-01	  -7.9348712996369075e-01	   6.0858703123052582e-01	  -3.5646861755044401e-01	  -9.3430729671863055e-01	  -9.9930271384637925e-01	   3.7337462410579447e-02	   2.0472957000000000e-01	   4.3131803000000002e-01	  -2.8889482999999999e-01	  -1.0879861000000000e-03	   3.4136618000000000e-03	   1.2793257999999999e-04	   0.0000000000000000e+00	
  -2.8925211953650959e-01	   9.5725295055363335e-01	  -8.3266642268727353e-01	  -5.5377488976043210e-01	   7.7095317479486358e-01	  -6.3689182933502964e-01	  -9.1130613336642152e-01	  -4.1172943942441370e-01	   6.6095773742251607e-01	   7.5042312686997348e-01	  -2.9336354665184178e-01	  -9.5600095684881647e-01	  -1.2626973868261657e-01	   9.9199594409101477e-01	   6.5772645134167218e-01	  -7.5325687199353908e-01	  -1.3053199009595493e-01	  -9.9144409805172051e-01	   2.0613074000000001e-01	   4.2691064000000001e-01	  -2.6214601999999998e-01	  -1.8449969999999999e-03	   3.1850683999999998e-03	   1.4540264999999999e-04	   0.0000000000000000e+00	
   9.8982144188095100e-01	  -1.4231483827315783e-01	   9.5949297361456987e-01	  -2.8173255684118287e-01	   9.0963199535467942e-01	  -4.1541501300153383e-01	   8.9147872781202242e-01	   4.5306255402389872e-01	   5.8946864428268375e-01	   8.0779125856098177e-01	   1.5951878636838648e-01	   9.8719489301533414e-01	  -3.0505343481506980e-01	   9.5233523609468951e-01	   9.4688228387262696e-01	   3.2158037951367285e-01	   8.1792723566555714e-01	  -5.7532168145872975e-01	   2.0821083000000001e-01	   4.2694785000000002e-01	  -2.7584462999999998e-01	  -1.8081850999999999e-03	   3.1862391000000000e-03	   1.3746890000000000e-04	   0.0000000000000000e+00	
  -3.0214041556950111e-01	  -9.5326343120854540e-01	  -8.1742233855897839e-01	   5.7603881850511685e-01	   7.9609306570550686e-01	   6.0517421519394532e-01	  -7.1738682973371248e-01	  -6.9667505806122665e-01	   2.9287726950773117e-02	   9.9957102251418684e-01	   6.7536557055906965e-01	  -7.3748311580904846e-01	  -9.9828445810011390e-01	   5.8550326350601187e-02	  -4.4736330142502667e-01	   8.9435232237530460e-01	   8.8086641114468822e-01	   4.7336493925625400e-01	   2.0604474000000000e-01	   4.1848171000000001e-01	  -2.4341244000000001e-01	  -1.7356265000000000e-03	   3.1447875000000002e-03	   1.0665927000000000e-04	   0.0000000000000000e+00	
  -8.7204940814383591e-01	   4.8941784781103509e-01	   5.2094034048802906e-01	  -8.5359308903728615e-01	  -3.6522023057832226e-02	   9.9933284837023306e-01	   6.7973041927471289e-01	   7.3346203522242581e-01	  -7.5933114225245887e-02	   9.9711291344764752e-01	  -7.8295851441303510e-01	   6.2207392222157420e-01	  -9.8846832432811149e-01	  -1.5142777750457587e-01	  -9.5172792055553612e-01	  -3.0694293481856721e-01	  -2.3378909909621365e-01	   9.7228733260481226e-01	   2.0613339999999999e-01	   4.4141576999999999e-01	  -2.6466616999999998e-01	  -1.2546660000000000e-03	   3.0417064000000001e-03	   2.9205011000000002e-04	   0.0000000000000000e+00	
   7.2517630714335868e-01	   6.8856323134329578e-01	   5.1761352884157827e-02	   9.9865948268045890e-01	  -6.5010409366880328e-01	   7.5984516014452830e-01	  -4.0018435546188336e-01	  -9.1643465759625053e-01	  -6.7970496328711405e-01	   7.3348562554617458e-01	   9.4419894073647692e-01	   3.2937571299674623e-01	  -7.6002325765725978e-02	  -9.9710764036697686e-01	   3.4081899607906718e-01	  -9.4012893366370598e-01	  -9.2122742221985476e-01	   3.8902446780396904e-01	   1.9808622000000001e-01	   4.3710713000000001e-01	  -2.4819425000000001e-01	  -1.8206663000000000e-03	   2.8973765999999999e-03	   2.6209142000000000e-04	   0.0000000000000000e+00	
   4.4573835577658222e-01	  -8.9516329135504047e-01	  -6.0263463637917802e-01	  -7.9801722728029867e-01	  -9.8297309968392887e-01	   1.8374951781642548e-01	  -2.5931068926884981e-01	   9.6579395650983135e-01	  -8.6551593286182804e-01	  -5.0088139310850788e-01	   7.0818575551599405e-01	  -7.0602615793201373e-01	   4.9823566007536074e-01	   8.6704165241888442e-01	   7.4895857661015786e-01	   6.6261682028310009e-01	  -9.8012801715013675e-01	  -1.9836600010420419e-01	   2.0419792000000000e-01	   4.3190779000000001e-01	  -2.7648576000000002e-01	  -1.2604936000000001e-03	   3.0873448000000000e-03	   2.4020418999999999e-04	   0.0000000000000000e+00	
  -9.8513898901683239e-01	   1.7175905309151387e-01	   9.4099765536221303e-01	  -3.3841307983412483e-01	  -8.6888796872464802e-01	   4.9500878558421069e-01	  -1.4387615160599712e-01	  -9.8959570178889122e-01	  -9.5859930599809628e-01	   2.8475844243844328e-01	   4.1971530976436860e-01	   9.0765580411816904e-01	   8.3782525892006354e-01	  -5.4593849059718114e-01	   3.1171002721945662e-01	   9.5017727763341386e-01	  -2.8234014145927584e-02	  -9.9960134075800822e-01	   2.0823277000000001e-01	   4.3086025000000000e-01	  -2.5514204000000001e-01	  -1.9294748000000001e-03	   3.2324512000000000e-03	   9.7638554999999994e-05	   0.0000000000000000e+00	
   3.0901699437526720e-01	   9.5105651629504973e-01	  -8.0901699437455221e-01	   5.8778525229301715e-01	  -8.0901699437554031e-01	  -5.8778525229165712e-01	  -8.2783228084956792e-02	   9.9656757781288174e-01	  -9.8629387429566806e-01	  -1.6499816219231342e-01	   2.4608040959418476e-01	  -9.6924941682415178e-01	   9.4555121294631805e-01	   3.2547335328064364e-01	  -9.7337351313481069e-01	   2.2922478907743940e-01	   9.2221066447981959e-01	  -3.8668784609771445e-01	   2.0083555000000000e-01	   4.2400522000000002e-01	  -3.0487185000000000e-01	  -1.9711433000000000e-03	   3.1577443000000002e-03	   1.1650931000000000e-04	   0.0000000000000000e+00	
   9.5760059990847257e-01	  -2.8809909936501632e-01	   8.3399781789013294e-01	  -5.5176774077006052e-01	   6.3967302155942551e-01	  -7.6864713977808752e-01	  -7.0634560445661909e-01	  -7.0786713941587476e-01	  -2.1517741296269315e-03	   9.9999768493136776e-01	   7.0938539685310997e-01	  -7.0482079902025851e-01	  -9.9999073973619013e-01	  -4.3035382962442808e-03	  -8.8033285990617505e-01	  -4.7435646487574601e-01	  -4.7246108923456709e-01	   8.8135152984452603e-01	   1.9872865000000001e-01	   3.9777338000000001e-01	  -2.4819585000000000e-01	  -3.0002470000000002e-03	   3.0862678000000000e-03	   7.3264846999999999e-05	   0.0000000000000000e+00	
  -3.2288040477135499e-01	  -9.4643977315764050e-01	  -7.9149648842937192e-01	   6.1117371409769672e-01	   8.3399781788971794e-01	   5.5176774077068780e-01	   5.2616309584161303e-01	   8.5038367609824783e-01	  -4.4630479314873922e-01	   8.9488101533805098e-01	  -9.9582131914579564e-01	   9.1323054782061958e-02	  -6.0162406322492223e-01	  -7.9877937288636514e-01	   6.3494918014229718e-01	  -7.7255390662181278e-01	  -9.7472468686447533e-01	  -2.2340945552270294e-01	   2.0889071000000001e-01	   4.2559355999999998e-01	  -2.8461325999999998e-01	  -1.5793381000000000e-03	   2.9981409000000001e-03	   2.1850643999999999e-04	   0.0000000000000000e+00	
  -6.1210598254776050e-01	   7.9077573693762293e-01	  -2.5065253225848144e-01	  -9.6807711886626624e-01	   9.1895781162008439e-01	   3.9435585511365945e-01	  -9.2760652130978505e-01	  -3.7355875257254956e-01	   7.2090771675288146e-01	   6.9303106995729080e-01	  -4.0983087733525492e-01	  -9.1216152735281220e-01	   3.9415872147705394e-02	   9.9922289256343388e-01	   8.6319469899909318e-01	  -5.0487118319415392e-01	   2.7239230328897907e-01	  -9.6218627775962640e-01	   1.9897843000000001e-01	   4.2931262999999997e-01	  -2.5593760999999998e-01	  -2.4714462000000000e-03	   3.0406881000000002e-03	   2.2328189000000000e-04	   0.0000000000000000e+00	
   9.9745211461025818e-01	   7.1339183199167933e-02	   9.8982144188095111e-01	   1.4231483827315730e-01	   9.7714686597120071e-01	   2.1256528955278739e-01	   9.9090044587495107e-01	   1.3459682895530364e-01	   9.6376738727035349e-01	   2.6674411565032979e-01	   9.1909462165690869e-01	   3.9403689730955893e-01	   8.5769515353184700e-01	   5.1415855882011874e-01	   9.7877371726734808e-01	   2.0494392010171317e-01	   9.9797777294508705e-01	  -6.3563863220892525e-02	   1.8734823000000000e-01	   4.5333996999999998e-01	  -2.7801281999999999e-01	  -1.9091964000000001e-03	   2.8465318000000001e-03	   2.7255353999999999e-04	   0.0000000000000000e+00	
  -1.6178199655282086e-01	  -9.8682652254151693e-01	  -9.4765317118276615e-01	   3.1930153013608775e-01	   4.6840844069994009e-01	   8.8351204444594345e-01	  -7.7160496011423219e-01	   6.3610202446393316e-01	   1.9074842894577163e-01	  -9.8163895443015092e-01	   4.7724009229712344e-01	   8.7877294809537299e-01	  -9.2723007370943988e-01	  -3.7449217669904239e-01	   7.5255413978070251e-01	   6.5853038403624686e-01	  -5.0289055778602187e-01	   8.6435009509437999e-01	   1.8668799000000000e-01	   4.4339329000000000e-01	  -2.6455759000000001e-01	  -1.2836842000000001e-03	   3.1209916999999998e-03	   3.1524708000000000e-04	   0.0000000000000000e+00	
  -9.4253615452563810e-01	   3.3410417149748750e-01	   7.7674880517595490e-01	  -6.2981052202843235e-01	  -5.2169150920021823e-01	   8.5313420352743952e-01	   9.0759752871131394e-01	  -4.1984131035084626e-01	   6.4746654824576877e-01	  -7.6209387145069574e-01	   2.6768054951089665e-01	  -9.6350771839853178e-01	  -1.6157413780541924e-01	  -9.8686057677487315e-01	  -7.1517275141334458e-01	   6.9894773455235293e-01	  -9.9571421772372326e-01	  -9.2483493785830914e-02	   1.7510433000000000e-01	   4.4407277000000001e-01	  -2.4398279000000000e-01	  -1.5628757000000000e-03	   3.0909886000000000e-03	   2.7759866000000001e-04	   0.0000000000000000e+00	
  -3.6017772480457821e-01	   9.3288370473205151e-01	  -7.4054401310919504e-01	  -6.7200786055531259e-01	   8.9363264032322154e-01	  -4.4879918020084181e-01	  -6.7156859810078684e-01	   7.4094238510490396e-01	  -9.7991236089887593e-02	  -9.9518727767670745e-01	   8.0318427219488497e-01	   5.9573066472926584e-01	  -9.8079543529915181e-01	   1.9503926296094148e-01	  -4.4932902749552384e-01	  -8.9336634425633410e-01	   9.3309712692380686e-01	  -3.5962445929961034e-01	   1.7776380000000000e-01	   4.1752729000000000e-01	  -2.7353254999999999e-01	  -2.1706837999999999e-03	   3.0537749999999999e-03	   2.4984306000000000e-04	   0.0000000000000000e+00	
   8.7767898956747226e-01	   4.7924898671966015e-01	   5.4064081745635806e-01	   8.4125353283069249e-01	   7.1339183200584924e-02	   9.9745211461015681e-01	   0.0000000000000000e+00	   0.0000000000000000e+00	   0.0000000000000000e+00	   0.0000000000000000e+00	   0.0000000000000000e+00	   0.0000000000000000e+00	   0.0000000000000000e+00	   0.0000000000000000e+00	   0.0000000000000000e+00	   0.0000000000000000e+00	   0.0000000000000000e+00	   0.0000000000000000e+00	   1.8863605999999999e-01	   4.4269720000000001e-01	  -2.9152802999999999e-01	  -1.8342673000000000e-03	   3.0611631000000000e-03	   3.5571122000000003e-04	   0.0000000000000000e+00	
  -2.8452758663098299e-01	  -9.5866785303667534e-01	  -8.3808810489189689e-01	   5.4553490121046222e-01	   7.6144595836903406e-01	   6.4822839530790621e-01	  -8.1005611179010850e-01	   5.8635236483832087e-01	   3.1238180849701741e-01	  -9.4995663359973059e-01	   3.0396252541999608e-01	   9.5268398912771612e-01	  -8.0483521144026549e-01	  -5.9349834239524479e-01	   7.9260047324584770e-01	   6.0974133024624322e-01	  -3.3163385219921304e-01	   9.4340817681187739e-01	   1.9845758999999999e-01	   4.6712266000000002e-01	  -2.8216778999999997e-01	  -6.3782487000000004e-04	   3.2620959999999999e-03	   3.9593575000000002e-04	   0.0000000000000000e+00	
   2.7183007223665706e-01	   9.6234526643394147e-01	  -8.5221682365562756e-01	   5.2318876658268665e-01	  -7.3514639370786450e-01	  -6.7790838600678305e-01	   8.9405855938365053e-01	   4.4795010033800797e-01	   5.9868141521433715e-01	   8.0098724276792233e-01	   1.7645392784894026e-01	   9.8430890036953389e-01	  -2.8316112615391686e-01	   9.5907235213785913e-01	  -1.8805065587783182e-01	   9.8215933067090355e-01	   6.7411466143995036e-01	   7.3862671440430661e-01	   1.9883416000000001e-01	   4.6505026999999999e-01	  -2.9419022000000000e-01	  -8.2246944999999998e-04	   3.1017519000000001e-03	   1.8066879999999999e-04	   0.0000000000000000e+00	
  -1.7024355572224645e-01	  -9.8540201528870763e-01	  -9.4203426347009267e-01	   3.3551668579723409e-01	   4.9099408097291874e-01	   8.7116290810017782e-01	  -5.9559127894816377e-01	   8.0328763742565501e-01	  -2.9054205688178125e-01	  -9.5686222267518939e-01	   9.4167990944106417e-01	   3.3650995253494237e-01	  -8.3117062636580763e-01	   5.5601743665704506e-01	   8.9295683386104086e-01	   4.5014230290083312e-01	  -6.9016567969044940e-01	   7.2365139022696556e-01	   2.0972142999999999e-01	   4.6507935000000000e-01	  -2.7722917000000002e-01	  -1.3141124000000000e-04	   3.3064366000000000e-03	   1.2745913000000001e-04	   0.0000000000000000e+00	
   4.0982032479678349e-01	   9.1216626849684534e-01	  -6.6409460276691779e-01	   7.4764855284809428e-01	  -9.5413925640024178e-01	  -2.9936312297274298e-01	   7.2455363030278019e-01	  -6.8921842460504645e-01	   4.9955926369875781e-02	  -9.9875142323829880e-01	  -6.5216213468991779e-01	  -7.5807951434970833e-01	  -9.9500881084105508e-01	  -9.9787105122202194e-02	   9.2561860265463347e-01	   3.7845766265156222e-01	  -3.3174499444788558e-01	   9.4336909990669737e-01	   2.1692290000000000e-01	   4.6360536000000002e-01	  -2.5499604999999997e-01	  -1.2923781000000001e-03	   3.2016266000000002e-03	   1.8157416000000000e-04	   0.0000000000000000e+00	
   5.9070279516458168e-01	  -8.0688921655004797e-01	  -3.0214041556950050e-01	  -9.5326343120854562e-01	  -9.4765317118276582e-01	  -3.1930153013608853e-01	  -5.2199541351498768e-01	   8.5294829167383701e-01	  -4.5504157653863397e-01	  -8.9047019243837389e-01	   9.9705464533858013e-01	   7.6694420975441824e-02	  -5.8587432724246913e-01	   8.1040192045563675e-01	   3.7989062900000969e-01	   9.2503141027641700e-01	  -9.9657892865279907e-01	  -8.2646469768763664e-02	   2.1585153000000001e-01	   4.2088280000000000e-01	  -2.8245730000000002e-01	  -1.7222708000000000e-03	   3.3917136000000000e-03	   2.4075392999999999e-04	   0.0000000000000000e+00	
  -1.0000000000000000e+00	  -3.2162452993532732e-16	   1.0000000000000000e+00	   6.4324905987065464e-16	  -1.0000000000000000e+00	  -1.4089627996560444e-15	  -5.9559127894816388e-01	  -8.0328763742565490e-01	  -2.9054205688178075e-01	   9.5686222267518961e-01	   9.4167990944106428e-01	  -3.3650995253494220e-01	  -8.3117062636580807e-01	  -5.5601743665704417e-01	   5.9559127894816333e-01	   8.0328763742565534e-01	   5.9559127894816422e-01	  -8.0328763742565468e-01	   2.1331686000000000e-01	   4.2570836000000001e-01	  -2.4257846999999999e-01	  -2.3534619000000001e-03	   3.4523454000000000e-03	   2.5133623000000001e-04	   0.0000000000000000e+00	
   4.2705643886656353e-01	   9.0422497091299636e-01	  -6.3524559604521813e-01	   7.7231019202465245e-01	  -9.6962788297204039e-01	  -2.4458489030019670e-01	   3.8940669503411457e-01	   9.2106591830476936e-01	  -6.9672485172521614e-01	   7.1733847031124409e-01	  -9.3202533875101456e-01	  -3.6239311241531141e-01	  -2.9148961976951118e-02	  -9.9957507872878981e-01	  -6.6655216673601547e-01	   7.4545838852314428e-01	   9.9914943964014924e-01	  -4.1235873542047649e-02	   2.1659575000000000e-01	   4.2790042000000000e-01	  -2.8450397999999999e-01	  -2.1446575000000001e-03	   3.4679212000000002e-03	   3.7796145000000000e-04	   0.0000000000000000e+00	
   4.7046548060289373e-01	  -8.8241839937814548e-01	  -5.5732446312217643e-01	  -8.3029479271255091e-01	  -9.9486932339194256e-01	   1.0116832198696578e-01	  -6.8305806332643604e-01	  -7.3036407505075052e-01	  -6.6863364249476878e-02	   9.9776214125473905e-01	   7.7440118350991183e-01	  -6.3269487668104907e-01	  -9.9105858104248357e-01	  -1.3342746697010724e-01	  -9.6584193811213670e-01	   2.5913191733900987e-01	   3.2313145802702947e-01	   9.4635408850668901e-01	   2.1848058000000001e-01	   4.5865319999999998e-01	  -2.5555509999999998e-01	  -1.8645173999999999e-03	   3.5861379000000000e-03	   3.0221995000000000e-04	   0.0000000000000000e+00	
  -9.9931706014302402e-01	  -3.6951499389115378e-02	   9.9726917338579246e-01	   7.3852527474815050e-02	  -9.9385913689528338e-01	  -1.1065268189141367e-01	   9.4438169649105985e-01	   3.2885135142290001e-01	   7.8371357733466462e-01	   6.2112239430027205e-01	   5.3586781896171620e-01	   8.4430188949285989e-01	   2.2841394259739475e-01	   9.7356410719947661e-01	  -9.3158519007911444e-01	  -3.6352308540897404e-01	  -9.5588829110154050e-01	   2.9373044604701176e-01	   2.2201847000000000e-01	   4.4454257000000003e-01	  -2.8344931000000001e-01	  -1.4062056000000000e-03	   3.6641776000000000e-03	   4.4982542000000000e-04	   0.0000000000000000e+00	
   5.9317974472947232e-01	   8.0507005312747659e-01	  -2.9627558088535599e-01	   9.5510249720699869e-01	  -9.4466909160777557e-01	   3.2802485783998170e-01	  -9.9929631044340195e-01	   3.7508451503681449e-02	   9.9718623213159197e-01	  -7.4964114396148293e-02	  -9.9367273474471329e-01	   1.1231427435977474e-01	   9.8876076310560235e-01	  -1.4950636555955349e-01	  -6.2295926138271873e-01	  -7.8225428005060960e-01	  -5.6256539929312233e-01	  -8.2675278742691261e-01	   2.2443605000000000e-01	   4.6576990000000001e-01	  -2.8709004999999999e-01	  -1.4757633000000000e-03	   3.7071267000000001e-03	   3.8158955999999998e-04	   0.0000000000000000e+00	
   1.6889480013723923e-02	  -9.9985736255971336e-01	  -9.9942949092973199e-01	  -3.3774141883053985e-02	  -5.0649168838091001e-02	   9.9871650717108429e-01	   9.2285356430339860e-01	  -3.8515100785602641e-01	   7.0331740229497419e-01	  -7.1087596078996051e-01	   3.7526437878564978e-01	  -9.2691782052920979e-01	  -1.0689263258099003e-02	  -9.9994286819347789e-01	  -3.6950955407224506e-01	  -9.2922693108267729e-01	   4.0068258773203813e-01	  -9.1621693058377696e-01	   2.2020701000000001e-01	   4.5915572999999998e-01	  -2.6600606999999998e-01	  -1.5098090000000000e-03	   3.6141665000000000e-03	   3.6047686000000002e-04	   0.0000000000000000e+00	
  -9.1354545764259010e-01	   4.0673664307582436e-01	   6.6913060635881894e-01	  -7.4314482547742966e-01	  -3.0901699437487279e-01	   9.5105651629517785e-01	  -6.0541522887820454e-01	   7.9590979428723652e-01	  -2.6694480128470233e-01	  -9.6371182054962401e-01	   9.2864012481345437e-01	   3.7098183053412714e-01	  -8.5748094613414150e-01	   5.1451572086467623e-01	   2.2934865440977231e-01	  -9.7334433512525609e-01	   8.7680001024889331e-01	   4.8085521940345044e-01	   2.3036126000000001e-01	   4.6128475000000002e-01	  -3.0242945999999998e-01	  -1.3462271000000000e-03	   3.8181792000000002e-03	   4.2770553000000001e-04	   0.0000000000000000e+00	
   8.9251883586005987e-01	   4.5101011921574830e-01	   5.9317974472999302e-01	   8.0507005312709301e-01	   1.6632935458430176e-01	   9.8607025398983095e-01	  -9.9903030824658945e-01	  -4.4027754936227931e-02	   9.9612311359055095e-01	   8.7970123170690182e-02	  -9.9128405419725163e-01	  -1.3174188359918171e-01	   9.8452251485866715e-01	   1.7525814599146433e-01	  -8.7179640470257280e-01	  -4.8986837900365438e-01	  -9.1151033070775256e-01	  -4.1127717784122608e-01	   2.2530228999999999e-01	   4.5942988000000001e-01	  -2.7064578000000000e-01	  -1.9879148999999998e-03	   3.7428315000000000e-03	   3.6333410000000002e-04	   0.0000000000000000e+00	
  -3.5460488704242299e-01	  -9.3501624268545758e-01	  -7.4851074817126084e-01	   6.6312265824061478e-01	   8.8545602565304193e-01	   4.6472317204408858e-01	   9.2976881999472771e-01	   3.6814391393259721e-01	   7.2894011726877683e-01	   6.8457746489070304e-01	   4.2572276536489057e-01	   9.0485364952022507e-01	   6.2707389127636404e-02	   9.9803195507398224e-01	   1.4519971782978201e-02	  -9.9989457965298600e-01	  -6.7392110656257287e-01	  -7.3880331762213780e-01	   2.2610599000000001e-01	   4.7940300000000002e-01	  -2.9096768000000001e-01	  -8.0889912999999999e-04	   3.7320551999999998e-03	   2.8360171000000001e-04	   0.0000000000000000e+00	
  -5.3932003449894472e-01	   8.4210088492297464e-01	  -4.1826780077611408e-01	  -9.0832375661650122e-01	   9.9048044398768786e-01	   1.3765351458627079e-01	  -9.2246545178828554e-01	  -3.8607964237581127e-01	   7.0188501948593141e-01	   7.1229026346092483e-01	  -3.7246391141875218e-01	  -9.2804667699994703e-01	  -1.4714838842467494e-02	   9.9989173089782091e-01	   8.2262210777795930e-01	  -5.6858848721632371e-01	   1.7238609078712652e-01	  -9.8502945930724961e-01	   2.2103112999999999e-01	   4.6394647999999999e-01	  -2.6472530999999999e-01	  -2.2091185000000001e-03	   3.7858014999999998e-03	   1.7733743999999999e-04	   0.0000000000000000e+00	
   9.7607587755597125e-01	   2.1743017558135899e-01	   9.0544823749331882e-01	   4.2445669887544779e-01	   7.9149648842962594e-01	   6.1117371409736765e-01	   9.9369610111696571e-01	   1.1210735312610409e-01	   9.7486388275011804e-01	   2.2280127941590502e-01	   9.4374077770011244e-01	   3.3068617223280894e-01	   9.0071917978127158e-01	   4.3440184066616627e-01	   9.4554727244751924e-01	   3.2548480082341297e-01	   9.9429831539585967e-01	   1.0663423465733451e-01	   2.3779565000000000e-01	   4.8247549000000001e-01	  -2.9164206999999998e-01	  -1.3232962999999999e-03	   3.8506207000000001e-03	   3.0454334000000000e-04	   0.0000000000000000e+00	
   1.7648480642911333e-02	  -9.9984425343700245e-01	  -9.9937706226199352e-01	  -3.5291463905418145e-02	  -5.2923454119512110e-02	   9.9859857200181290e-01	  -9.7104203948461010e-01	   2.3890868036462992e-01	   8.8584528489286218e-01	  -4.6398074446369408e-01	  -7.4934398473577091e-01	   6.6218093640659625e-01	   5.6944373753383237e-01	  -8.2203030952848677e-01	   2.2173405452149600e-01	   9.7510717824527282e-01	  -2.5600888779609010e-01	   9.6667442780359558e-01	   2.3855527000000001e-01	   4.7506540000000003e-01	  -2.7903451000000001e-01	  -9.0231142999999995e-04	   3.9513915000000000e-03	   2.6996508000000000e-04	   0.0000000000000000e+00	
  -8.0054124092446544e-01	   5.9927766651120662e-01	   2.8173255684176596e-01	  -9.5949297361439867e-01	   3.4946417959860621e-01	   9.3694972499994533e-01	   8.1281467547899966e-01	  -5.8252236294065873e-01	   3.2133539334806294e-01	  -9.4696545078574312e-01	  -2.9044242855075553e-01	  -9.5689246819981777e-01	  -7.9348712996369131e-01	  -6.0858703123052504e-01	  -3.0159902659590243e-01	   9.5343485732188549e-01	  -9.9978431130324719e-01	   2.0768506732351831e-02	   2.2594522000000000e-01	   4.7346757000000000e-01	  -2.7037156000000001e-01	  -1.7328345000000001e-03	   3.8073781000000002e-03	   1.7652990000000001e-04	   0.0000000000000000e+00	
   7.1933980033857148e-01	   6.9465837045907974e-01	   3.4899496702271847e-02	   9.9939082701910376e-01	  -6.6913060635911370e-01	   7.4314482547716421e-01	  -3.1959298235239109e-01	   9.4755491958572202e-01	  -7.9572065126220848e-01	  -6.0566380538616205e-01	   8.2820645446494356e-01	  -5.6042311585319826e-01	   2.6634270969030638e-01	   9.6387839533564879e-01	  -8.8812290847487974e-01	   4.5960602633355496e-01	   4.2833100424492454e-01	  -9.0362190699569389e-01	   2.3457816000000001e-01	   4.5864618000000001e-01	  -3.0072241000000000e-01	  -1.4122734000000001e-03	   3.8604707000000002e-03	   3.3764670000000001e-04	   0.0000000000000000e+00	
   1.8873759545273025e-01	  -9.8202755565346611e-01	  -9.2875624012544311e-01	  -3.7069103904471484e-01	  -5.3932003449871957e-01	   8.4210088492311885e-01	   2.2046611850085843e-01	  -9.7539463326038733e-01	  -9.0278938118633090e-01	  -4.3008293760297178e-01	  -6.1853505988874302e-01	   7.8575720148683914e-01	   6.3005733356559657e-01	   7.7654861819477250e-01	  -9.1625416241355850e-01	  -4.0059744115486856e-01	   9.9947465258285595e-01	  -3.2410165756742257e-02	   2.3108381000000000e-01	   4.7068792999999998e-01	  -2.6979469000000000e-01	  -1.4062190000000000e-03	   3.9555837000000002e-03	   3.0825311999999999e-04	   0.0000000000000000e+00	
  -8.7434661614460607e-01	   4.8530196253103797e-01	   5.2896401032704610e-01	  -8.4864425749469885e-01	  -5.0649168838860309e-02	   9.9871650717104532e-01	  -3.1959298235239109e-01	   9.4755491958572202e-01	  -7.9572065126220848e-01	  -6.0566380538616205e-01	   8.2820645446494356e-01	  -5.6042311585319826e-01	   2.6634270969030638e-01	   9.6387839533564879e-01	  -1.8041521941751440e-01	  -9.8359053909771321e-01	   7.3928530474426668e-01	   6.7339233600418757e-01	   2.3078868999999999e-01	   4.8180592000000000e-01	  -2.8467587000000000e-01	  -1.1882005000000001e-03	   4.0001268000000000e-03	   4.8221785000000003e-04	   0.0000000000000000e+00	
   9.8958651655565633e-01	   1.4393931447398836e-01	   9.5856294749751658e-01	   2.8488080961144663e-01	   9.0757541967112354e-01	   4.1988910155990483e-01	   9.2514941999115530e-01	   3.7960314894640806e-01	   7.1180289861994228e-01	   7.0237926614917123e-01	   3.9189865762137005e-01	   9.2000839243703003e-01	   1.3326732967503507e-02	   9.9991119515105586e-01	   8.6087557479101995e-01	   5.0881553113896882e-01	   9.7015520885404660e-01	  -2.4248478453989911e-01	   2.3273179999999999e-01	   4.7020376000000003e-01	  -2.9314242000000001e-01	  -1.5434522999999999e-03	   3.9699343000000002e-03	   3.1023960000000001e-04	   0.0000000000000000e+00	
  -1.7364817766697407e-01	  -9.8480775301220036e-01	  -9.3969262078587801e-01	   3.4202014332575215e-01	   5.0000000000011535e-01	   8.6602540378437209e-01	  -7.2794146574352836e-01	   6.8563928012560926e-01	   5.9797555097672768e-02	  -9.9821052509194708e-01	   6.4088322593216929e-01	   7.6763838538648910e-01	  -9.9284850480868159e-01	  -1.1938109774652515e-01	   8.0162858781199375e-01	   5.9782238767258333e-01	  -5.4881716986281404e-01	   8.3594241073399966e-01	   2.4019604000000000e-01	   4.6146121000000001e-01	  -2.8076449999999997e-01	  -1.2883560000000000e-03	   4.0333035000000000e-03	   3.2062831000000000e-04	   0.0000000000000000e+00	
  -9.1848698574590726e-01	   3.9545120687057911e-01	   6.8723668596920484e-01	  -7.2643357401627884e-01	  -3.4394891863381599e-01	   9.3898836061509761e-01	   8.5653308489225466e-01	   5.1609211821627121e-01	   4.6729785103008475e-01	   8.8409994820872184e-01	  -5.6020945079615130e-02	   9.9842959376832718e-01	  -5.6326543684532937e-01	   8.2627601178748999e-01	  -9.9080374233934831e-01	  -1.3530685188246103e-01	  -5.8262524032931229e-01	   8.1274093617290566e-01	   2.3590326000000000e-01	   4.5965445999999999e-01	  -2.9626736999999997e-01	  -1.5740887000000000e-03	   3.9603978999999999e-03	   4.5535417999999998e-04	   0.0000000000000000e+00	
   5.7668032211490849e-01	   8.1696989301041278e-01	  -3.3487961217089074e-01	   9.4226092211885437e-01	  -9.6291728734775828e-01	   2.6979677115717049e-01	  -9.4741062957081024e-01	  -3.2002046649588045e-01	   7.9517380204751809e-01	   6.0638158327681302e-01	  -5.5930159526129775e-01	  -8.2896424864897977e-01	   2.6460275092541102e-01	   9.6435749813163418e-01	  -2.8490598076170126e-01	  -9.5855546637960032e-01	  -8.0780015331026500e-01	  -5.8945645497518506e-01	   2.3460518999999999e-01	   4.7624333000000002e-01	  -3.0095941999999998e-01	  -1.7030872999999999e-03	   3.9226286000000003e-03	   4.5933197000000002e-04	   0.0000000000000000e+00	
   2.5603909005729669e-01	  -9.6666642869328590e-01	  -8.6888796872526297e-01	  -4.9500878558313122e-01	  -7.0097765980559446e-01	   7.1318323063114164e-01	   3.6142250831131795e-01	   9.3240215062276388e-01	  -7.3874754097191064e-01	   6.7398224806589324e-01	  -8.9542248684509018e-01	  -4.4521744131621166e-01	   9.1495858584089609e-02	  -9.9580545683479782e-01	   9.9386014720270199e-01	  -1.1064360714575193e-01	  -8.0878356689419095e-01	  -5.8810640357158994e-01	   2.3405098999999999e-01	   4.9943612999999998e-01	  -3.4463338999999998e-01	  -5.5460736999999997e-04	   4.2374502000000003e-03	   4.7098936000000002e-04	   0.0000000000000000e+00	
  -9.1721130150543939e-01	   3.9840108984627276e-01	   6.8255314321860416e-01	  -7.3083596427817066e-01	  -3.3487961217089052e-01	   9.4226092211885448e-01	   1.8188288976299385e-01	  -9.8332019933054493e-01	  -9.3383722882292530e-01	  -3.5769823883312529e-01	  -5.2158091725615341e-01	   8.5320182064634020e-01	   7.4410393987136092e-01	   6.6806386421353314e-01	   2.2493079704005733e-01	   9.7437474133052349e-01	  -5.5858088112222926e-01	  -8.2945005831859098e-01	   2.3802644000000001e-01	   4.9408085000000002e-01	  -3.0051686999999999e-01	  -1.1441934999999999e-03	   4.2394807000000001e-03	   4.9866251000000000e-04	   0.0000000000000000e+00	
   7.6604444311892128e-01	   6.4278760968660686e-01	   1.7364817766675658e-01	   9.8480775301223866e-01	  -5.0000000000022937e-01	   8.6602540378430626e-01	  -4.9244705396027466e-01	   8.7034240333666746e-01	  -5.1499179809169271e-01	  -8.5719510491969408e-01	   9.9965944152819197e-01	  -2.6095995162923744e-02	  -4.6956689579657046e-01	   8.8289689679598082e-01	  -9.3668164226622508e-01	   3.5018209697448477e-01	   1.8220898383312120e-01	  -9.8325982639915754e-01	   2.3085037000000000e-01	   4.8279791000000000e-01	  -3.1596002000000001e-01	  -1.2427580000000001e-03	   4.2849695000000002e-03	   5.2836832000000000e-04	   0.0000000000000000e+00	
   1.7364817766658272e-01	  -9.8480775301226930e-01	  -9.3969262078614979e-01	  -3.4202014332500530e-01	  -4.9999999999908368e-01	   8.6602540378496773e-01	   6.4754589256563511e-01	  -7.6202645427922966e-01	  -1.6136863404274995e-01	  -9.8689420098973990e-01	  -8.5653308489225477e-01	  -5.1609211821627099e-01	  -9.4792032789435410e-01	   3.1850753831685086e-01	  -6.3800439597513248e-01	  -7.7003272054920269e-01	   8.6289472437413828e-01	  -5.0538371031057172e-01	   2.3924290000000001e-01	   4.7946178000000000e-01	  -3.2017173999999998e-01	  -1.5619505000000001e-03	   4.3161344000000003e-03	   3.4372158000000002e-04	   0.0000000000000000e+00	
  -9.9937706226196521e-01	   3.5291463906221933e-02	   9.9750902515071171e-01	  -7.0538959043048508e-02	  -9.9439821600786471e-01	   1.0569857142069675e-01	  -6.0541522887820454e-01	   7.9590979428723652e-01	  -2.6694480128470233e-01	  -9.6371182054962401e-01	   9.2864012481345437e-01	   3.7098183053412714e-01	  -8.5748094613414150e-01	   5.1451572086467623e-01	   5.7694927110725880e-01	  -8.1677998173853572e-01	   6.3312691466265192e-01	   7.7404800234207127e-01	   2.3449892000000000e-01	   4.9026075000000002e-01	  -3.6559275000000002e-01	  -1.2558586000000001e-03	   4.2017981000000001e-03	   2.0472766000000000e-04	   0.0000000000000000e+00	
   4.6840844069994025e-01	   8.8351204444594333e-01	  -5.6118706536210117e-01	   8.2768899815708119e-01	  -9.9413795715441466e-01	  -1.0811901842343530e-01	   8.6321222056931080e-01	  -5.0484122480221394e-01	   4.9027067548040093e-01	  -8.7157022939289941e-01	  -1.6796943646406888e-02	  -9.9985892139048271e-01	  -5.1926932952798277e-01	  -8.5461065018612958e-01	   8.5036919287560198e-01	   5.2618650287526114e-01	  -4.1697412415594166e-02	   9.9913028469656739e-01	   2.3254748000000000e-01	   4.9567245999999998e-01	  -3.3313057000000001e-01	  -1.7256147999999999e-03	   3.7851654999999998e-03	   1.8810488999999999e-04	   0.0000000000000000e+00	
   8.6908894630535183e-01	  -4.9465584340008883e-01	   5.1063119318029360e-01	  -8.5979985144873672e-01	   1.8478904958060885e-02	  -9.9982925045807247e-01	  -4.1924273554380448e-01	   9.0787418109215312e-01	  -6.4847105738749522e-01	  -7.6123931042133119e-01	   9.6297629558403830e-01	  -2.6958607928311656e-01	  -1.5897057546148777e-01	   9.8728332110769679e-01	   8.4726041469365632e-02	   9.9640428436299455e-01	  -8.1344449602924229e-01	  -5.8164254648343250e-01	   2.2659918000000001e-01	   4.7611481999999999e-01	  -3.6643249000000000e-01	  -1.6178992000000000e-03	   3.7920766999999999e-03	   1.1000812000000000e-04	   0.0000000000000000e+00	
  -9.4466909160788703e-01	  -3.2802485783966057e-01	   7.8479938527854098e-01	   6.1974988896039684e-01	  -5.3808235316312825e-01	  -8.4289227141695311e-01	  -3.1959298235239092e-01	  -9.4755491958572213e-01	  -7.9572065126220870e-01	   6.0566380538616182e-01	   8.2820645446494301e-01	   5.6042311585319915e-01	   2.6634270969030716e-01	  -9.6387839533564856e-01	  -8.9119554692893479e-03	   9.9996028773632473e-01	   6.1273118011546612e-01	  -7.9029140253093244e-01	   2.2387687000000001e-01	   5.0097278999999995e-01	  -3.1323968000000002e-01	  -1.5893172000000001e-03	   3.8325475000000001e-03	   2.2000051999999999e-04	   0.0000000000000000e+00	
   1.0937120837820075e-01	   9.9400097523991005e-01	  -9.7607587755578440e-01	   2.1743017558219790e-01	  -3.2288040477237800e-01	  -9.4643977315729144e-01	   9.4021118572755003e-01	   3.4059202314909603e-01	   7.6799414753441131e-01	   6.4045685986871348e-01	   5.0394219044274569e-01	   8.6373738409991696e-01	   1.7963002129421418e-01	   9.8373424025487710e-01	  -2.3571676965541238e-01	   9.7182179668044966e-01	   4.4138083668285855e-01	   8.9731987440886418e-01	   2.1637484000000001e-01	   5.0059505000000004e-01	  -3.4206694999999998e-01	  -1.1068084000000001e-03	   3.8492077000000001e-03	   2.0607169000000001e-04	   0.0000000000000000e+00	
   9.3834396352307681e-01	  -3.4570306061677075e-01	   7.6097878776039463e-01	  -6.4877676020239827e-01	   4.8977574020507164e-01	  -8.7184845260318844e-01	  -9.9943572536827907e-01	   3.3589147913901003e-02	   9.9774353828483620e-01	  -6.7140388819664137e-02	  -9.9492534846615799e-01	   1.0061585848907718e-01	   9.9098433637828864e-01	  -1.3397777820550269e-01	  -9.2620260859128711e-01	   3.7702616333444955e-01	  -9.4942635106597728e-01	   3.1398981496466366e-01	   2.1209133999999999e-01	   4.9462779000000001e-01	  -3.2291972000000002e-01	  -1.6706493000000001e-03	   3.9554784999999999e-03	   2.2751931000000001e-04	   0.0000000000000000e+00	
  -6.0263463637961157e-01	  -7.9801722727997126e-01	  -2.7366299007122669e-01	   9.6182564317306263e-01	   9.3247222940387342e-01	  -3.6124166618839804e-01	   9.9937101988091348e-01	  -3.5462157607552128e-02	   9.9748487075563430e-01	  -7.0879705230874127e-02	   9.9434392532476512e-01	  -1.0620808900332403e-01	   9.8995213477276878e-01	  -1.4140286722283188e-01	  -6.3055500386159991e-01	  -7.7614456585425995e-01	  -5.7395617848691172e-01	  -8.1888601476438727e-01	   2.3279691999999999e-01	   5.1749833000000001e-01	  -3.1374030000000003e-01	  -7.2998810000000003e-04	   4.0361666000000001e-03	   4.5547524999999998e-04	   0.0000000000000000e+00	
  -9.1848698574590726e-01	   3.9545120687057911e-01	   6.8723668596920484e-01	  -7.2643357401627884e-01	  -3.4394891863381599e-01	   9.3898836061509761e-01	  -6.0541522887820454e-01	   7.9590979428723652e-01	  -2.6694480128470233e-01	  -9.6371182054962401e-01	   9.2864012481345437e-01	   3.7098183053412714e-01	  -8.5748094613414150e-01	   5.1451572086467623e-01	   2.4132251998600862e-01	  -9.7044497079824288e-01	   8.7080949740801272e-01	   4.9162060496281512e-01	   2.3050710999999999e-01	   4.8365057000000000e-01	  -3.4548886000000001e-01	  -1.3979895000000000e-03	   4.1904851999999999e-03	   1.5827893999999999e-04	   0.0000000000000000e+00	
   5.2094034048802929e-01	   8.5359308903728603e-01	  -4.5724232330443237e-01	   8.8934214888262486e-01	  -9.9733228366352633e-01	   7.2995314661254349e-02	   6.8488098919535567e-01	  -7.2865494621171079e-01	  -6.1876061277582231e-02	  -9.9808384068713030e-01	  -7.6963646530596108e-01	  -6.3848235000769304e-01	  -9.9234270608154573e-01	   1.2351499377304299e-01	   9.7875696208435858e-01	   2.0502392341236056e-01	  -2.6519269067394485e-01	   9.6419543496799098e-01	   2.3128249000000001e-01	   5.1178199000000002e-01	  -3.4491337999999999e-01	  -1.6415547000000000e-03	   4.0895760000000001e-03	   2.1522868999999999e-04	   0.0000000000000000e+00	
   7.9609306570550642e-01	  -6.0517421519394587e-01	   2.6752833852878338e-01	  -9.6354999251934437e-01	  -3.7013815534054695e-01	  -9.2897671981653940e-01	  -3.7104628852225396e-01	   9.2861437194018281e-01	  -7.2464930354772061e-01	  -6.8911783235365753e-01	   9.0880315764548991e-01	  -4.1722514384153181e-01	   5.0233226264392840e-02	   9.9873751455478543e-01	   2.6658609640838832e-01	   9.6381110867313491e-01	  -8.5736085110505000e-01	  -5.1471581575897229e-01	   2.4479765000000001e-01	   5.0803845999999997e-01	  -3.3866753999999999e-01	  -1.2749237999999999e-03	   4.1428910999999997e-03	   2.6737541000000002e-04	   0.0000000000000000e+00	
  -9.4995980074295427e-01	  -3.1237217701390529e-01	   8.0484724605518676e-01	   5.9348202206754463e-01	  -5.7918525823924727e-01	  -8.1519594984171539e-01	   9.8693337515334567e-01	   1.6112887080975086e-01	   9.4807497398314922e-01	   3.1804692060582962e-01	   8.8444029278987413e-01	   4.6665337081152836e-01	   7.9769231258629825e-01	   6.0306465195758530e-01	  -8.8721485625260943e-01	  -4.6135647697270010e-01	  -9.8787920856187783e-01	  -1.5522457695596378e-01	   2.6289001000000001e-01	   5.2854009000000002e-01	  -3.3467791000000002e-01	  -2.7895471999999998e-04	   4.6020573999999998e-03	   4.6234579000000001e-04	   0.0000000000000000e+00	
   2.3182015026788999e-01	   9.7275866376495090e-01	  -8.9251883585954583e-01	   4.5101011921676559e-01	  -6.4562785155965452e-01	  -7.6365219654661165e-01	  -9.9383154613433733e-01	  -1.1090021599723079e-01	   9.7540228418353514e-01	   2.2043226626231971e-01	  -9.4493957425183639e-01	  -3.2724486399752434e-01	   9.0281923198091552e-01	   4.3002027204003973e-01	  -1.2251103244112065e-01	  -9.9246715156231280e-01	  -3.3826932429054218e-01	  -9.4104934208787372e-01	   2.6383346000000002e-01	   5.2691425000000003e-01	  -3.2072603999999999e-01	  -6.7421650999999997e-04	   4.4414025000000003e-03	   4.2034842999999998e-04	   0.0000000000000000e+00	
   5.0993260439023946e-01	  -8.6021435641343924e-01	  -4.7993747795957498e-01	  -8.7730269419955764e-01	  -9.9940414055105797e-01	  -3.4516138970069263e-02	   9.9138889993277735e-01	   1.3095055971654979e-01	   9.6570390181984467e-01	   2.5964586268594353e-01	   9.2338735783915582e-01	   3.8386949264407921e-01	   8.6516805198014435e-01	   5.0148204537439056e-01	   6.1818707515484717e-01	  -7.8603100454848174e-01	   3.9289597225774414e-01	  -9.1958292447372136e-01	   2.5799852000000001e-01	   5.1084896999999996e-01	  -3.3404279999999997e-01	  -8.3726791999999995e-04	   4.4666534000000003e-03	   3.1255717000000001e-04	   0.0000000000000000e+00	
  -9.4995980074295427e-01	  -3.1237217701390529e-01	   8.0484724605518676e-01	   5.9348202206754463e-01	  -5.7918525823924727e-01	  -8.1519594984171539e-01	  -9.3295297953232448e-01	   3.5999824719261908e-01	   7.4080252403648383e-01	  -6.7172287468953651e-01	  -4.4931486455748448e-01	   8.9337346753062319e-01	   9.7576759237650551e-02	  -9.9522800204610284e-01	   9.9872126273582096e-01	  -5.0555309902791550e-02	   7.7381439034232402e-01	   6.3341241643903490e-01	   2.5302059999999998e-01	   5.2230938999999998e-01	  -3.2605938000000001e-01	  -3.7788950000000002e-04	   4.5508837000000002e-03	   4.1683235000000002e-04	   0.0000000000000000e+00	
   7.4730093586787741e-02	   9.9720379718115293e-01	  -9.8883082622501994e-01	   1.4904226617689531e-01	  -2.2252093395738051e-01	  -9.7492791218158026e-01	   8.0860880529583479e-01	  -5.8834666651392076e-01	   3.0769640000391463e-01	  -9.5148459021921683e-01	  -3.1099676849384544e-01	  -9.5041096899519495e-01	  -8.1064585084926200e-01	  -5.8553676613930583e-01	   6.4712894160141365e-01	   7.6238056962506218e-01	  -5.2627411821169690e-01	   8.5031497252518196e-01	   2.4408171000000001e-01	   5.2323951999999996e-01	  -3.0126223000000002e-01	  -1.3583771000000001e-03	   4.0495134000000004e-03	   4.7585307999999999e-04	   0.0000000000000000e+00	
   9.7765562399975425e-01	   2.1021294170828597e-01	   9.1162103827669749e-01	   4.1103172939727656e-01	   8.0484724605566293e-01	   5.9348202206689904e-01	  -9.9614439437561375e-02	   9.9502611194658630e-01	  -9.8015392691108083e-01	  -1.9823793673459078e-01	   2.9488940742110503e-01	  -9.5553139006043619e-01	   9.2140344087842474e-01	   3.8860738430631908e-01	  -3.0655598301656500e-01	   9.5185263002039733e-01	   1.1177874912113542e-01	  -9.9373311872198078e-01	   2.4490862999999999e-01	   5.0649843000000005e-01	  -3.3968622999999998e-01	  -1.1142258000000000e-03	   4.1480316999999997e-03	   3.7589474999999997e-04	   0.0000000000000000e+00	
  -4.6134116297894762e-01	  -8.8722281944347670e-01	  -5.7432866268246419e-01	   8.1862481468702875e-01	   9.9126406932709099e-01	   1.3189217134119893e-01	  -9.8147973087964102e-01	  -1.9156601439824197e-01	   9.2660492425514507e-01	   3.7603632051454394e-01	  -8.3740817249973931e-01	  -5.4657803892092738e-01	   7.1719337130776628e-01	   6.9687421257512494e-01	   2.8283526108032020e-01	   9.5916850192738667e-01	   6.2275873988823605e-01	   7.8241392618793304e-01	   2.4765313000000000e-01	   5.4968214999999998e-01	  -3.4832034000000001e-01	  -1.3485835000000000e-04	   4.2690925999999997e-03	   4.0854919999999998e-04	   0.0000000000000000e+00	
   1.6889480013914434e-02	   9.9985736255971014e-01	  -9.9942949092971922e-01	   3.3774141883434840e-02	  -5.0649168838662988e-02	  -9.9871650717105531e-01	  -9.3794484511440057e-01	  -3.4678446839978733e-01	   7.5948106495335388e-01	   6.5052940900263645e-01	  -4.8675785455558562e-01	  -8.7353694313889396e-01	   1.5362297604536096e-01	   9.8812953666559655e-01	   3.3089360323516892e-01	  -9.4366806841073447e-01	  -3.6257640466659619e-01	  -9.3195404971438622e-01	   2.3114944000000001e-01	   5.3430787000000002e-01	  -3.1183395000000003e-01	  -1.0932654999999999e-03	   3.9232531000000003e-03	   2.5186460999999997e-04	   0.0000000000000000e+00	
   8.4125353283102133e-01	  -5.4064081745584636e-01	   4.1541501300134853e-01	  -9.0963199535476402e-01	  -1.4231483827416397e-01	  -9.8982144188080634e-01	   5.3867786921421423e-01	   8.4251181191650593e-01	  -4.1965230643766782e-01	   9.0768493526198046e-01	  -9.9079268969956102e-01	   1.3538776177302531e-01	  -6.4778388340309145e-01	  -7.6182415320283070e-01	   9.0866093524509040e-01	   4.1753479466927979e-01	  -2.3316141764018936e-03	  -9.9999728178397185e-01	   2.3179564000000000e-01	   5.2997415999999997e-01	  -3.5294291000000000e-01	  -7.5698419000000004e-04	   3.8532511999999999e-03	   3.2786685000000003e-04	   0.0000000000000000e+00	
  -9.7217242575804474e-01	  -2.3426646067185733e-01	   8.9023845080856223e-01	   4.5549478669022231e-01	  -7.5875812269324217e-01	  -6.5137248272169657e-01	  -4.9244705396027488e-01	  -8.7034240333666735e-01	  -5.1499179809169227e-01	   8.5719510491969431e-01	   9.9965944152819197e-01	   2.6095995162923009e-02	  -4.6956689579657135e-01	  -8.8289689679598027e-01	   2.7485141260364404e-01	   9.6148671389145124e-01	   6.8263548140828234e-01	  -7.3075905709233779e-01	   2.4189827000000000e-01	   5.2897928000000005e-01	  -3.0718351999999999e-01	  -7.8876374000000002e-04	   4.3198296999999997e-03	   5.0234718999999999e-04	   0.0000000000000000e+00	
   3.8666674294164166e-01	   9.2221951286171688e-01	  -7.0097765980580484e-01	   7.1318323063093492e-01	  -9.2875624012557101e-01	  -3.7069103904439421e-01	   6.3226946977504056e-02	   9.9799917493748658e-01	  -9.9200470635180782e-01	   1.2620088183473052e-01	  -1.8866980491738475e-01	  -9.8204058200892896e-01	   9.6814667484827277e-01	  -2.5038373745160208e-01	  -8.9592655529330889e-01	   4.4420221467285098e-01	   9.4482207060117962e-01	  -3.2758396619019614e-01	   2.4113360000000000e-01	   4.9494211999999999e-01	  -3.3102236000000002e-01	  -1.3020277999999999e-03	   4.3042595999999997e-03	   6.0577673000000005e-04	   0.0000000000000000e+00	
   5.0993260439023946e-01	  -8.6021435641343924e-01	  -4.7993747795957498e-01	  -8.7730269419955764e-01	  -9.9940414055105797e-01	  -3.4516138970069263e-02	   7.7527877089100961e-01	  -6.3161921076367322e-01	   2.0211434518854907e-01	  -9.7936193078402023e-01	  -4.6188884865657209e-01	  -8.8693781714768838e-01	  -9.1829958293800806e-01	  -3.9588619068601072e-01	  -1.4798799011652131e-01	  -9.8898915807063947e-01	   9.3866783565435397e-01	  -3.4482269981538455e-01	   2.3541302000000000e-01	   5.0313363000000000e-01	  -3.1022167000000000e-01	  -1.4305305999999999e-03	   4.2258508000000000e-03	   4.3002087999999999e-04	   0.0000000000000000e+00	
  -9.0963199535451078e-01	  -4.1541501300190303e-01	   6.5486073394525746e-01	   7.5574957435428214e-01	  -2.8173255684137710e-01	  -9.5949297361451280e-01	  -3.9113220494048989e-01	   9.2033450345968815e-01	  -6.9403119651678125e-01	  -7.1994492724199743e-01	   9.3404810932268023e-01	  -3.5714720980392167e-01	  -3.6641396522969931e-02	   9.9932847855990103e-01	   7.3810713774823322e-01	  -6.7468352077482274e-01	  -2.6534401693379062e-02	   9.9964790077645560e-01	   2.4769568000000000e-01	   5.0426605999999996e-01	  -3.3422108000000000e-01	  -8.8700447000000001e-04	   4.5417679999999998e-03	   4.7094832999999999e-04	   0.0000000000000000e+00	
   3.2212044179877664e-01	   9.4669869598270862e-01	  -7.9247684195072188e-01	   6.0990200440055164e-01	  -8.3266642268770830e-01	  -5.5377488975977840e-01	   6.6937988778474933e-01	  -7.4292029574462193e-01	  -1.0386113165855289e-01	  -9.9459180839709549e-01	  -8.0842499309434723e-01	  -5.8859921044833619e-01	  -9.7842573066120953e-01	   2.0659886151689791e-01	   9.1894262038496055e-01	   3.9439125299633898e-01	  -4.8770073001608316e-01	   8.7301088076940914e-01	   2.4892153000000000e-01	   5.5038977000000000e-01	  -3.3845595000000001e-01	  -5.6873481999999997e-04	   4.3824976999999998e-03	   6.0597779000000004e-04	   0.0000000000000000e+00	
   3.7119724891788258e-01	  -9.2855403848984230e-01	  -7.2442520479159100e-01	  -6.8935340911803822e-01	  -9.0900653504870721e-01	   4.1678186049628346e-01	  -9.2760652130978494e-01	   3.7355875257254978e-01	   7.2090771675288112e-01	  -6.9303106995729113e-01	  -4.0983087733525425e-01	   9.1216152735281253e-01	   3.9415872147704416e-02	  -9.9922289256343388e-01	   2.5444995259889967e-03	   9.9999676275584126e-01	  -6.9119447710294823e-01	   7.2266880022758828e-01	   2.5007085000000001e-01	   5.3398498000000005e-01	  -3.2350915000000002e-01	  -6.5610208999999995e-04	   4.4585298000000004e-03	   6.2020059000000003e-04	   0.0000000000000000e+00	
  -6.8814117224588811e-01	   7.2557682367896437e-01	  -5.2923454120109750e-02	  -9.9859857200178126e-01	   7.6097878776091610e-01	   6.4877676020178676e-01	   8.7020564261118072e-01	   4.9268868422936407e-01	   5.1451572086467601e-01	   8.5748094613414172e-01	   2.5263324406019777e-02	   9.9968083128564400e-01	  -4.7054714596620567e-01	   8.8237485425586459e-01	  -9.5630782156715455e-01	   2.9236167739545371e-01	  -2.4134084043573409e-01	   9.7044041483121135e-01	   2.6188375000000003e-01	   5.5477456999999997e-01	  -3.5730668999999998e-01	  -6.9264855000000000e-04	   4.5833625000000003e-03	   4.4808359999999999e-04	   0.0000000000000000e+00	
   9.9781362721877875e-01	   6.6090584325636262e-02	   9.9126406932699196e-01	   1.3189217134194337e-01	   9.8037996587484677e-01	   1.9711702745129409e-01	  -9.9847015818044649e-01	  -5.5293247536332038e-02	   9.9388531355377185e-01	   1.1041731522782407e-01	  -9.8625949429406801e-01	  -1.6520354086643899e-01	   9.7561603299575861e-01	   2.1948429593394317e-01	  -9.9263276716480087e-01	  -1.2116183207078945e-01	  -9.9994149324267734e-01	  -1.0817120300922909e-02	   2.5598978000000000e-01	   5.4702366000000002e-01	  -3.2921367000000001e-01	  -1.1702399000000001e-03	   4.3414845999999998e-03	   3.5827614000000002e-04	   0.0000000000000000e+00	
  -7.1933980033884726e-01	  -6.9465837045879408e-01	   3.4899496703065420e-02	   9.9939082701907600e-01	   6.6913060635822863e-01	  -7.4314482547796112e-01	   9.9758230775454759e-01	  -6.9494886539307035e-02	   9.9034092148977770e-01	  -1.3865373858204469e-01	   9.7831085609252733e-01	  -2.0714214648763851e-01	   9.6155028155444400e-01	  -2.7462894247068975e-01	  -7.6587586272033659e-01	  -6.4298846249554131e-01	  -6.6932545344310901e-01	  -7.4296933811105326e-01	   2.5715717999999999e-01	   5.4134760999999998e-01	  -3.3000549000000001e-01	  -8.8129427999999999e-04	   4.4808812999999996e-03	   4.6129850000000002e-04	   0.0000000000000000e+00	
  -1.1311382619517857e-01	   9.9358203603098971e-01	  -9.7441052464697386e-01	  -2.2477573146852203e-01	   3.3355243165051945e-01	  -9.4273154998654074e-01	  -4.3852364252804432e-01	   8.9871965314214419e-01	  -6.1539402988787195e-01	  -7.8821963181486732e-01	   9.7825330568092783e-01	  -2.0741376503100548e-01	  -2.4258037595672988e-01	   9.7013131131857178e-01	  -8.4334861570664277e-01	  -5.3736683223445170e-01	   9.4255478987343033e-01	  -3.3405159494702852e-01	   2.5614773000000002e-01	   5.4793966999999999e-01	  -3.6891447999999999e-01	  -7.5421736000000003e-04	   4.3403640999999998e-03	   4.1089711999999997e-04	   0.0000000000000000e+00	
   2.9692037532801030e-01	  -9.5490224144415614e-01	  -8.2367658143014699e-01	  -5.6705986386231433e-01	  -7.8605309474227303e-01	   6.1815898622125931e-01	   3.1854043670586829e-01	  -9.4790927318137086e-01	  -7.9706398036646942e-01	  -6.0389486767347211e-01	  -8.2633465348277435e-01	   5.6317940343508943e-01	   2.7062197759527923e-01	   9.6268569390140013e-01	  -8.1057954362273721e-01	  -5.8562855417094806e-01	   9.9974183567044661e-01	  -2.2721399831119902e-02	   2.5498210999999998e-01	   5.3896853000000000e-01	  -3.1624662999999997e-01	  -1.3223587000000001e-03	   4.3169332999999999e-03	   1.1787040000000000e-04	   0.0000000000000000e+00	
  -9.5949297361445574e-01	   2.8173255684157156e-01	   8.4125353283102133e-01	  -5.4064081745584636e-01	  -6.5486073394494959e-01	   7.5574957435454904e-01	   7.4380244789678995e-01	   6.6839952012456072e-01	   1.0648416299451402e-01	   9.9431439848337599e-01	  -5.8539608570166934e-01	   8.1074744701735801e-01	  -9.7732224606271556e-01	   2.1175747295179193e-01	  -9.0198312831057426e-01	  -4.3177127769580753e-01	  -5.2536331671783043e-01	   8.5087800855777240e-01	   2.5405938000000000e-01	   5.3200285000000003e-01	  -3.5701508999999998e-01	  -8.0716339999999998e-04	   4.2002471999999999e-03	   2.6971016000000000e-04	   0.0000000000000000e+00	
   9.0096886790257724e-01	   4.3388373911722977e-01	   6.2348980185930336e-01	   7.8183148246757539e-01	   2.2252093395738040e-01	   9.7492791218158026e-01	  -9.9963548662616697e-01	   2.6998034700074804e-02	   9.9854221224466710e-01	  -5.3976387110718838e-02	  -9.9672097388176717e-01	   8.0915389291417658e-02	   9.9417309926894770e-01	  -1.0779540198902345e-01	  -9.1235446094530481e-01	  -4.0940119393231178e-01	  -8.8892644445633440e-01	  -4.5804997145095361e-01	   2.5663702999999999e-01	   5.3989206999999995e-01	  -3.6146128999999999e-01	  -9.1061367000000004e-04	   4.4002206999999996e-03	   3.3390299999999998e-04	   0.0000000000000000e+00	
  -7.7748555067958725e-01	  -6.2890080178392116e-01	   2.0896756303108219e-01	   9.7792257239561187e-01	   4.5254702904480271e-01	  -8.9174053765808048e-01	   3.6142250831131750e-01	  -9.3240215062276410e-01	  -7.3874754097191131e-01	  -6.7398224806589246e-01	  -8.9542248684508907e-01	   4.4521744131621394e-01	   9.1495858584091469e-02	   9.9580545683479760e-01	  -8.6738923801413159e-01	   4.9763029427202699e-01	   3.0538768220928636e-01	  -9.5222810479151465e-01	   2.5026178999999998e-01	   5.4940233999999999e-01	  -3.2662997999999999e-01	  -7.5358342999999996e-04	   4.3377212999999998e-03	   2.2889245000000001e-04	   0.0000000000000000e+00	
  -7.1339183199370437e-02	   9.9745211461024363e-01	  -9.8982144188089327e-01	  -1.4231483827355923e-01	   2.1256528955338211e-01	  -9.7714686597107137e-01	   4.2995760440525099e-01	   9.0284907842567885e-01	  -6.3027291682819542e-01	   7.7637365379878698e-01	  -9.7193887128717282e-01	  -2.3523356580432264e-01	  -2.0551210062575742e-01	  -9.7865457465665007e-01	  -9.3122154675823177e-01	   3.6445360589957992e-01	   8.6987589814097444e-01	   4.9327063751396449e-01	   2.4580200999999999e-01	   5.1656557999999997e-01	  -3.5637712999999999e-01	  -8.8179592999999997e-04	   4.1010029999999998e-03	   3.6278127000000001e-04	   0.0000000000000000e+00	
   9.3969262078575744e-01	  -3.4202014332608338e-01	   7.6604444311841080e-01	  -6.4278760968721538e-01	   4.9999999999885281e-01	  -8.6602540378510096e-01	  -9.7104203948461021e-01	  -2.3890868036462967e-01	   8.8584528489286241e-01	   4.6398074446369370e-01	  -7.4934398473577146e-01	  -6.6218093640659570e-01	   5.6944373753383315e-01	   8.2203030952848621e-01	  -9.9419262007659637e-01	   1.0761521353987344e-01	  -8.3076945787628420e-01	   5.5661666150048439e-01	   2.4301658000000001e-01	   5.0125995999999995e-01	  -3.2335795000000001e-01	  -1.7853177000000000e-03	   4.2492004999999996e-03	   3.1987432000000002e-04	   0.0000000000000000e+00	
  -6.3967302155919536e-01	  -7.6864713977827903e-01	  -1.8163685097865837e-01	   9.8336567682960985e-01	   8.7204940814322673e-01	  -4.8941784781212050e-01	   9.2514941999115530e-01	   3.7960314894640806e-01	   7.1180289861994228e-01	   7.0237926614917123e-01	   3.9189865762137005e-01	   9.2000839243703003e-01	   1.3326732967503507e-02	   9.9991119515105586e-01	  -3.0001225019099481e-01	  -9.5393534882366948e-01	  -8.8357399956796401e-01	  -4.6829156226380114e-01	   2.4474383999999999e-01	   5.2932414999999999e-01	  -3.6859953000000001e-01	  -4.5352682999999998e-04	   4.4708923999999999e-03	   3.8243716999999998e-04	   0.0000000000000000e+00	
  -4.9999999999977057e-01	   8.6602540378457105e-01	  -5.0000000000045886e-01	  -8.6602540378417370e-01	   1.0000000000000000e+00	  -7.9427643657174148e-13	   2.8901407700749054e-01	  -9.5732484731751755e-01	  -8.3294172658301657e-01	  -5.5336071428761835e-01	  -7.7047784562632227e-01	   6.3746677513343486e-01	   3.8758383976619365e-01	   9.2183445756388038e-01	   6.8456059894747667e-01	   7.2895595639837663e-01	  -9.7357467595483504e-01	  -2.2836889091870199e-01	   2.5146003000000000e-01	   5.2593411999999995e-01	  -3.3911381000000002e-01	  -1.4218232000000001e-03	   4.2324058999999997e-03	   3.1400591000000001e-04	   0.0000000000000000e+00	
   9.9088486815825449e-01	   1.3471146222574640e-01	   9.6370564389000257e-01	   2.6696709897392878e-01	   9.1895781162036738e-01	   3.9435585511299981e-01	   1.2509908980054610e-01	   9.9214425248099625e-01	  -9.6870043546214979e-01	   2.4823268587243166e-01	  -3.6746617533196108e-01	  -9.3003688635822424e-01	   8.7676106732911729e-01	  -4.8092622180112721e-01	  -9.6944078868533741e-03	   9.9995300812374344e-01	   2.5761199809431690e-01	  -9.6624844550346034e-01	   2.5678973999999999e-01	   5.3101686000000003e-01	  -3.7237529000000003e-01	  -1.0455906999999999e-03	   4.3116159000000003e-03	   2.8510992999999999e-04	   0.0000000000000000e+00	
  -7.2442520479107253e-01	  -6.8935340911858312e-01	   4.9583754673174843e-02	   9.9876996914830718e-01	   6.5258576152422287e-01	  -7.5771486976028790e-01	   1.6544314026494308e-01	  -9.8621933024012176e-01	  -9.4525713467854877e-01	  -3.2632644596982935e-01	  -4.7821575770306574e-01	   8.7824238629462803e-01	   7.8702210132140005e-01	   6.1692480257455029e-01	  -7.9970483820738292e-01	   6.0039334752119256e-01	   5.6000247667196412e-01	  -8.2849093303503707e-01	   2.7218452999999998e-01	   5.6895083999999996e-01	  -3.3323956999999998e-01	  -2.1380610000000001e-04	   4.6223879000000002e-03	   4.3298442999999999e-04	   0.0000000000000000e+00	
  -1.7260640905371358e-02	   9.9985102404084969e-01	  -9.9940414055107163e-01	  -3.4516138969673864e-02	   5.1761352884158021e-02	  -9.9865948268045879e-01	   1.9748949881630265e-01	   9.8030500246468477e-01	  -9.2199579571457124e-01	   3.8719988724772986e-01	  -5.6165847402912028e-01	  -8.2736917911611862e-01	   7.0015249463069062e-01	  -7.1399333628712591e-01	  -9.8356775590833267e-01	   1.8053938500351227e-01	   9.7675016526503278e-01	   2.1438077025407648e-01	   2.7047807000000001e-01	   5.4879270999999996e-01	  -3.5006482999999999e-01	  -4.6421636999999997e-04	   4.4578194000000002e-03	   4.1518741000000001e-04	   0.0000000000000000e+00	
   7.7571129070430245e-01	  -6.3108794432619708e-01	   2.0345601305226957e-01	  -9.7908408768239852e-01	  -4.6006503773164836e-01	  -8.8788521840211809e-01	   9.2032092824719935e-01	   3.9116414589046028e-01	   6.9398122193957335e-01	   7.1999309968586267e-01	   3.5704995647590837e-01	   9.3408528977848271e-01	  -3.6780127190513164e-02	   9.9932338221611205e-01	   9.6076231183693994e-01	  -2.7737299824196754e-01	   4.6704435838869351e-01	  -8.8423388721383755e-01	   2.6458111000000001e-01	   5.5517620000000001e-01	  -3.6351410000000001e-01	  -4.7900702999999998e-04	   4.4446355000000003e-03	   4.4478257000000001e-04	   0.0000000000000000e+00	
  -9.3175256845664467e-01	  -3.6309386000653576e-01	   7.3632569765110845e-01	   6.7662727330385408e-01	  -4.4039415155745743e-01	  -8.9780453957082840e-01	  -6.8305806332643593e-01	   7.3036407505075074e-01	  -6.6863364249477364e-02	  -9.9776214125473894e-01	   7.7440118350991227e-01	   6.3269487668104851e-01	  -9.9105858104248346e-01	   1.3342746697010821e-01	   9.0163181612970855e-01	  -4.3250441401521383e-01	   3.7125039368914781e-01	   9.2853279165878289e-01	   2.6854129999999998e-01	   5.6074679000000005e-01	  -3.6934108999999998e-01	  -2.6684868999999998e-04	   4.5790963999999997e-03	   5.1288395000000000e-04	   0.0000000000000000e+00	
   7.2517630714335868e-01	   6.8856323134329578e-01	   5.1761352884157827e-02	   9.9865948268045890e-01	  -6.5010409366880328e-01	   7.5984516014452830e-01	   8.0860880529583479e-01	  -5.8834666651392076e-01	   3.0769640000391463e-01	  -9.5148459021921683e-01	  -3.1099676849384544e-01	  -9.5041096899519495e-01	  -8.1064585084926200e-01	  -5.8553676613930583e-01	   9.9149782919291840e-01	   1.3012322892447148e-01	   1.8127006550315514e-01	   9.8343335480981209e-01	   2.6905221000000001e-01	   5.5757599000000002e-01	  -3.8673666000000001e-01	  -7.7294785000000003e-04	   4.5245119000000000e-03	   3.6388738000000002e-04	   0.0000000000000000e+00	
   1.6889480013723923e-02	  -9.9985736255971336e-01	  -9.9942949092973199e-01	  -3.3774141883053985e-02	  -5.0649168838091001e-02	   9.9871650717108429e-01	  -7.9181553855740272e-01	   6.1076030723930508e-01	   2.5394369420189944e-01	  -9.6721900321235010e-01	   3.8966241258193590e-01	   9.2095776462377754e-01	  -8.7102520035018438e-01	  -4.9123833355604607e-01	   5.9729983723943036e-01	   8.0201802001809785e-01	  -6.2404654266547299e-01	   7.8138717201350949e-01	   2.6409899999999997e-01	   5.5949769999999999e-01	  -3.9733274000000002e-01	  -1.2395475000000000e-04	   4.6048952000000004e-03	   4.3224293000000002e-04	   0.0000000000000000e+00	
  -4.6006503773095730e-01	   8.8788521840247614e-01	  -5.7668032211522569e-01	  -8.1696989301018896e-01	   9.9068594603624116e-01	  -1.3616664909689835e-01	   1.6544314026494308e-01	  -9.8621933024012176e-01	  -9.4525713467854877e-01	  -3.2632644596982935e-01	  -4.7821575770306574e-01	   8.7824238629462803e-01	   7.8702210132140005e-01	   6.1692480257455029e-01	   7.9953496085467546e-01	   6.0061955210525120e-01	  -9.5176416999131341e-01	  -3.0683051465059058e-01	   2.5285382000000001e-01	   5.5372319000000003e-01	  -3.5193513999999998e-01	  -1.2913109000000000e-03	   4.1762492999999996e-03	   3.4514140000000001e-04	   0.0000000000000000e+00	
   9.9004851051447207e-01	   1.4072649653876554e-01	   9.6039210634384964e-01	   2.7865211657624972e-01	   9.1162103827669749e-01	   4.1103172939727656e-01	   7.3433428857520777e-01	   6.7878800270978823e-01	   7.8493694754512955e-02	   9.9691461012655713e-01	  -6.1905306558481821e-01	   7.8534915928524351e-01	  -9.8767747976757070e-01	   1.5650302220717652e-01	   6.3150311110969437e-01	   7.7537334275739522e-01	   8.2255002613748351e-01	  -5.6869275931844343e-01	   2.5166525000000001e-01	   5.5918431000000002e-01	  -3.8306402000000001e-01	  -4.5682914000000000e-04	   4.1978240000000002e-03	   4.0085077000000003e-04	   0.0000000000000000e+00	
  -3.0901699437487240e-01	  -9.5105651629517796e-01	  -8.0901699437504015e-01	   5.8778525229234546e-01	   8.0901699437480779e-01	   5.8778525229266532e-01	  -9.9801231944930113e-01	  -6.3019125885924787e-02	   9.9205717954514794e-01	   1.2578772799015858e-01	  -9.8215825411906876e-01	  -1.8805627845350670e-01	   9.6835489497414773e-01	   2.4957723730261799e-01	   2.4846801698028359e-01	   9.6864010062452277e-01	   3.6833751763035294e-01	   9.2969213888572244e-01	   2.6380269000000001e-01	   5.5633363000000002e-01	  -3.3331291000000002e-01	  -3.5359957000000001e-04	   4.4880277000000001e-03	   4.9262524000000002e-04	   0.0000000000000000e+00	
  -5.2094034048767468e-01	   8.5359308903750242e-01	  -4.5724232330517112e-01	  -8.8934214888224505e-01	   9.9733228366361726e-01	   7.2995314660012078e-02	   4.2320881518741754e-01	   9.0603217313054740e-01	  -6.4178859749532458e-01	   7.6688160502452030e-01	  -9.6642999908099891e-01	  -2.5693006222764275e-01	  -1.7621479224996864e-01	  -9.8435173946730059e-01	  -9.9384934571098382e-01	  -1.1074058889968599e-01	   5.5291625714874648e-01	   8.3323682862714443e-01	   2.5745561000000000e-01	   5.4137961999999995e-01	  -3.3746356999999999e-01	  -9.0960724000000001e-04	   4.2976782999999998e-03	   5.7086964000000004e-04	   0.0000000000000000e+00	
   1.0000000000000000e+00	  -2.4492935982947064e-16	   1.0000000000000000e+00	  -4.8985871965894128e-16	   1.0000000000000000e+00	  -7.3478807948841188e-16	  -9.9994360774904179e-01	   1.0619855075778142e-02	   9.9977443735633897e-01	  -2.1238512396491136e-02	  -9.9949250790169009e-01	   3.1854774342162044e-02	   9.9909785118236816e-01	  -4.2467443562975112e-02	  -9.9994360774904179e-01	   1.0619855075778386e-02	  -9.9994360774904179e-01	  -1.0619855075777897e-02	   2.5033643000000000e-01	   5.5219468999999999e-01	  -3.3521793999999999e-01	  -1.1419490000000000e-03	   4.2514329999999998e-03	   4.0920384999999998e-04	   0.0000000000000000e+00	
  -6.1944836121604918e-01	  -7.8503740534241495e-01	  -2.3256745557350203e-01	   9.7258026846531653e-01	   9.0757541967043387e-01	  -4.1988910156139531e-01	   9.8627668964078141e-01	  -1.6510085242427339e-01	   9.4548341705755656e-01	  -3.2567024437176706e-01	   8.7873981973078030e-01	  -4.7730108864270970e-01	   7.8787778386166707e-01	  -6.1583163096517568e-01	  -7.4055782391054392e-01	  -6.7199264091571698e-01	  -4.8133713429659952e-01	  -8.7653554585489424e-01	   2.6104379999999999e-01	   5.5734554999999997e-01	  -3.4683351000000001e-01	  -3.5069220000000001e-04	   4.5219702999999998e-03	   4.3650667000000000e-04	   0.0000000000000000e+00	
  -6.1566147532535243e-01	   7.8801075360696093e-01	  -2.4192189560042102e-01	  -9.7029572627580862e-01	   9.1354545764307471e-01	   4.0673664307473595e-01	  -9.9091912162958473e-01	   1.3445926665296162e-01	   9.6384141122229550e-01	  -2.6647651681342166e-01	  -9.1925864756764852e-01	   3.9365408529837170e-01	   8.5798053197397239e-01	  -5.1368220404610021e-01	   5.0411538030593250e-01	  -8.6363631427760434e-01	   7.1602607639521199e-01	  -6.9807353332014954e-01	   2.6487187000000001e-01	   5.4048699000000000e-01	  -3.6272041999999999e-01	  -9.4431690000000004e-04	   4.6239117999999999e-03	   5.0661287999999999e-04	   0.0000000000000000e+00	
   9.9750902515076822e-01	   7.0538959042247995e-02	   9.9004851051447207e-01	   1.4072649653876554e-01	   9.7765562399975425e-01	   2.1021294170828597e-01	   7.0933647203674954e-01	  -7.0487003726818864e-01	   6.3164611230846828e-03	  -9.9998005096045817e-01	  -7.0037547953913715e-01	  -7.1377460564265216e-01	  -9.9992020463776110e-01	  -1.2632670231503948e-02	   7.5729033141423197e-01	  -6.5307836738520342e-01	   6.5784873403629451e-01	   7.5315008008154971e-01	   2.6047647000000002e-01	   5.6574398999999997e-01	  -3.5557561999999998e-01	  -5.5655281000000000e-04	   4.5248006000000000e-03	   5.5942378000000000e-04	   0.0000000000000000e+00	
  -2.8173255684137688e-01	  -9.5949297361451291e-01	  -8.4125353283124071e-01	   5.4064081745550496e-01	   7.5574957435415013e-01	   6.5486073394540989e-01	  -6.0541522887820454e-01	   7.9590979428723652e-01	  -2.6694480128470233e-01	  -9.6371182054962401e-01	   9.2864012481345437e-01	   3.7098183053412714e-01	  -8.5748094613414150e-01	   5.1451572086467623e-01	   9.3423503563213983e-01	   3.5665795686822199e-01	  -5.9310467486701191e-01	   8.0512535958749687e-01	   2.5952540000000002e-01	   5.6018679999999998e-01	  -3.3878360000000002e-01	   5.4277166999999999e-05	   4.4995885000000003e-03	   6.1402552000000001e-04	   0.0000000000000000e+00	
  -7.2599549192332546e-01	   6.8769945885321793e-01	   5.4138908585982526e-02	  -9.9853341385109318e-01	   6.4738628478118043e-01	   7.6216205512818624e-01	   7.4856208568850935e-01	   6.6306470564317388e-01	   1.2069039226066232e-01	   9.9269019800538350e-01	  -5.6787358218209794e-01	   8.2311578447972433e-01	  -9.7086765843193490e-01	   2.3961633878116856e-01	  -9.9944193889005872e-01	   3.3403754095612984e-02	  -8.7463460379100896e-02	   9.9616772839643497e-01	   2.5028476000000000e-01	   5.6946116999999996e-01	  -3.5025402000000000e-01	  -3.2839765000000003e-04	   4.4598132000000000e-03	   8.5465930999999997e-04	   0.0000000000000000e+00	
   9.9802672842827511e-01	   6.2790519529256350e-02	   9.9211470131449220e-01	   1.2533323356419085e-01	   9.8228725072872081e-01	   1.8738131458555624e-01	  -9.9826816321246115e-01	   5.8827496261688587e-02	   9.9307865136716200e-01	  -1.1745123327908759e-01	  -9.8444943923914874e-01	   1.7566815756341708e-01	   9.7241041560244268e-01	  -2.3327662469241248e-01	  -9.9999211807791288e-01	  -3.9703629619471997e-03	  -9.9260449997215927e-01	  -1.2139319023330650e-01	   2.5577339999999998e-01	   5.6675664999999997e-01	  -3.3880312000000001e-01	  -6.2007640999999999e-04	   4.3878976000000002e-03	   8.7006366999999995e-04	   0.0000000000000000e+00	
  -9.6446917505444496e-01	  -2.6419540187103630e-01	   8.6040157926040328e-01	   5.0961664259147188e-01	  -6.9519242767520029e-01	  -7.1882368387738960e-01	   7.8399373481111156e-01	   6.2076873614650119e-01	   2.2929235244615115e-01	   9.7335759981093795e-01	  -4.2446619929534407e-01	   9.0544378381861190e-01	  -8.9485003421942000e-01	   4.4636690766397868e-01	  -5.9213354494592629e-01	  -8.0583985068360242e-01	  -9.2014203637632630e-01	   3.9158477101801015e-01	   2.6759122000000002e-01	   5.6674150999999995e-01	  -3.6679146000000001e-01	  -1.6033911000000001e-04	   4.6251497999999997e-03	   7.5196229000000004e-04	   0.0000000000000000e+00	
   7.1280890454682388e-01	   7.0135830044190461e-01	   1.6193068802486249e-02	   9.9986888366563242e-01	  -6.8972377727812073e-01	   7.2407258687040577e-01	  -9.9455931838170653e-01	   1.0417179186380177e-01	   9.7829647555976951e-01	  -2.0721005262132738e-01	  -9.5138843343419377e-01	   3.0799358553000850e-01	   9.1412798818533347e-01	  -4.0542572835999791e-01	  -7.8199248913808395e-01	  -6.2328785238573658e-01	  -6.3586898734691621e-01	  -7.7179701407196910e-01	   2.7116052000000002e-01	   5.4747433999999995e-01	  -3.7041976999999998e-01	  -1.2285495000000000e-03	   4.6022182000000000e-03	   5.7928893000000004e-04	   0.0000000000000000e+00	
  -3.1543533848517757e-01	  -9.4894707293649494e-01	  -8.0100109446948298e-01	   5.9866288231248355e-01	   8.2076344120713607e-01	   5.7126821509499370e-01	   8.0040508419257861e-01	  -5.9945950755549038e-01	   2.8129659760265785e-01	  -9.5962087522998807e-01	  -3.5010263041809614e-01	  -9.3671134730733885e-01	  -8.4174444835433682e-01	  -5.3987617438136060e-01	  -8.2133139369627794e-01	  -5.7045134913411311e-01	   3.1637929638119222e-01	  -9.4863277448196026e-01	   2.7099139000000000e-01	   5.5545856000000005e-01	  -3.4547492000000002e-01	  -8.7934837999999996e-04	   4.5823453000000004e-03	   4.6942571999999998e-04	   0.0000000000000000e+00	
  -8.2529072569305373e-01	   5.6470808218497526e-01	   3.6220956382993447e-01	  -9.3209668590234174e-01	   2.2743433812071154e-01	   9.7379341846389256e-01	  -1.6965163801080935e-01	   9.8550409523261207e-01	  -9.4243664344049860e-01	  -3.3438476804514655e-01	   4.8942347857298885e-01	  -8.7204624798316466e-01	   7.7637365379878709e-01	   6.3027291682819520e-01	  -4.1651020415529166e-01	  -9.0913104106862241e-01	   6.9653405105320365e-01	   7.1752373878737497e-01	   2.7011786999999998e-01	   5.4670275000000002e-01	  -3.9159240000000001e-01	  -1.0474798999999999e-03	   4.4998204000000000e-03	   5.4247754999999995e-04	   0.0000000000000000e+00	
   9.7952994125252946e-01	   2.0129852008849020e-01	   9.1895781162036738e-01	   3.9435585511299986e-01	   8.2076344120757350e-01	   5.7126821509436532e-01	  -1.9534560935843406e-01	  -9.8073446605306069e-01	  -9.2368018580876421e-01	   3.8316434377990721e-01	   5.5621934685668406e-01	   8.3103552161283922e-01	   7.0637017131142610e-01	  -7.0784262451583579e-01	   6.0735233574504615e-03	  -9.9998155598692240e-01	  -3.8876726987506344e-01	   9.2133599184764814e-01	   2.6417384999999999e-01	   5.6938657000000004e-01	  -3.6141167000000002e-01	  -1.3164813000000001e-03	   4.4426116999999998e-03	   4.2038587000000000e-04	   0.0000000000000000e+00	
  -4.5870183221789013e-01	  -8.8859024815713039e-01	  -5.7918525823990119e-01	   8.1519594984125077e-01	   9.9004851051435916e-01	   1.4072649653956046e-01	   5.0184232077666879e-01	   8.6495912335640868e-01	  -4.9630857015497404e-01	   8.6814618768426621e-01	  -9.9997961011251346e-01	   6.3858718453706931e-03	  -5.0735560638145050e-01	  -8.6173678619013983e-01	   5.3839825004430941e-01	  -8.4269052703185487e-01	  -9.9879023409378132e-01	  -4.9173857677525697e-02	   2.7105517000000001e-01	   5.7105328000000000e-01	  -3.7151229000000002e-01	   2.0129056999999999e-04	   4.7623151999999997e-03	   3.6430265000000000e-04	   0.0000000000000000e+00	
  -1.8472605601722161e-01	   9.8279005094085192e-01	  -9.3175256845664467e-01	  -3.6309386000653576e-01	   5.2896401032704610e-01	  -8.4864425749469885e-01	  -9.6403537056996735e-01	  -2.6577397218318005e-01	   8.5872839141994850e-01	   5.1243101952292835e-01	  -6.9165371551299704e-01	  -7.2222928341148440e-01	   4.7482890046138454e-01	   8.8007813021721693e-01	   4.3928246752715122e-01	  -8.9834899327781148e-01	  -8.3117563794169291e-02	  -9.9653974862467087e-01	   2.6997984000000003e-01	   5.7440458999999999e-01	  -3.7043352000000002e-01	  -5.6645928000000003e-04	   4.6668287000000003e-03	   2.1834980000000001e-04	   0.0000000000000000e+00	
   6.5934581510011581e-01	  -7.5183980747893620e-01	  -1.3052619221992770e-01	  -9.9144486137382670e-01	  -8.3146961230244210e-01	  -5.5557023301975661e-01	   7.7074326632953827e-01	  -6.3714583684402615e-01	   1.8809036518465116e-01	  -9.8215172683486363e-01	  -4.8080450147447240e-01	  -8.7682782309977148e-01	  -9.2924402904940906e-01	  -3.6946655393421052e-01	   2.9154743862156763e-02	  -9.9957491010445632e-01	   9.8721795047979344e-01	  -1.5937602784131666e-01	   2.6476473000000000e-01	   5.7706468000000000e-01	  -3.4237192000000000e-01	  -8.5369479999999995e-04	   4.3792646000000001e-03	   2.4366648999999999e-04	   0.0000000000000000e+00	
  -9.2214277692591484e-01	  -3.8684971108088279e-01	   7.0069460207327505e-01	   7.1346133365822617e-01	  -3.7013815533978267e-01	  -9.2897671981684393e-01	  -2.1185922882066929e-01	   9.7730019296197379e-01	  -9.1023133432702263e-01	  -4.1410013041443011e-01	   5.9754104589853307e-01	  -8.0183832439369418e-01	   6.5704216398150395e-01	   7.5385382850424165e-01	   5.7343275486870515e-01	  -8.1925263236909251e-01	  -1.8270383970455575e-01	   9.8316799528728149e-01	   2.8573614000000003e-01	   5.8239463999999996e-01	  -3.6740036999999998e-01	   5.1301768000000005e-04	   4.8254700000000001e-03	   5.4679939999999997e-04	   0.0000000000000000e+00	
   7.1339183198965692e-02	   9.9745211461027261e-01	  -9.8982144188100885e-01	   1.4231483827275593e-01	  -2.1256528955219348e-01	  -9.7714686597132994e-01	   2.3553714385300500e-01	  -9.7186534759994858e-01	  -8.8904450773113763e-01	  -4.5782077636679958e-01	  -6.5434315207139093e-01	   7.5619775147594592e-01	   5.8080027345380181e-01	   8.1404609350821722e-01	   9.8619217353550692e-01	   1.6560494212828505e-01	  -9.5258611862452569e-01	   3.0426910228260301e-01	   2.7068800999999998e-01	   5.6751879999999999e-01	  -3.5261451999999999e-01	  -7.9115513000000001e-04	   4.4823097999999997e-03	   4.2366149999999999e-04	   0.0000000000000000e+00	
   9.5856294749751669e-01	  -2.8488080961144630e-01	   8.3768584863025386e-01	  -5.4615237709325359e-01	   6.4738628478243332e-01	  -7.6216205512712198e-01	  -3.3042413128911169e-01	   9.4383255583913606e-01	  -7.8163978692367175e-01	  -6.2373010469105705e-01	   8.4696942643963313e-01	  -5.3164159983631720e-01	   2.2192151300416593e-01	   9.7506453225719469e-01	  -4.7852546567704136e-02	   9.9885441070607772e-01	  -5.8561211185789130e-01	  -8.1059142263247552e-01	   2.7011954999999999e-01	   5.4487465999999996e-01	  -3.6718245999999999e-01	  -1.1684611000000000e-03	   4.5737857999999998e-03	   4.2630098000000000e-04	   0.0000000000000000e+00	
  -5.9927766651169412e-01	  -8.0054124092410051e-01	  -2.8173255684059750e-01	   9.5949297361474173e-01	   9.3694972499930707e-01	  -3.4946417960031734e-01	   9.9650987614675657e-01	  -8.3474946792291602e-02	   9.8606386651604816e-01	  -1.6636721777868721e-01	   9.6873488684264131e-01	  -2.4809820437474939e-01	   9.4464389769715773e-01	  -3.2809740404873949e-01	  -6.6401125072426059e-01	  -7.4772258151777327e-01	  -5.3036097574191121e-01	  -8.4777192416951852e-01	   2.7310195999999998e-01	   5.3926227000000004e-01	  -3.7074443000000001e-01	  -7.9265727000000000e-04	   4.7714719999999997e-03	   3.7465627000000002e-04	   0.0000000000000000e+00	
  -6.3524559604521813e-01	   7.7231019202465245e-01	  -1.9292606541031102e-01	  -9.8121329652899447e-01	   8.8035646287368152e-01	   4.7431265877745687e-01	  -7.7160496011423219e-01	   6.3610202446393316e-01	   1.9074842894577163e-01	  -9.8163895443015092e-01	   4.7724009229712344e-01	   8.7877294809537299e-01	  -9.2723007370943988e-01	  -3.7449217669904239e-01	  -1.1094238617981641e-03	  -9.9999938458915805e-01	   9.8142672946022258e-01	  -1.9183736523683578e-01	   2.7874674999999999e-01	   5.6879610000000003e-01	  -3.7351037999999998e-01	  -7.7579381999999997e-04	   4.7994580000000004e-03	   5.0907152999999999e-04	   0.0000000000000000e+00	
   9.7952994125252946e-01	   2.0129852008849020e-01	   9.1895781162036738e-01	   3.9435585511299986e-01	   8.2076344120757350e-01	   5.7126821509436532e-01	   7.3433428857520777e-01	   6.7878800270978823e-01	   7.8493694754512955e-02	   9.9691461012655713e-01	  -6.1905306558481821e-01	   7.8534915928524351e-01	  -9.8767747976757070e-01	   1.5650302220717652e-01	   5.8266340214848877e-01	   8.1271357795766430e-01	   8.5594144294709362e-01	  -5.1707276687681714e-01	   2.7595172000000001e-01	   5.8801835999999996e-01	  -3.7652668000000000e-01	  -4.7465421000000000e-04	   4.6127256000000000e-03	   6.9564294000000004e-04	   0.0000000000000000e+00	
  -7.0710678118654768e-01	  -7.0710678118654746e-01	   3.0616169978683831e-16	   1.0000000000000000e+00	   7.0710678118654657e-01	  -7.0710678118654846e-01	  -7.1738682973371226e-01	   6.9667505806122676e-01	   2.9287726950772627e-02	  -9.9957102251418684e-01	   6.7536557055906954e-01	   7.3748311580904846e-01	  -9.9828445810011401e-01	  -5.8550326350600208e-02	   9.9989274987725230e-01	   1.4645434200001804e-02	   1.4645434200002111e-02	   9.9989274987725230e-01	   2.8892953999999998e-01	   5.7114469000000001e-01	  -3.2838525000000002e-01	  -1.8068635000000001e-04	   4.5840485999999996e-03	   1.2452926000000000e-03	   0.0000000000000000e+00	
   5.2896401032704665e-01	   8.4864425749469852e-01	  -4.4039415155745615e-01	   8.9780453957082906e-01	  -9.9486932339186507e-01	   1.0116832198772829e-01	   5.6807353516903014e-01	   8.2297779960370776e-01	  -3.5458491728112124e-01	   9.3502381597301598e-01	  -9.7093415012403961e-01	   2.3934676961034798e-01	  -7.4853907287348087e-01	  -6.6309068488534040e-01	  -3.9792492835563659e-01	   9.1741798074441594e-01	   9.9890583900298213e-01	   4.6766706167404276e-02	   3.1836027000000000e-01	   5.3304333999999998e-01	  -3.1713453000000003e-01	  -1.2979560000000001e-03	   4.6822542000000003e-03	   1.7676844000000000e-03	   0.0000000000000000e+00	
   1.0009569162400210e-01	  -9.9497781508851380e-01	  -9.7996170503662539e-01	  -1.9918598510364652e-01	  -2.9627558088535766e-01	   9.5510249720699814e-01	  -7.6101420581821111e-01	   6.4873521450810534e-01	   1.5828524291424509e-01	  -9.8739342811038522e-01	   5.2009956895995779e-01	   8.5410563653898575e-01	  -9.4989156375115691e-01	  -3.1257961724076300e-01	   5.6930290303518882e-01	   8.2212785173335812e-01	  -7.2165138956931751e-01	   6.9225665177928997e-01	   3.0913843000000002e-01	   5.1820321999999996e-01	  -3.6325813000000001e-01	  -1.4195483000000000e-03	   4.7205511000000004e-03	   1.1511385000000001e-03	   0.0000000000000000e+00	
  -8.6306886753212064e-01	   5.0508625985748490e-01	   4.8977574020635439e-01	  -8.7184845260246790e-01	   1.7648480642911822e-02	   9.9984425343700245e-01	   3.6856336842381265e-01	  -9.2960262664005688e-01	  -7.2832208691218592e-01	  -6.8523495074016649e-01	  -9.0542905172344479e-01	   4.2449762342701464e-01	   6.0906124568243195e-02	   9.9814349869649388e-01	   1.5143394484395656e-01	   9.8846737950677843e-01	  -7.8762508284268407e-01	  -6.1615479295145881e-01	   3.0395144000000002e-01	   5.1159297999999997e-01	  -3.4619019000000001e-01	  -2.5735185000000001e-03	   4.6295091000000000e-03	   8.2866050999999997e-04	   0.0000000000000000e+00	
   4.2166513345039097e-01	   9.0675162819388644e-01	  -6.4439703046452790e-01	   7.6469109261746882e-01	  -9.6510465314211269e-01	  -2.6186448496014586e-01	   9.4621568816728163e-01	   3.2353650716127474e-01	   7.9064825706776487e-01	   6.1227063754168853e-01	   5.5003188115199209e-01	   8.3514365813098335e-01	   2.5024933280858863e-01	   9.6818142485221037e-01	   1.0561890977526149e-01	   9.9440668033651358e-01	   6.9235341907255921e-01	   7.2155855140004899e-01	   3.0703535999999998e-01	   5.1164171999999997e-01	  -3.9465359999999999e-01	  -2.0750931000000001e-03	   4.6386995000000002e-03	   9.5869938000000003e-04	   0.0000000000000000e+00	
   7.3632569765110745e-01	  -6.7662727330385508e-01	   8.4351066042780323e-02	  -9.9643609813045542e-01	  -6.1210598254797843e-01	  -7.9077573693745429e-01	  -9.8689980086505413e-01	   1.6133438273510226e-01	   9.4794243389496713e-01	  -3.1844174038791767e-01	  -8.8414859761990139e-01	   4.6720579761681225e-01	   7.9718971595742805e-01	  -6.0372887687414389e-01	  -6.1751644090348790e-01	   7.8655797320597354e-01	  -8.3584292786391290e-01	   5.4896866936090416e-01	   2.9935075000000000e-01	   5.2545850999999999e-01	  -3.8574448000000000e-01	  -1.8966737000000000e-03	   4.5193445000000004e-03	   7.6730907000000003e-04	   0.0000000000000000e+00	
  -9.8513898901683239e-01	   1.7175905309151387e-01	   9.4099765536221303e-01	  -3.3841307983412483e-01	  -8.6888796872464802e-01	   4.9500878558421069e-01	   9.9917709422792667e-01	  -4.0560256042546754e-02	   9.9670973125952611e-01	  -8.1053757547465147e-02	   9.9260197190925525e-01	  -1.2141385984251545e-01	   9.8686057677487349e-01	  -1.6157413780541754e-01	  -9.7736172128545873e-01	   2.1157520120733739e-01	  -9.9129490362749306e-01	   1.3166022194330063e-01	   2.9863355000000003e-01	   5.4453591999999995e-01	  -3.8119250999999998e-01	  -1.4427388999999999e-03	   4.3447038000000004e-03	   7.6912257000000001e-04	   0.0000000000000000e+00	
   7.6144595836908624e-01	   6.4822839530784504e-01	   1.5959989503323244e-01	   9.8718178341447382e-01	  -5.1839256831071567e-01	   8.5514276300523062e-01	  -3.3042413128911169e-01	   9.4383255583913606e-01	  -7.8163978692367175e-01	  -6.2373010469105705e-01	   8.4696942643963313e-01	  -5.3164159983631720e-01	   2.2192151300416593e-01	   9.7506453225719469e-01	  -8.6341918242861571e-01	   5.0448718062434539e-01	   3.6021894379319486e-01	  -9.3286778941740456e-01	   3.0684287999999998e-01	   5.4312391999999998e-01	  -4.0353613999999999e-01	  -1.3527471000000001e-03	   4.5438633999999997e-03	   8.3696621999999996e-04	   0.0000000000000000e+00	
  -6.8454710592870960e-01	  -7.2896862742139179e-01	  -6.2790519529255989e-02	   9.9802672842827522e-01	   7.7051324277573485e-01	  -6.3742398974875547e-01	  -7.5037724658294469e-01	  -6.6100982429204380e-01	   1.2613202437880275e-01	   9.9201346383307976e-01	   5.6108404426434655e-01	  -8.2775883883650847e-01	  -9.6818142485221026e-01	   2.5024933280858919e-01	   3.1813148176882383e-02	   9.9949383369937594e-01	   9.9552399682933512e-01	   9.4509109280249026e-02	   3.0673985999999998e-01	   5.6899323000000002e-01	  -3.6136383000000000e-01	  -3.1420200999999999e-04	   4.6073868000000000e-03	   8.9530529000000003e-04	   0.0000000000000000e+00	
   6.5258576152422265e-01	   7.5771486976028812e-01	  -1.4826364771170089e-01	   9.8894787060148959e-01	  -8.4609525242082140e-01	   5.3303172872817484e-01	   9.1795574606598662e-01	  -3.9668280560724833e-01	   6.8528550347112405e-01	  -7.2827452154550076e-01	   3.4016778514809354e-01	  -9.4036475792505136e-01	  -6.0767557464656091e-02	  -9.9815194432500087e-01	   8.9961730997884970e-01	   4.3667916779532584e-01	   2.9847238920516589e-01	   9.5441826935686847e-01	   2.9831106000000002e-01	   5.5187467000000001e-01	  -3.5639268000000002e-01	  -8.9657951999999998e-04	   4.4802130999999999e-03	   8.9608413000000003e-04	   0.0000000000000000e+00	
  -1.6632935458317824e-01	  -9.8607025399002046e-01	  -9.4466909160788670e-01	   3.2802485783966145e-01	   4.8058175518681157e-01	   8.7694992820660145e-01	  -4.2848431929111391e-01	   9.0354921732113225e-01	  -6.3280237624326152e-01	  -7.7431334265972829e-01	   9.7077611015190046e-01	  -2.3998696622597093e-01	  -1.9912230524176341e-01	   9.7997464638387766e-01	   9.6223252649303648e-01	   2.7222888340296991e-01	  -8.1969348593962965e-01	   5.7280239970528946e-01	   3.0007246999999998e-01	   5.3870737999999996e-01	  -3.8920584000000003e-01	  -7.2306594999999995e-04	   4.6512246000000000e-03	   8.3009415000000002e-04	   0.0000000000000000e+00	
  -4.6006503773095730e-01	   8.8788521840247614e-01	  -5.7668032211522569e-01	  -8.1696989301018896e-01	   9.9068594603624116e-01	  -1.3616664909689835e-01	   2.5897548461750741e-01	  -9.6588389486890569e-01	  -8.6586339673425439e-01	  -5.0028049951584086e-01	  -7.0745027018113660e-01	   7.0676312525529850e-01	   4.9943884360836155e-01	   8.6634914526139084e-01	   7.3844846684516652e-01	   6.7430991525708939e-01	  -9.7673959904905916e-01	  -2.1442890581608440e-01	   2.9580682000000003e-01	   5.1489408000000003e-01	  -3.3944453000000002e-01	  -2.1568338999999998e-03	   4.4102984999999997e-03	   8.0496805999999996e-04	   0.0000000000000000e+00	
   9.9026806874158746e-01	  -1.3917310095994362e-01	   9.6126169593838673e-01	  -2.7563735581676269e-01	   9.1354545764275141e-01	  -4.0673664307546226e-01	   3.0369800243723627e-01	   9.5276834714196523e-01	  -8.1553504663126486e-01	   5.7870768762488423e-01	  -7.9905073159618323e-01	  -6.0126360968846637e-01	   3.3019482456771881e-01	  -9.4391280202606287e-01	   4.3334215972242679e-01	   9.0122947832785782e-01	   1.6814270898597206e-01	  -9.8576266383691902e-01	   2.9578368999999999e-01	   4.9618130999999999e-01	  -3.6354204000000001e-01	  -2.1310446000000001e-03	   4.5385534000000000e-03	   7.1085582999999997e-04	   0.0000000000000000e+00	
  -9.2387953251126909e-01	  -3.8268343236513230e-01	   7.0710678118648240e-01	   7.0710678118661263e-01	  -3.8268343236496255e-01	  -9.2387953251133947e-01	  -6.8305806332643593e-01	   7.3036407505075074e-01	  -6.6863364249477364e-02	  -9.9776214125473894e-01	   7.7440118350991227e-01	   6.3269487668104851e-01	  -9.9105858104248346e-01	   1.3342746697010821e-01	   9.1056159534068692e-01	  -4.1337341604247269e-01	   3.5156513310747406e-01	   9.3616342439935352e-01	   2.9665925999999998e-01	   5.1035668999999995e-01	  -3.5850090000000001e-01	  -1.6678680999999999e-03	   4.6814795000000003e-03	   6.9787324000000002e-04	   0.0000000000000000e+00	
   6.0759392032491333e-01	   7.9424783788449993e-01	  -2.6165925596840561e-01	   9.6516031505965905e-01	  -9.2555906657120046e-01	   3.7860324125375366e-01	   9.3231431824628985e-01	  -3.6164901768559482e-01	   7.3841997601408860e-01	  -6.7434111473597158e-01	   4.4456471478774212e-01	  -8.9574673561542695e-01	   9.0528121953294502e-02	  -9.9589389953729979e-01	   8.5370746196814917e-01	   5.2075288705863276e-01	   2.7922956122847525e-01	   9.6022437593312182e-01	   2.8883098000000001e-01	   5.0443552999999997e-01	  -3.5093906000000002e-01	  -2.3549755999999998e-03	   4.3254905999999997e-03	   6.5821738000000000e-04	   0.0000000000000000e+00	
   2.8320550668203431e-01	  -9.5905924790128172e-01	  -8.3958928196994442e-01	  -5.4322172047994643e-01	  -7.5875812269224185e-01	   6.5137248272286175e-01	   3.8791640862786844e-02	   9.9924732103677549e-01	  -9.9699041719834514e-01	   7.7524886421520930e-02	  -1.1614142927798353e-01	  -9.9323268593279146e-01	   9.8797978397066055e-01	  -1.5458313771329293e-01	   9.6932339048647354e-01	   2.4578886194416460e-01	  -9.4735137787532753e-01	  -3.2019582576560612e-01	   2.9699355999999999e-01	   4.9111389999999999e-01	  -3.7368604999999999e-01	  -1.9666206999999999e-03	   4.4950103000000003e-03	   6.1934307999999996e-04	   0.0000000000000000e+00	
  -6.0876142900881902e-01	   7.9335334029115967e-01	  -2.5881904510228126e-01	  -9.6592582628913248e-01	   9.2387953251114463e-01	   3.8268343236543295e-01	  -8.9932756406660741e-01	  -4.3727557959486152e-01	   6.1758013497995590e-01	   7.8650796364572151e-01	  -2.1148611274829404e-01	  -9.7738100253412741e-01	  -2.3718955375627904e-01	   9.7146338870226978e-01	   8.9438997474754423e-01	  -4.4728802026332787e-01	   2.0056189134887190e-01	  -9.7968103367298243e-01	   2.9301834999999998e-01	   5.1309769000000005e-01	  -3.5951537000000000e-01	  -2.0149444000000000e-03	   4.4041558999999997e-03	   6.6476439000000005e-04	   0.0000000000000000e+00	
   9.9026806874158746e-01	  -1.3917310095994362e-01	   9.6126169593838673e-01	  -2.7563735581676269e-01	   9.1354545764275141e-01	  -4.0673664307546226e-01	   9.9877900962696375e-01	   4.9401315049110377e-02	   9.9511902014283704e-01	   9.8681993038040164e-02	   9.8902896917147110e-01	   1.4772169149998698e-01	   9.8052372850008040e-01	   1.9640065643551360e-01	   9.9593429516981258e-01	  -9.0082627096509119e-02	   9.8218362675604498e-01	  -1.8792371679046274e-01	   2.8168694000000000e-01	   4.9859995000000001e-01	  -3.8393277999999997e-01	  -2.4375254000000000e-03	   4.2835139000000000e-03	   4.5025642000000001e-04	   0.0000000000000000e+00	
  -3.7460659341578134e-01	  -9.2718385456684016e-01	  -7.1933980033884692e-01	   6.9465837045879453e-01	   9.1354545764242889e-01	   4.0673664307618651e-01	  -6.5936755932290503e-01	   7.5182073775106484e-01	  -1.3046884342511061e-01	  -9.9145240979853089e-01	   8.3142140503670015e-01	   5.5564237351627477e-01	  -9.6595576179062792e-01	   2.5870729843490625e-01	   9.4407948477814918e-01	   3.2971794980107527e-01	  -4.5007261436448615e-01	   8.9299196065760666e-01	   2.7837085000000000e-01	   5.1848092999999995e-01	  -3.9924788000000000e-01	  -1.5922839000000000e-03	   4.4316759999999998e-03	   5.4358892000000002e-04	   0.0000000000000000e+00	
  -6.7448014014016566e-01	   7.3829299099781687e-01	  -9.0153081113004921e-02	  -9.9592792006541919e-01	   7.9609306570649996e-01	   6.0517421519263881e-01	   9.1270123131717551e-01	  -4.0862753499013221e-01	   6.6604707529577656e-01	  -7.4590970867119177e-01	   3.0310274015814376e-01	  -9.5295788412113192e-01	  -1.1276258697988424e-01	  -9.9362195979034407e-01	  -3.1391200939298014e-01	   9.4945207902182271e-01	  -9.1728569941684002e-01	   3.9822976489127299e-01	   2.8556577999999999e-01	   5.4877889999999996e-01	  -3.7112202999999999e-01	  -1.9973119000000002e-03	   4.4652763000000003e-03	   6.8348957000000001e-04	   0.0000000000000000e+00	
   7.3900891722055917e-01	   6.7369564364666679e-01	   9.2268359463006627e-02	   9.9573417629506189e-01	  -6.0263463637961134e-01	   7.9801722727997138e-01	  -6.7156859810078684e-01	   7.4094238510490396e-01	  -9.7991236089887593e-02	  -9.9518727767670745e-01	   8.0318427219488497e-01	   5.9573066472926584e-01	  -9.8079543529915181e-01	   1.9503926296094148e-01	  -9.9546483956013621e-01	   9.5130190788794228e-02	   2.8744745165534599e-03	  -9.9999586868959300e-01	   3.6722466999999998e-01	   4.9706675000000000e-01	  -4.2011273999999998e-01	  -2.5125536000000000e-03	   5.4784685000000000e-03	   9.4136644999999995e-04	   0.0000000000000000e+00	
   8.2215601169465047e-01	  -5.6926223520829644e-01	   3.5188101513130843e-01	  -9.3604473781446995e-01	  -2.4355382771180659e-01	  -9.6988738161032262e-01	  -8.0113266424550988e-01	   5.9848680376336727e-01	   2.8362709144221754e-01	  -9.5893465522945198e-01	   3.4668680940689267e-01	   9.3798094659927334e-01	  -8.3911134600005588e-01	  -5.4395969429175028e-01	  -3.1796010042139350e-01	   9.4810409478074575e-01	  -9.9935197172740131e-01	  -3.5994952487192360e-02	   3.1421560999999998e-01	   5.1995875000000003e-01	  -5.2225803000000004e-01	  -2.7965426000000002e-03	   5.3088149000000001e-03	   8.0859259000000004e-04	   0.0000000000000000e+00	
  -7.4730093586565557e-02	  -9.9720379718116958e-01	  -9.8883082622508633e-01	   1.4904226617645466e-01	   2.2252093395672884e-01	   9.7492791218172903e-01	   0.0000000000000000e+00	   0.0000000000000000e+00	   0.0000000000000000e+00	   0.0000000000000000e+00	   0.0000000000000000e+00	   0.0000000000000000e+00	   0.0000000000000000e+00	   0.0000000000000000e+00	   0.0000000000000000e+00	   0.0000000000000000e+00	   0.0000000000000000e+00	   0.0000000000000000e+00	   3.1380714999999998e-01	   5.1596249999999999e-01	  -4.4530018999999998e-01	  -2.6606643999999998e-03	   5.0371655999999999e-03	   7.7279270000000003e-04	   0.0000000000000000e+00	
  -9.9720379718118468e-01	  -7.4730093586363761e-02	   9.8883082622514662e-01	   1.4904226617605446e-01	  -9.7492791218186403e-01	  -2.2252093395613740e-01	   9.7568454232000501e-01	  -2.1917954712473137e-01	   9.0392065224439533e-01	  -4.2770019224459899e-01	   7.8819827343734150e-01	  -6.1542138551596814e-01	   6.3414509110786610e-01	  -7.7321407347758242e-01	  -9.8933563852134321e-01	   1.4565367949889252e-01	  -9.5657702238364728e-01	  -2.9147967381557699e-01	   3.3089053000000002e-01	   5.1585508999999996e-01	  -4.1989006000000001e-01	  -2.2486731000000001e-03	   5.0106730999999998e-03	   9.4095918000000004e-04	   0.0000000000000000e+00	
  -1.8163685097947435e-01	   9.8336567682945908e-01	  -9.3401610873252050e-01	  -3.5723088980120482e-01	   5.2094034048802906e-01	  -8.5359308903728615e-01	  -9.8972016364276572e-01	   1.4301747333433423e-01	   9.5909200464212596e-01	  -2.8309455422446433e-01	  -9.0874522792298085e-01	   4.1735130373249063e-01	   8.3971494673690372e-01	  -5.4302744702882100e-01	   3.9131179411104874e-02	  -9.9923408208382081e-01	   3.2040812833881871e-01	  -9.4727959510084192e-01	   3.3466889999999999e-01	   5.0177910000000003e-01	  -4.5000907000000001e-01	  -2.5279622000000000e-03	   5.0795869000000004e-03	   9.0918575999999996e-04	   0.0000000000000000e+00	
   1.0000000000000000e+00	  -2.4492935982947064e-16	   1.0000000000000000e+00	  -4.8985871965894128e-16	   1.0000000000000000e+00	  -7.3478807948841188e-16	   1.2509908980054607e-01	  -9.9214425248099625e-01	  -9.6870043546214979e-01	  -2.4823268587243164e-01	  -3.6746617533196202e-01	   9.3003688635822379e-01	   8.7676106732911741e-01	   4.8092622180112710e-01	   1.2509908980054496e-01	  -9.9214425248099647e-01	   1.2509908980054632e-01	   9.9214425248099625e-01	   3.3451192000000002e-01	   5.1167390000000001e-01	  -3.9075780999999998e-01	  -2.9676282000000000e-03	   5.0952606999999997e-03	   9.6724873999999995e-04	   0.0000000000000000e+00	
  -2.1245833932820205e-13	  -1.0000000000000000e+00	  -1.0000000000000000e+00	   4.2491667865640409e-13	   6.3826319640430624e-13	   1.0000000000000000e+00	   5.5104593424934245e-01	   8.3447491175425359e-01	  -3.9269675669453868e-01	   9.1966801471052062e-01	  -9.8383383658820001e-01	   1.7908372897654010e-01	  -6.9157851456318054e-01	  -7.2230129322505343e-01	   8.3447491175413624e-01	  -5.5104593424952009e-01	  -8.3447491175437072e-01	  -5.5104593424916515e-01	   3.3454941999999999e-01	   4.5627932999999998e-01	  -3.7459337999999998e-01	  -2.8263289999999998e-03	   5.1702826999999998e-03	   1.0830124999999999e-03	   0.0000000000000000e+00	
  -9.7094181742600871e-01	   2.3931566428773360e-01	   8.8545602565304160e-01	  -4.6472317204408925e-01	  -7.4851074817074026e-01	   6.6312265824120253e-01	  -9.1130613336642152e-01	  -4.1172943942441370e-01	   6.6095773742251607e-01	   7.5042312686997348e-01	  -2.9336354665184178e-01	  -9.5600095684881647e-01	  -1.2626973868261657e-01	   9.9199594409101477e-01	   9.8335853766493175e-01	   1.8167549752646089e-01	   7.8629192905959222e-01	  -6.1785516287860309e-01	   3.4785370999999998e-01	   4.6772288000000001e-01	  -3.8109904000000000e-01	  -3.2312101000000000e-03	   5.2159158000000001e-03	   1.1381479000000000e-03	   0.0000000000000000e+00	
   8.3768584863021223e-01	   5.4615237709331743e-01	   4.0343516199063750e-01	   9.1500823497364658e-01	  -1.6178199655142350e-01	   9.8682652254174608e-01	   9.2032092824719924e-01	  -3.9116414589046050e-01	   6.9398122193957301e-01	  -7.1999309968586300e-01	   3.5704995647590682e-01	  -9.3408528977848326e-01	  -3.6780127190514142e-02	  -9.9932338221611205e-01	   9.8457504590265199e-01	   1.7496279314697349e-01	   5.5730458967914775e-01	   8.3030813215489874e-01	   3.5728722000000002e-01	   4.6572941000000001e-01	  -3.7070744999999999e-01	  -3.5757862000000001e-03	   5.2017004000000002e-03	   8.0114442999999996e-04	   0.0000000000000000e+00	
   2.9555817896539138e-01	  -9.5532474208860607e-01	  -8.2529072569332329e-01	  -5.6470808218458124e-01	  -7.8340102697128089e-01	   6.2151655725357990e-01	  -8.2783228084956792e-02	   9.9656757781288174e-01	  -9.8629387429566806e-01	  -1.6499816219231342e-01	   2.4608040959418476e-01	  -9.6924941682415178e-01	   9.4555121294631805e-01	   3.2547335328064364e-01	   9.2757840410629155e-01	   3.7362856453384991e-01	  -9.7651292438962456e-01	  -2.1545883249480272e-01	   3.6679924000000003e-01	   4.6719228000000002e-01	  -4.1106521000000001e-01	  -2.8276940000000000e-03	   5.5079546000000000e-03	   5.0143569999999997e-04	   0.0000000000000000e+00	
  -9.0096886790241903e-01	   4.3388373911755823e-01	   6.2348980185873337e-01	  -7.8183148246802991e-01	  -2.2252093395631409e-01	   9.7492791218182373e-01	   1.4784243414038912e-02	  -9.9989070710086836e-01	  -9.9956285229334885e-01	  -2.9565255202429447e-02	  -4.4339804445910701e-02	   9.9901650724184654e-01	   9.9825179136963049e-01	   5.9104661637842303e-02	   4.2051617565428351e-01	   9.0728504121532594e-01	  -4.4715646175736440e-01	  -8.9445575559031132e-01	   3.5154688000000001e-01	   4.6829287000000003e-01	  -3.7520627000000001e-01	  -3.8026262000000000e-03	   5.2158661000000000e-03	   2.6638109000000002e-04	   0.0000000000000000e+00	
   6.3967302155887651e-01	   7.6864713977854437e-01	  -1.8163685097947435e-01	   9.8336567682945908e-01	  -8.7204940814383591e-01	   4.8941784781103509e-01	   9.2761948550402928e-01	   3.7352655877894408e-01	   7.2095581977352008e-01	   6.9298102855322941e-01	   4.0992584771486740e-01	   9.1211885156225525e-01	   3.9554588130616665e-02	   9.9921741105618112e-01	   3.0626303811249511e-01	   9.5194692682213344e-01	   8.8048328018601052e-01	   4.7407720184890062e-01	   3.6412555000000002e-01	   4.7517747999999999e-01	  -4.1341019000000001e-01	  -3.0544925000000000e-03	   5.1185275999999997e-03	   5.4842846999999997e-04	   0.0000000000000000e+00	
   5.0993260439023946e-01	  -8.6021435641343924e-01	  -4.7993747795957498e-01	  -8.7730269419955764e-01	  -9.9940414055105797e-01	  -3.4516138970069263e-02	  -9.6403537056996724e-01	   2.6577397218318027e-01	   8.5872839141994828e-01	  -5.1243101952292869e-01	  -6.9165371551299648e-01	   7.2222928341148485e-01	   4.7482890046138365e-01	  -8.8007813021721737e-01	  -2.6297048080605490e-01	   9.6480387966914416e-01	  -7.2021565367205076e-01	   6.9375025204012764e-01	   3.7527919999999998e-01	   4.9136924999999998e-01	  -4.2649183000000002e-01	  -2.7341993000000002e-03	   5.3554275000000000e-03	   5.1672336000000004e-04	   0.0000000000000000e+00	
  -9.5211766591067704e-01	   3.0573182735986831e-01	   8.1305609947839130e-01	  -5.8218534772096775e-01	  -5.9613248546893305e-01	   8.0288608143909945e-01	   5.2616309584161314e-01	  -8.5038367609824772e-01	  -4.4630479314873883e-01	  -8.9488101533805120e-01	  -9.9582131914579552e-01	  -9.1323054782062554e-02	  -6.0162406322492290e-01	   7.9877937288636469e-01	  -2.4097982345053337e-01	   9.7053012559618657e-01	  -7.6095853395157220e-01	  -6.4880051603422295e-01	   3.6232350000000002e-01	   5.0082870000000002e-01	  -4.0195182000000002e-01	  -3.2112191000000000e-03	   5.5666969999999998e-03	   3.5918482000000000e-04	   0.0000000000000000e+00	
   6.8017273777086751e-01	   7.3305187182987452e-01	  -7.4730093586565530e-02	   9.9720379718116958e-01	  -7.8183148246816236e-01	   6.2348980185856728e-01	   5.0801342319840836e-01	   8.6134915211558361e-01	  -4.8384472370046971e-01	   8.7515386267056838e-01	  -9.9961265196553573e-01	   2.7830667085586795e-02	  -5.3178856669443220e-01	  -8.4687715775847994e-01	  -2.8587672737619207e-01	   9.5826640176136735e-01	   9.7695048913861560e-01	  -2.1346602018077646e-01	   3.6504862999999999e-01	   4.8221742000000001e-01	  -4.3155494999999999e-01	  -3.0301087999999999e-03	   5.6798216999999996e-03	   4.1541369000000001e-04	   0.0000000000000000e+00	
   7.0710678118647574e-01	  -7.0710678118661929e-01	  -2.0293330607133014e-13	  -1.0000000000000000e+00	  -7.0710678118676340e-01	  -7.0710678118633163e-01	  -9.9091912162958473e-01	  -1.3445926665296137e-01	   9.6384141122229561e-01	   2.6647651681342122e-01	  -9.1925864756764886e-01	  -3.9365408529837104e-01	   8.5798053197397284e-01	   5.1368220404609932e-01	  -7.9576268975531439e-01	   6.0560857126809819e-01	  -6.0560857126793677e-01	   7.9576268975543729e-01	   3.5586120999999998e-01	   4.7359031000000001e-01	  -3.7981672999999999e-01	  -3.5821128000000000e-03	   5.5444722999999996e-03	   3.8240878999999998e-04	   0.0000000000000000e+00	
  -8.3399781788994731e-01	  -5.5176774077034108e-01	   3.9110472049038736e-01	   9.2034618356906117e-01	   1.8163685097906523e-01	  -9.8336567682953469e-01	   9.7036658547836496e-01	   2.4163751734169739e-01	   8.8322262042588184e-01	   4.6895394525266415e-01	   7.4373285132146882e-01	   6.6847695986117417e-01	   5.6016439446392252e-01	   8.2838146477022712e-01	  -6.7595582781329289e-01	  -7.3694214077174736e-01	  -9.4261140187125780e-01	  -3.3389181640510757e-01	   3.6673691000000003e-01	   5.0563727000000003e-01	  -3.8907407999999999e-01	  -1.9256678999999999e-03	   5.8258527999999997e-03	   5.8377321000000002e-04	   0.0000000000000000e+00	
  -3.7460659341578112e-01	   9.2718385456684027e-01	  -7.1933980033884726e-01	  -6.9465837045879408e-01	   9.1354545764242856e-01	  -4.0673664307618718e-01	  -8.7049617895455678e-01	   4.9217517453191018e-01	   5.1552719514896750e-01	  -8.5687321761263979e-01	  -2.7032728094115915e-02	   9.9963454902868853e-01	  -4.6846342212367670e-01	  -8.8348289294823013e-01	  -1.3024326726498314e-01	  -9.9148206808400841e-01	   7.8243048362422452e-01	  -6.2273793709357561e-01	   3.7614332000000000e-01	   5.1180903000000000e-01	  -4.0168787000000000e-01	  -2.2308381000000002e-03	   5.8128885000000002e-03	   5.6528158999999997e-04	   0.0000000000000000e+00	
   9.4348417870983492e-01	  -3.3141756821904933e-01	   7.8032479095154350e-01	  -6.2537446432232091e-01	   5.2896401032584717e-01	  -8.4864425749544614e-01	   9.4438169649105985e-01	   3.2885135142290001e-01	   7.8371357733466462e-01	   6.2112239430027205e-01	   5.3586781896171620e-01	   8.4430188949285989e-01	   2.2841394259739475e-01	   9.7356410719947661e-01	   9.9999630449659382e-01	  -2.7186381067928248e-03	   7.8202207410834246e-01	  -6.2325073253650187e-01	   3.7917180000000000e-01	   5.1269635999999996e-01	  -4.0716896000000002e-01	  -2.4221256000000000e-03	   5.6979283000000002e-03	   4.8464354000000000e-04	   0.0000000000000000e+00	
  -9.2064988667641312e-01	  -3.9038927516353161e-01	   6.9519242767458478e-01	   7.1882368387798501e-01	  -3.5940777283740083e-01	  -9.3318061104164574e-01	  -6.7156859810078684e-01	   7.4094238510490396e-01	  -9.7991236089887593e-02	  -9.9518727767670745e-01	   8.0318427219488497e-01	   5.9573066472926584e-01	  -9.8079543529915181e-01	   1.9503926296094148e-01	   9.0753551439596891e-01	  -4.1997534464542580e-01	   3.2902359307788531e-01	   9.4432170111573632e-01	   3.9013725999999999e-01	   5.0936413000000003e-01	  -4.0967100000000001e-01	  -1.8200874999999999e-03	   6.0190054999999998e-03	   4.8356433000000000e-04	   0.0000000000000000e+00	
   6.9407419522057134e-01	   7.1990347375805608e-01	  -3.6522023057832469e-02	   9.9933284837023306e-01	  -7.4477218274395574e-01	   6.6731881122204528e-01	   6.8488098919535567e-01	  -7.2865494621171079e-01	  -6.1876061277582231e-02	  -9.9808384068713030e-01	  -7.6963646530596108e-01	  -6.3848235000769304e-01	  -9.9234270608154573e-01	   1.2351499377304299e-01	   9.9991944834643542e-01	  -1.2692392152791138e-02	  -4.9203005551165288e-02	   9.9878879861797210e-01	   3.8547754000000001e-01	   5.1760022999999999e-01	  -3.8308192000000002e-01	  -2.4638244000000000e-03	   5.8655957000000002e-03	   4.4953773000000003e-04	   0.0000000000000000e+00	
   5.9927766651136882e-01	  -8.0054124092434398e-01	  -2.8173255684137710e-01	  -9.5949297361451280e-01	  -9.3694972499973272e-01	  -3.4946417959917619e-01	   2.8209581178690918e-01	   9.5938623763960917e-01	  -8.4084390594456937e-01	   5.4127767904826829e-01	  -7.5649290025392690e-01	  -6.5400190509309852e-01	   4.1403694832823978e-01	  -9.1026007570311385e-01	   9.3708196902603957e-01	   3.4910941454833416e-01	  -5.9897452938546103e-01	  -8.0076807700323904e-01	   3.7732139999999997e-01	   4.8173596000000002e-01	  -4.0092412999999999e-01	  -2.8571873999999999e-03	   5.7365665000000000e-03	   4.0308660999999998e-04	   0.0000000000000000e+00	
  -9.7542978688545201e-01	   2.2031053278634155e-01	   9.0292653828679670e-01	  -4.2979491208880305e-01	  -7.8605309474316598e-01	   6.1815898622012388e-01	  -6.4836537266694094e-01	  -7.6132932659031249e-01	  -1.5924468705291744e-01	   9.8723914511399835e-01	   8.5486285439953191e-01	  -5.1885402587614637e-01	  -9.4928225929083676e-01	  -3.1442517742013687e-01	   8.0016376685139934e-01	   5.9978158209316457e-01	   4.6470602771744257e-01	  -8.8546502347810185e-01	   3.8863017000000000e-01	   5.1034767999999997e-01	  -4.0739885999999997e-01	  -2.7008921999999999e-03	   6.1114814000000003e-03	   5.5200724999999995e-04	   0.0000000000000000e+00	
   9.6919899919972130e-01	  -2.4627890683178416e-01	   8.7869340009948271e-01	  -4.7738654005073322e-01	   7.3405852875991540e-01	  -6.7908620686539378e-01	   8.2441439520828541e-01	  -5.6598666501372363e-01	   3.5931819005328591e-01	  -9.3321510826648679e-01	  -2.3196021852805537e-01	  -9.7272527314777668e-01	  -7.4178087659366143e-01	  -6.7064232726539053e-01	   6.5963102962076592e-01	  -7.5158958531997244e-01	   9.3841218390266079e-01	   3.4551783326340590e-01	   3.7945329000000000e-01	   5.0633212999999999e-01	  -3.7411485999999999e-01	  -2.9613116000000001e-03	   5.7137958000000001e-03	   3.7641595000000001e-04	   0.0000000000000000e+00	
  -9.8743888867641738e-01	  -1.5800139597320581e-01	   9.5007111774103647e-01	   3.1203344569820984e-01	  -8.8883544865512432e-01	  -4.5822652172702089e-01	   1.4847680496400453e-01	   9.8891589045160000e-01	  -9.5590927677536197e-01	   2.9366214358477416e-01	  -4.3233751546612081e-01	  -9.0171185681490396e-01	   8.2752509085039094e-01	  -5.6142873458084797e-01	   9.6383199035566403e-03	  -9.9995355031593181e-01	  -3.0286186247932045e-01	   9.5303446540802350e-01	   3.8142386000000000e-01	   5.1302375000000000e-01	  -4.0998105000000001e-01	  -2.0053492000000001e-03	   6.0350906000000001e-03	   5.0255853999999997e-04	   0.0000000000000000e+00	
   9.8037996587484677e-01	   1.9711702745129409e-01	   9.2228975497753152e-01	   3.8649916929210187e-01	   8.2800883114833956e-01	   5.6071505735120086e-01	  -9.9999804327303976e-01	   1.9782441941788688e-03	   9.9999217309981636e-01	  -3.9564806465902397e-03	  -9.9998238950330276e-01	   5.9347016154964686e-03	   9.9996869252178633e-01	  -7.9128993592222814e-03	  -9.8076799315406560e-01	  -1.9517721077151096e-01	  -9.7998810192380692e-01	  -1.9905607272267334e-01	   3.5616456000000002e-01	   4.8888749999999997e-01	  -4.1293514999999997e-01	  -3.2027612999999998e-03	   5.8237438000000004e-03	   3.6519029999999999e-04	   0.0000000000000000e+00	
  -5.4064081745601666e-01	  -8.4125353283091187e-01	  -4.1541501300098022e-01	   9.0963199535493222e-01	   9.8982144188072019e-01	  -1.4231483827476338e-01	   9.8340216094728017e-01	  -1.8143921804345303e-01	   9.3415962031156063e-01	  -3.5685543820903293e-01	   8.5390701762087784e-01	  -5.2042560011765160e-01	   7.4530839244127822e-01	  -6.6671988132693150e-01	  -6.8430373135568312e-01	  -7.2919709492886020e-01	  -3.7903096500941780e-01	  -9.2538398925204535e-01	   3.6973566000000002e-01	   4.9078094999999999e-01	  -3.9712739000000002e-01	  -2.7570508999999999e-03	   5.7716762000000000e-03	   5.3821817000000000e-04	   0.0000000000000000e+00	
  -6.3108794432574522e-01	   7.7571129070467004e-01	  -2.0345601305341021e-01	  -9.7908408768216149e-01	   8.8788521840292267e-01	   4.6006503773009561e-01	  -7.6101420581821111e-01	   6.4873521450810534e-01	   1.5828524291424509e-01	  -9.8739342811038522e-01	   5.2009956895995779e-01	   8.5410563653898575e-01	  -9.4989156375115691e-01	  -3.1257961724076300e-01	  -2.2964339819148978e-02	  -9.9973628477547549e-01	   9.8349812132415781e-01	  -1.8091833890419237e-01	   3.8054969000000000e-01	   4.9424614000000000e-01	  -4.4002322999999999e-01	  -2.8703746000000000e-03	   5.9265430999999999e-03	   5.5101580999999998e-04	   0.0000000000000000e+00	
   9.4693012949496591e-01	  -3.2143946530357315e-01	   7.9335334029070603e-01	  -6.0876142900941022e-01	   5.5557023301851738e-01	  -8.3146961230327010e-01	  -9.0529641379212600e-01	  -4.2478041759845264e-01	   6.3912319364976833e-01	   7.6910437740200177e-01	  -2.5189545657288509e-01	  -9.6775445178926345e-01	  -1.8304308667784144e-01	   9.8310489187036809e-01	  -9.9379364064778120e-01	  -1.1123938065284567e-01	  -7.2071126003923103e-01	   6.9323537103401178e-01	   3.6340755000000002e-01	   4.7641151999999998e-01	  -3.9023487000000001e-01	  -3.7387088000000001e-03	   5.4732618000000004e-03	   4.1083668999999999e-04	   0.0000000000000000e+00	
  -7.7372583937297412e-01	  -6.3352058016025548e-01	   1.9730334902682672e-01	   9.8034248528909440e-01	   4.6840844069921417e-01	  -8.8351204444632825e-01	   8.5972269882474250e-01	   5.1076108027677791e-01	   4.7824623774899772e-01	   8.7822578878038482e-01	  -3.7404406384046948e-02	   9.9930021033874350e-01	  -5.4256107215785832e-01	   8.4001635875672997e-01	  -3.4161201087594983e-01	  -9.3984106849258819e-01	  -9.8876732267639567e-01	  -1.4946297738019443e-01	   3.7504089000000002e-01	   4.9419706000000002e-01	  -4.6553795999999997e-01	  -2.6267046999999999e-03	   6.1190376999999997e-03	   3.6537085999999999e-04	   0.0000000000000000e+00	
  -2.2252093395631434e-01	   9.7492791218182362e-01	  -9.0096886790241915e-01	  -4.3388373911755801e-01	   6.2348980185873337e-01	  -7.8183148246802991e-01	  -9.9826816321246115e-01	  -5.8827496261688345e-02	   9.9307865136716211e-01	   1.1745123327908710e-01	  -9.8444943923914885e-01	  -1.7566815756341636e-01	   9.7241041560244290e-01	   2.3327662469241153e-01	   2.7948813212618356e-01	  -9.6014914674784613e-01	   1.6478299590759946e-01	  -9.8632984556877124e-01	   3.7388712000000002e-01	   4.9580966999999998e-01	  -4.2236074000000001e-01	  -3.1411870000000001e-03	   5.7548017999999998e-03	   4.8528946999999999e-04	   0.0000000000000000e+00	
   9.3969262078575744e-01	  -3.4202014332608338e-01	   7.6604444311841080e-01	  -6.4278760968721538e-01	   4.9999999999885281e-01	  -8.6602540378510096e-01	   9.9090044587495107e-01	  -1.3459682895530345e-01	   9.6376738727035360e-01	  -2.6674411565032941e-01	   9.1909462165690892e-01	  -3.9403689730955843e-01	   8.5769515353184733e-01	  -5.1415855882011807e-01	   8.8510701019147953e-01	  -4.6538755947049132e-01	   9.7717666365253752e-01	  -2.1242826556956926e-01	   3.7824776999999998e-01	   5.1283301000000003e-01	  -4.2276901000000000e-01	  -2.7646887999999998e-03	   5.5994946000000002e-03	   5.8227704000000003e-04	   0.0000000000000000e+00	
  -5.0000000000022882e-01	  -8.6602540378430648e-01	  -4.9999999999954231e-01	   8.6602540378470294e-01	   1.0000000000000000e+00	  -7.9274500909217065e-13	  -8.9932756406660730e-01	   4.3727557959486174e-01	   6.1758013497995545e-01	  -7.8650796364572173e-01	  -2.1148611274829332e-01	   9.7738100253412752e-01	  -2.3718955375627998e-01	  -9.7146338870226945e-01	   8.2835554241716625e-01	   5.6020272700760942e-01	   7.0972021649852668e-02	   9.9747830660267134e-01	   3.8713513999999999e-01	   4.9481224000000001e-01	  -4.0754192000000000e-01	  -2.4689261999999998e-03	   5.9771828000000004e-03	   5.9482119000000004e-04	   0.0000000000000000e+00	
  -5.6118706536210117e-01	   8.2768899815708119e-01	  -3.7013815534054567e-01	  -9.2897671981653995e-01	   9.7662055571030570e-01	   2.1497044021002898e-01	   8.6634914526139029e-01	  -4.9943884360836260e-01	   5.0112168299028303e-01	  -8.6537683054088421e-01	   1.9435381997718226e-03	  -9.9999811132784944e-01	  -4.9775411767397265e-01	  -8.6731818748288969e-01	  -7.2803898301266989e-02	   9.9734627506806217e-01	  -8.9956397051514114e-01	   4.3678903712322537e-01	   3.8458942000000002e-01	   5.4426638999999999e-01	  -3.9654726000000001e-01	  -1.7974880000000001e-03	   5.9899033000000001e-03	   7.8558356000000000e-04	   0.0000000000000000e+00	
   9.3834396352333860e-01	   3.4570306061606010e-01	   7.6097878776137728e-01	   6.4877676020124575e-01	   4.8977574020705383e-01	   8.7184845260207489e-01	  -9.8147973087964102e-01	  -1.9156601439824197e-01	   9.2660492425514507e-01	   3.7603632051454394e-01	  -8.3740817249973931e-01	  -5.4657803892092738e-01	   7.1719337130776628e-01	   6.9687421257512494e-01	  -8.5474062330392964e-01	  -5.1905536012453413e-01	  -9.8719053827891456e-01	  -1.5954573367090347e-01	   3.8516815999999998e-01	   4.8673411999999999e-01	  -3.7730002000000001e-01	  -3.2046126000000001e-03	   5.8915266000000004e-03	   5.5102557999999998e-04	   0.0000000000000000e+00	
  -1.0452846326775936e-01	  -9.9452189536826219e-01	  -9.7814760073376139e-01	   2.0791169081796762e-01	   3.0901699437525204e-01	   9.5105651629505461e-01	   4.7620280285949407e-01	   8.7933548236652082e-01	  -5.4646178109752364e-01	   8.3748404271348487e-01	  -9.9665606648795824e-01	  -8.1710985385997262e-02	  -4.0275904359944437e-01	  -9.1530604324393094e-01	   8.2474164340101475e-01	  -5.6550970074808926e-01	  -9.2429513777442007e-01	  -3.8167852741091662e-01	   3.9401178999999997e-01	   5.1051340999999995e-01	  -4.1110591000000002e-01	  -2.1367511000000001e-03	   6.0172172000000001e-03	   5.1269966999999996e-04	   0.0000000000000000e+00	
  -6.1210598254736892e-01	   7.9077573693792613e-01	  -2.5065253225944012e-01	  -9.6807711886601799e-01	   9.1895781162067036e-01	   3.9435585511229398e-01	  -2.6851643759286242e-01	  -9.6327510231627933e-01	  -8.5579784548487681e-01	   5.1731039779173482e-01	   7.2810801513135393e-01	   6.8546241202671354e-01	   4.6477990467311420e-01	  -8.8542624775418244e-01	   9.2609509677101032e-01	   3.7729016914928110e-01	  -5.9737406104521362e-01	  -8.0196273678416596e-01	   3.8888201999999999e-01	   5.3461627000000000e-01	  -3.8483092000000002e-01	  -2.3069179000000002e-03	   5.7507045999999999e-03	   6.2961039000000002e-04	   0.0000000000000000e+00	
   9.7952994125252946e-01	   2.0129852008849020e-01	   9.1895781162036738e-01	   3.9435585511299986e-01	   8.2076344120757350e-01	   5.7126821509436532e-01	  -6.4196742341590424e-02	   9.9793726169169950e-01	  -9.9175755654545494e-01	  -1.2812864252378867e-01	   1.9153195098733772e-01	  -9.8148637879034473e-01	   9.6716610193002239e-01	   2.5414509886575742e-01	  -2.6376592517416125e-01	   9.6458671809071617e-01	   1.3800066266523761e-01	  -9.9043213654644469e-01	   3.9146046000000001e-01	   5.2976120000000004e-01	  -4.3353733000000000e-01	  -2.2193669999999999e-03	   6.1217653999999996e-03	   7.0772619999999995e-04	   0.0000000000000000e+00	
  -6.1210598254776105e-01	  -7.9077573693762260e-01	  -2.5065253225848011e-01	   9.6807711886626657e-01	   9.1895781162008405e-01	  -3.9435585511366011e-01	  -1.6123162764635038e-01	  -9.8691659335858195e-01	  -9.4800872449301721e-01	   3.1824433739679092e-01	   4.6692960699224900e-01	   8.8429448834314461e-01	   7.9744108342975495e-01	  -6.0339681674531442e-01	  -6.8173885255085653e-01	   7.3159561024013908e-01	   8.7912054026734465e-01	  -4.7659949190074891e-01	   3.9072630000000003e-01	   5.3508018000000002e-01	  -3.8629564999999999e-01	  -1.7744188000000001e-03	   6.1871594000000004e-03	   6.6591044000000000e-04	   0.0000000000000000e+00	
  -3.4946417959898574e-01	   9.3694972499980378e-01	  -7.5574957435441570e-01	  -6.5486073394510336e-01	   8.7767898956708301e-01	  -4.7924898672037286e-01	   7.0464273845034162e-02	   9.9751430371272976e-01	  -9.9006957222298408e-01	   1.4057824212230474e-01	  -2.0999334077054654e-01	  -9.7770281621361055e-01	   9.6047551568360534e-01	  -2.7836448008377868e-01	  -9.5924549219730593e-01	  -2.8257403578380696e-01	   9.0999601289671972e-01	   4.1461699978663824e-01	   3.8830329000000002e-01	   5.3115648000000004e-01	  -4.3722018000000001e-01	  -2.0795452000000000e-03	   5.9185171999999999e-03	   6.5980417000000003e-04	   0.0000000000000000e+00	
   9.9756405025982853e-01	  -6.9756473744063616e-02	   9.9026806874158757e-01	  -1.3917310095994298e-01	   9.7814760073384444e-01	  -2.0791169081757702e-01	  -7.8198602183699417e-01	  -6.2329596633666096e-01	   2.2300427669689599e-01	   9.7481746628530119e-01	   4.3321356746331058e-01	  -9.0129129861866064e-01	  -9.0053818514978845e-01	   4.3477692796090878e-01	  -8.2356007190082647e-01	  -5.6722906128891659e-01	  -7.3660221447973862e-01	   6.7632623608991027e-01	   3.8276532000000002e-01	   5.0133901000000003e-01	  -3.8986563000000002e-01	  -3.2796954000000001e-03	   6.0397120999999996e-03	   4.8123505999999997e-04	   0.0000000000000000e+00	
  -2.5293338239165247e-01	  -9.6748369705743265e-01	  -8.7204940814383625e-01	   4.8941784781103453e-01	   6.9407419522057068e-01	   7.1990347375805674e-01	   6.8984682516241380e-01	   7.2395535622946949e-01	  -4.8222715626676071e-02	   9.9883660810844765e-01	  -7.5637939971395862e-01	   6.5413316968974411e-01	  -9.9534913939517744e-01	  -9.6333227420654727e-02	   5.2592971372894592e-01	  -8.5052803376313768e-01	  -8.7490029536989000e-01	  -4.8430307985979110e-01	   3.9218136999999997e-01	   5.2450492999999998e-01	  -4.4197932000000001e-01	  -2.1929097000000001e-03	   6.2090781000000003e-03	   3.1016326000000001e-04	   0.0000000000000000e+00	
  -7.9247684195101142e-01	   6.0990200440017550e-01	   2.5603909005729669e-01	  -9.6666642869328590e-01	   3.8666674294177761e-01	   9.2221951286165993e-01	  -9.3295297953232459e-01	  -3.5999824719261886e-01	   7.4080252403648417e-01	   6.7172287468953606e-01	  -4.4931486455748509e-01	  -8.9337346753062286e-01	   9.7576759237651536e-02	   9.9522800204610273e-01	   9.5890728345189113e-01	  -2.8371961818477492e-01	   5.1977997836523515e-01	  -8.5430016627098682e-01	   3.8245676000000001e-01	   4.9945178000000001e-01	  -4.1394589999999998e-01	  -3.3873039999999998e-03	   5.9387132999999996e-03	   4.4358647000000001e-04	   0.0000000000000000e+00	
   8.7204940814400611e-01	   4.8941784781073172e-01	   5.2094034048862281e-01	   8.5359308903692377e-01	   3.6522023058875065e-02	   9.9933284837019487e-01	   9.9665606648795824e-01	   8.1710985385996499e-02	   9.8664662973449890e-01	   1.6287549856732464e-01	   9.7003863152161518e-01	   2.4295072207275320e-01	   9.4694314393289081e-01	   3.2140112345555411e-01	   8.2914251829384866e-01	   5.5903728351276782e-01	   9.0912414751406578e-01	   4.1652525062332429e-01	   3.8442283999999999e-01	   5.0508207999999999e-01	  -4.1474402999999999e-01	  -3.3115569000000001e-03	   5.8027113999999996e-03	   4.1185742999999997e-04	   0.0000000000000000e+00	
   1.3616664909611303e-01	  -9.9068594603634907e-01	  -9.6291728734787208e-01	  -2.6979677115676465e-01	  -3.9840108984587053e-01	   9.1721130150561414e-01	  -6.8305806332643593e-01	   7.3036407505075074e-01	  -6.6863364249477364e-02	  -9.9776214125473894e-01	   7.7440118350991227e-01	   6.3269487668104851e-01	  -9.9105858104248346e-01	   1.3342746697010821e-01	   6.3055169702137437e-01	   7.7614725238414961e-01	  -8.1657115226385746e-01	   5.7724479494446390e-01	   3.9190416000000000e-01	   5.1171191999999999e-01	  -4.1002133000000002e-01	  -2.5269680000000001e-03	   5.8851698000000003e-03	   5.0549275999999996e-04	   0.0000000000000000e+00	
  -7.3760846374059186e-01	   6.7522866809566373e-01	   8.8132491563511994e-02	  -9.9610876109529700e-01	   6.0759392032500603e-01	   7.9424783788442910e-01	   9.8494538545994892e-01	  -1.7286580824776410e-01	   9.4023482467769448e-01	  -3.4052676027487921e-01	   8.6721451817012918e-01	  -4.9793471406897372e-01	   7.6808305107338992e-01	  -6.4035023749022879e-01	  -6.0978010317508013e-01	   7.9257064402600008e-01	  -8.4322800209991611e-01	   5.3755607751618240e-01	   3.8864130000000002e-01	   5.2441696000000004e-01	  -3.9760624000000000e-01	  -2.8086029999999998e-03	   5.6865517000000004e-03	   4.6713625000000003e-04	   0.0000000000000000e+00	
   9.0757541967112343e-01	   4.1988910155990489e-01	   6.4738628478243176e-01	   7.6216205512712332e-01	   2.6752833853036645e-01	   9.6354999251890483e-01	  -5.8469241917979309e-01	   8.1125506158894389e-01	  -3.1626954990736222e-01	  -9.4866936906458332e-01	   9.5453323567627280e-01	   2.9810451521133491e-01	  -7.9994714360278907e-01	   6.0007046872991410e-01	  -8.7128962666213206e-01	   4.9076917840361828e-01	  -1.9001530876911829e-01	  -9.8178112756019942e-01	   3.9448238000000002e-01	   5.2471690000000004e-01	  -4.3114834000000002e-01	  -2.7501375999999999e-03	   6.0312641000000002e-03	   4.3814971999999998e-04	   0.0000000000000000e+00	
   1.0452846326736326e-01	  -9.9452189536830382e-01	  -9.7814760073392693e-01	  -2.0791169081718847e-01	  -3.0901699437411567e-01	   9.5105651629542387e-01	   9.2285356430339860e-01	  -3.8515100785602641e-01	   7.0331740229497419e-01	  -7.1087596078996051e-01	   3.7526437878564978e-01	  -9.2691782052920979e-01	  -1.0689263258099003e-02	  -9.9994286819347789e-01	  -2.8657664543854566e-01	  -9.5805731889547718e-01	   4.7950557523343096e-01	  -8.7753883294134427e-01	   3.9221890999999998e-01	   5.2549387000000003e-01	  -3.9621521999999998e-01	  -2.8388845000000000e-03	   5.9105603000000001e-03	   4.1663878000000002e-04	   0.0000000000000000e+00	
  -9.7607587755588088e-01	  -2.1743017558176464e-01	   9.0544823749296599e-01	   4.2445669887620036e-01	  -7.9149648842886433e-01	  -6.1117371409835408e-01	  -2.0718036050920506e-02	   9.9978535845560013e-01	  -9.9914152596438555e-01	  -4.1427178199331206e-02	   6.2118536360724452e-02	  -9.9806877891275680e-01	   9.9656757781288174e-01	   8.2783228084956612e-02	   2.3760588125271545e-01	  -9.7136164490580978e-01	  -1.9716113081344200e-01	   9.8037109733833183e-01	   4.0875572999999998e-01	   5.2667070000000005e-01	  -4.5389188000000003e-01	  -2.1939577000000001e-03	   6.3915710000000004e-03	   5.0148648999999998e-04	   0.0000000000000000e+00	
   8.8132491563512022e-02	   9.9610876109529700e-01	  -9.8446532786161500e-01	   1.7557909396714336e-01	  -2.6165925596817957e-01	  -9.6516031505972033e-01	   8.6310569406869930e-02	  -9.9626827993701672e-01	  -9.8510097121732376e-01	  -1.7197696504673360e-01	  -2.5635982090492637e-01	   9.6658142038091854e-01	   9.4084784698662915e-01	   3.3882935058909003e-01	   9.9999832757669715e-01	  -1.8288914152371355e-03	  -9.8478479651651130e-01	   1.7377832013785083e-01	   4.0455050999999997e-01	   5.3037531999999998e-01	  -3.9570456999999998e-01	  -2.9387228999999998e-03	   5.8755552999999999e-03	   5.1531112999999998e-04	   0.0000000000000000e+00	
   8.8035646287292002e-01	  -4.7431265877887024e-01	   5.5005500344423797e-01	  -8.3512842915683294e-01	   8.8132491562523271e-02	  -9.9610876109538449e-01	   2.9631507593777101e-01	   9.5509024483134208e-01	  -8.2439475154398600e-01	   5.6601527684924691e-01	  -7.8487626275068301e-01	  -6.1965252534829618e-01	   3.5925341274654082e-01	  -9.3324004705647068e-01	   7.1387428554821297e-01	   7.0027387815984432e-01	  -1.9214850125121902e-01	  -9.8136586116845859e-01	   4.0136234999999998e-01	   5.5223054000000005e-01	  -4.1902056999999998e-01	  -1.7906517999999999e-03	   5.8154130000000002e-03	   6.0512939000000000e-04	   0.0000000000000000e+00	
  -9.6592582628913248e-01	  -2.5881904510228099e-01	   8.6602540378468684e-01	   4.9999999999957007e-01	  -7.0710678118707471e-01	  -7.0710678118602033e-01	  -4.0018435546188336e-01	  -9.1643465759625053e-01	  -6.7970496328711405e-01	   7.3348562554617458e-01	   9.4419894073647692e-01	   3.2937571299674623e-01	  -7.6002325765725978e-02	  -9.9710764036697686e-01	   1.4935766123980618e-01	   9.8878323662417300e-01	   6.2373914719520096e-01	  -7.8163257113314011e-01	   4.0793984000000000e-01	   5.7204164999999996e-01	  -4.0682734999999998e-01	  -1.5627143000000001e-03	   5.9921514000000004e-03	   7.0495458999999996e-04	   0.0000000000000000e+00	
   5.8504899859534110e-01	   8.1099794650947699e-01	  -3.1543533848517713e-01	   9.4894707293649505e-01	  -9.5413925640001174e-01	   2.9936312297347623e-01	  -1.4387615160599690e-01	   9.8959570178889122e-01	  -9.5859930599809640e-01	  -2.8475844243844278e-01	   4.1971530976436794e-01	  -9.0765580411816937e-01	   8.3782525892006410e-01	   5.4593849059718036e-01	  -8.8673468044423565e-01	   4.6227871084169486e-01	   7.1838548360655563e-01	  -6.9564523784999432e-01	   4.0465024999999999e-01	   5.5835267000000000e-01	  -4.1991856000000000e-01	  -1.6271567000000001e-03	   6.0557733000000001e-03	   9.2946692000000000e-04	   0.0000000000000000e+00	
  -1.6533944766342706e-02	  -9.9986330499246923e-01	  -9.9945325734092705e-01	   3.3063369317276714e-02	   4.9583754673175974e-02	   9.9876996914830707e-01	   6.7973041927471312e-01	  -7.3346203522242570e-01	  -7.5933114225245485e-02	  -9.9711291344764752e-01	  -7.8295851441303466e-01	  -6.2207392222157465e-01	  -9.8846832432811160e-01	   1.5142777750457506e-01	  -7.4460039983228787e-01	  -6.6751048274135516e-01	   7.2212314941570632e-01	  -6.9176452429850832e-01	   3.9943361999999999e-01	   5.2481783000000004e-01	  -3.8323057999999999e-01	  -2.2413499000000000e-03	   6.0090381999999996e-03	   6.9615975000000005e-04	   0.0000000000000000e+00	
  -9.2555906657120046e-01	   3.7860324125375366e-01	   7.1331917142430401e-01	  -7.0083932515131064e-01	  -3.9487898637044216e-01	   9.1873314195312017e-01	  -2.7853114750159169e-01	   9.6042719654924735e-01	  -8.4484079974289317e-01	  -5.3501777829319719e-01	   7.4916010231869257e-01	  -6.6238896510573453e-01	   4.2751195382042262e-01	   9.0400969537978126e-01	  -1.0582382070922244e-01	  -9.9438489478194625e-01	   6.2141787849437957e-01	   7.8347930431348634e-01	   4.0396374000000002e-01	   5.1573959000000003e-01	  -4.3385251000000002e-01	  -2.4743186999999999e-03	   6.1661240999999999e-03	   7.5704384000000000e-04	   0.0000000000000000e+00	
   9.4466909160801160e-01	   3.2802485783930185e-01	   7.8479938527901161e-01	   6.1974988895980077e-01	   5.3808235316408803e-01	   8.4289227141634038e-01	  -4.1924273554380470e-01	  -9.0787418109215301e-01	  -6.4847105738749489e-01	   7.6123931042133153e-01	   9.6297629558403852e-01	   2.6958607928311584e-01	  -1.5897057546148874e-01	  -9.8728332110769657e-01	  -9.8240354960697621e-02	  -9.9516271667360823e-01	  -6.9385095333815006e-01	   7.2011863921977493e-01	   3.9959401000000000e-01	   5.1895135999999997e-01	  -4.1141515000000001e-01	  -3.3290308000000000e-03	   6.1034351000000004e-03	   4.9982607999999999e-04	   0.0000000000000000e+00	
  -4.3837114678889494e-01	  -8.9879404629925597e-01	  -6.1566147532597826e-01	   7.8801075360647199e-01	   9.7814760073367923e-01	   2.0791169081835426e-01	   7.8770676877378953e-01	   6.1605036030178217e-01	   2.4096390714408877e-01	   9.7053407743049136e-01	  -4.0808896739863432e-01	   9.1294216393346428e-01	  -8.8387279090770998e-01	   4.6772736662826953e-01	   2.0839447649901274e-01	  -9.7804485692871079e-01	  -8.9901031562049438e-01	  -4.3792745107830261e-01	   3.9488753999999998e-01	   5.2538534999999997e-01	  -4.1235112000000002e-01	  -2.2047052000000000e-03	   6.1761619000000002e-03	   5.3139850000000005e-04	   0.0000000000000000e+00	
   6.1232339957367660e-17	   1.0000000000000000e+00	  -1.0000000000000000e+00	   1.2246467991473532e-16	  -1.8369701987210297e-16	  -1.0000000000000000e+00	  -5.8469241917979309e-01	   8.1125506158894389e-01	  -3.1626954990736222e-01	  -9.4866936906458332e-01	   9.5453323567627280e-01	   2.9810451521133491e-01	  -7.9994714360278907e-01	   6.0007046872991410e-01	  -8.1125506158894389e-01	  -5.8469241917979309e-01	   8.1125506158894378e-01	  -5.8469241917979309e-01	   3.8808000999999998e-01	   5.7444938999999995e-01	  -4.4208763000000001e-01	  -1.6614513999999999e-03	   5.8835401999999997e-03	   5.9612067000000004e-04	   0.0000000000000000e+00	
  -9.6023025907593151e-02	  -9.9537911294920678e-01	  -9.8155915699109941e-01	   1.9115862870119754e-01	   2.8452758663077560e-01	   9.5866785303673685e-01	   9.6713963556172911e-01	  -2.5424579706560702e-01	   8.7071814934894831e-01	  -4.9178237503426503e-01	   7.1707243171492241e-01	  -6.9699865686703300e-01	   5.1630019121131498e-01	  -8.5640767894453140e-01	  -3.4593863023603122e-01	  -9.3825714178492581e-01	   1.6020328167242384e-01	  -9.8708404330198041e-01	   3.7672023999999998e-01	   5.6220020999999998e-01	  -4.1303994999999999e-01	  -1.9787147000000001e-03	   5.6377407000000003e-03	   3.5796788000000000e-04	   0.0000000000000000e+00	
  -6.7728157162577030e-01	   7.3572391067310472e-01	  -8.2579345472253068e-02	  -9.9658449300667640e-01	   7.8914050939632063e-01	   6.1421271268976163e-01	  -4.2848431929111391e-01	   9.0354921732113225e-01	  -6.3280237624326152e-01	  -7.7431334265972829e-01	   9.7077611015190046e-01	  -2.3998696622597093e-01	  -1.9912230524176341e-01	   9.7997464638387766e-01	  -3.7455823046664283e-01	  -9.2720339299945254e-01	   9.5496729683961035e-01	   2.9671107489752963e-01	   3.7709101000000000e-01	   5.4386615999999999e-01	  -4.6869863000000000e-01	  -2.3837308000000000e-03	   5.8844441000000004e-03	   4.0999549999999997e-04	   0.0000000000000000e+00	
   9.7952994125252935e-01	  -2.0129852008849064e-01	   9.1895781162036705e-01	  -3.9435585511300064e-01	   8.2076344120757383e-01	  -5.7126821509436487e-01	  -9.9623224753814354e-01	   8.6725480483529613e-02	   9.8495738206980188e-01	  -1.7279744068186423e-01	  -9.6626036539922577e-01	   2.5756728491513564e-01	   9.4028208898759524e-01	  -3.4039622960474170e-01	  -9.5838160402961525e-01	   2.8549028189698827e-01	  -9.9329702578021073e-01	   1.1558987229073002e-01	   3.6904358999999998e-01	   5.3115712000000004e-01	  -4.1810398999999998e-01	  -2.8089001000000001e-03	   5.6699065000000003e-03	   3.0443811000000002e-04	   0.0000000000000000e+00	
  -9.5211766591067726e-01	  -3.0573182735986765e-01	   8.1305609947839219e-01	   5.8218534772096664e-01	  -5.9613248546893505e-01	  -8.0288608143909801e-01	   9.8494538545994892e-01	  -1.7286580824776410e-01	   9.4023482467769448e-01	  -3.4052676027487921e-01	   8.6721451817012918e-01	  -4.9793471406897372e-01	   7.6808305107338992e-01	  -6.4035023749022879e-01	  -9.9063448089724837e-01	  -1.3654056268171466e-01	  -8.8493332200998942e-01	  -4.6571774241096325e-01	   3.8501331000000000e-01	   5.5421394999999996e-01	  -4.3096056999999999e-01	  -2.1543259000000002e-03	   5.8770743999999996e-03	   4.1345925000000000e-04	   0.0000000000000000e+00	
   2.8320550668262079e-01	   9.5905924790110852e-01	  -8.3958928196928007e-01	   5.4322172048097339e-01	  -7.5875812269343645e-01	  -6.5137248272147030e-01	  -9.2760652130978494e-01	   3.7355875257254978e-01	   7.2090771675288112e-01	  -6.9303106995729113e-01	  -4.0983087733525425e-01	   9.1216152735281253e-01	   3.9415872147704416e-02	  -9.9922289256343388e-01	  -6.2096825115874699e-01	  -7.8383571687748910e-01	   9.5561701419464962e-02	  -9.9542350847356276e-01	   3.8488113000000002e-01	   5.2725917000000000e-01	  -4.5998514000000001e-01	  -2.9973601000000002e-03	   5.8760603999999999e-03	   4.5458768000000000e-04	   0.0000000000000000e+00	
   2.5881904510228093e-01	  -9.6592582628913259e-01	  -8.6602540378468695e-01	  -4.9999999999956996e-01	  -7.0710678118602144e-01	   7.0710678118707360e-01	   7.2903514619372434e-01	  -6.8447626373329773e-01	   6.2984488771410219e-02	  -9.9801450599387787e-01	  -6.3719933423492037e-01	  -7.7069903882811108e-01	  -9.9206590834840824e-01	  -1.2571886689295184e-01	  -4.7246512023802306e-01	  -8.8134936895562044e-01	   8.4984148100574530e-01	  -5.2703838300636263e-01	   3.8143141000000003e-01	   5.3468110999999996e-01	  -4.0268259000000001e-01	  -2.6842873000000001e-03	   5.6959013000000003e-03	   4.3185118000000001e-04	   0.0000000000000000e+00	
  -9.6291728734775828e-01	   2.6979677115717049e-01	   8.5441940454633070e-01	  -5.1958395003569313e-01	  -6.8255314321832106e-01	   7.3083596427843511e-01	  -9.1323054782062221e-02	   9.9582131914579564e-01	  -9.8332019933054493e-01	  -1.8188288976299391e-01	   2.7092266364560558e-01	  -9.6260111693430428e-01	   9.3383722882292519e-01	   3.5769823883312540e-01	  -1.8073282837195581e-01	  -9.8353222862734557e-01	   3.5660592473806396e-01	   9.3425489800252604e-01	   3.8005833999999999e-01	   5.3694215000000001e-01	  -4.1940360999999998e-01	  -2.5837502000000002e-03	   5.7001572999999996e-03	   5.3722001000000000e-04	   0.0000000000000000e+00	
   9.0757541967112343e-01	   4.1988910155990489e-01	   6.4738628478243176e-01	   7.6216205512712332e-01	   2.6752833853036645e-01	   9.6354999251890483e-01	   9.7568454232000501e-01	  -2.1917954712473137e-01	   9.0392065224439533e-01	  -4.2770019224459899e-01	   7.8819827343734150e-01	  -6.1542138551596814e-01	   6.3414509110786610e-01	  -7.7321407347758242e-01	   9.7753841108521677e-01	   2.1075733641557939e-01	   7.9347620484019610e-01	   6.0860127534568909e-01	   3.8791059000000000e-01	   5.4289445000000003e-01	  -4.1139387999999999e-01	  -2.7199528000000001e-03	   5.8377122000000002e-03	   4.8089566999999999e-04	   0.0000000000000000e+00	
   2.6752833852878366e-01	  -9.6354999251934437e-01	  -8.5685717616805712e-01	  -5.1555385717624425e-01	  -7.2599549192219481e-01	   6.8769945885441153e-01	  -6.4836537266694050e-01	   7.6132932659031294e-01	  -1.5924468705291880e-01	  -9.8723914511399813e-01	   8.5486285439953225e-01	   5.1885402587614571e-01	  -9.4928225929083587e-01	   3.1442517742013948e-01	   5.6012275603167172e-01	   8.2840961979897632e-01	  -9.0703497785003573e-01	   4.2105528016708826e-01	   4.0130287999999997e-01	   5.3366890000000000e-01	  -4.0543287000000000e-01	  -2.2782848000000001e-03	   6.1226811999999997e-03	   6.8092440999999995e-04	   0.0000000000000000e+00	
  -9.9934809538966329e-01	   3.6102413230313636e-02	   9.9739323151789538e-01	  -7.2157755801369031e-02	  -9.9413795715423714e-01	   1.0811901842506752e-01	   9.5782493269238955e-01	   2.8735239395700080e-01	   8.3485720337436120e-01	   5.5046657480172267e-01	   6.4146915656721859e-01	   7.6714882596073963e-01	   3.9397310005211900e-01	   9.1912197038005949e-01	  -9.6757463707222757e-01	  -2.5258527608423098e-01	  -9.4682640733351653e-01	   3.2174485912894696e-01	   3.9833153999999998e-01	   5.4803204000000005e-01	  -4.1647286000000000e-01	  -1.8250549999999999e-03	   6.2296809000000003e-03	   7.2751860000000001e-04	   0.0000000000000000e+00	
   5.0932016232896549e-01	   8.6057711580380536e-01	  -4.8118594449039243e-01	   8.7661855263557420e-01	  -9.9947556904549206e-01	   3.2381891254061761e-02	  -9.8334543960986975e-01	  -1.8174637932699525e-01	   9.3393650720305588e-01	   3.5743894655361258e-01	  -8.5341897087672081e-01	  -5.2122553673790650e-01	   7.4447479897328739e-01	   6.6765056256524136e-01	  -3.4443088399853666e-01	  -9.3881167767981377e-01	  -6.5724443385655662e-01	  -7.5367748683675995e-01	   4.1216904999999998e-01	   5.7190116999999996e-01	  -4.1283579999999998e-01	  -1.6781580999999999e-03	   6.3451460000000003e-03	   8.8639204000000001e-04	   0.0000000000000000e+00	
  -5.0649168838861690e-02	  -9.9871650717104521e-01	  -9.9486932339186496e-01	   1.0116832198772897e-01	   1.5142777750501901e-01	   9.8846832432804366e-01	   6.9973111455393888e-01	   7.1440630409109807e-01	  -2.0752734650204857e-02	   9.9978463881204849e-01	  -7.2877378284759886e-01	   6.8475453516862583e-01	  -9.9913864800907637e-01	  -4.1496530633234691e-02	   6.7804856935998936e-01	  -7.3501710020166988e-01	  -7.4893016808568436e-01	  -6.6264892917075524e-01	   4.1901527000000000e-01	   5.6348805000000002e-01	  -4.2806114000000001e-01	  -1.4470573000000000e-03	   6.4313495999999996e-03	   7.2268212000000005e-04	   0.0000000000000000e+00	
  -7.1305311163121465e-01	   7.0111001989205846e-01	   1.6889480013914854e-02	  -9.9985736255971014e-01	   6.8896691907570418e-01	   7.2479278722910312e-01	  -9.3295297953232459e-01	  -3.5999824719261886e-01	   7.4080252403648417e-01	   6.7172287468953606e-01	  -4.4931486455748509e-01	  -8.9337346753062286e-01	   9.7576759237651536e-02	   9.9522800204610273e-01	   9.1764340331146010e-01	  -3.9740481169578323e-01	   4.1284664681081379e-01	  -9.1080055238074331e-01	   4.1879028000000001e-01	   5.4349670000000005e-01	  -4.2938544000000001e-01	  -2.7390371000000002e-03	   6.4109652999999999e-03	   6.9593008999999995e-04	   0.0000000000000000e+00	
   9.7607587755597125e-01	   2.1743017558135899e-01	   9.0544823749331882e-01	   4.2445669887544779e-01	   7.9149648842962594e-01	   6.1117371409736765e-01	   8.9405855938365064e-01	  -4.4795010033800781e-01	   5.9868141521433749e-01	  -8.0098724276792199e-01	   1.7645392784894262e-01	  -9.8430890036953345e-01	  -2.8316112615391609e-01	  -9.5907235213785935e-01	   9.7006686190500457e-01	  -2.4283797774190272e-01	   7.7527112396864406e-01	   6.3162859683551009e-01	   4.1223294999999999e-01	   5.4575797999999998e-01	  -4.3810365000000001e-01	  -2.7177485000000000e-03	   6.1739678999999997e-03	   5.8330177000000000e-04	   0.0000000000000000e+00	
   1.8163685097906548e-01	  -9.8336567682953469e-01	  -9.3401610873281748e-01	  -3.5723088980042811e-01	  -5.2094034048696425e-01	   8.5359308903793596e-01	  -6.9445584538991678e-01	   7.1953532144278787e-01	  -3.5462157607552065e-02	  -9.9937101988091348e-01	   7.4370965067132278e-01	   6.6850277149637827e-01	  -9.9748487075563430e-01	   7.0879705230874002e-02	   5.8142756547271457e-01	   8.1359817238515975e-01	  -8.3370511127397307e-01	   5.5220991247500451e-01	   4.1628745000000000e-01	   5.2465598000000002e-01	  -4.6194487000000001e-01	  -2.7673373000000000e-03	   6.3545097000000002e-03	   4.5425088999999998e-04	   0.0000000000000000e+00	
  -9.9802672842827511e-01	  -6.2790519529256170e-02	   9.9211470131449220e-01	   1.2533323356419052e-01	  -9.8228725072872092e-01	  -1.8738131458555571e-01	   6.7493033575602079e-01	  -7.3788145516489645e-01	  -8.8938083752530164e-02	  -9.9603715656516945e-01	  -7.9498435721320637e-01	  -6.0662992984710629e-01	  -9.8418003451685587e-01	   1.7717127210245007e-01	  -7.1993047483238604e-01	   6.9404618823794073e-01	  -6.2726655499077133e-01	  -7.7880464109429248e-01	   4.1742890999999999e-01	   5.5188906999999998e-01	  -4.3882491000000001e-01	  -2.7247301999999999e-03	   6.3806927999999997e-03	   3.9099000999999998e-04	   0.0000000000000000e+00	
   7.6040596559990770e-01	   6.4944804833032788e-01	   1.5643446503985611e-01	   9.8768834059519706e-01	  -5.2249856471643419e-01	   8.5264016435379475e-01	  -6.3754699243166035e-01	   7.7041146956762296e-01	  -1.8706766488268872e-01	  -9.8234703071538731e-01	   8.7607584668600402e-01	   4.8217332034591165e-01	  -9.3001137751067608e-01	   3.6753073028074079e-01	  -9.8513676171730624e-01	   1.7177182747220016e-01	   1.5547688926678620e-02	  -9.9987912737942441e-01	   3.9688382999999999e-01	   5.4920409999999997e-01	  -4.8304175999999999e-01	  -2.5888400999999998e-03	   6.1024330000000000e-03	   3.1089624999999999e-04	   0.0000000000000000e+00	
   3.4536505442100024e-01	  -9.3846842204987357e-01	  -7.6144595836955908e-01	  -6.4822839530728960e-01	  -8.7131870412290713e-01	   4.9071755200479411e-01	   5.5104593424934190e-01	  -8.3447491175425403e-01	  -3.9269675669453996e-01	  -9.1966801471052007e-01	  -9.8383383658820045e-01	  -1.7908372897653804e-01	  -6.9157851456317865e-01	   7.2230129322505532e-01	  -5.9281634460372734e-01	  -8.0533768170294551e-01	   9.7344036274471712e-01	  -2.2894073508101095e-01	   3.8746623000000002e-01	   5.5274606000000004e-01	  -3.9690605000000001e-01	  -2.4854778000000001e-03	   5.9232926000000003e-03	   1.0660280000000000e-04	   0.0000000000000000e+00	
  -9.6126169593827748e-01	   2.7563735581714355e-01	   8.4804809615626686e-01	  -5.2991926423345970e-01	  -6.6913060635852317e-01	   7.4314482547769600e-01	  -3.5026517295241055e-01	   9.3665057978769117e-01	  -7.5462861723323593e-01	  -6.5615215465062249e-01	   8.7890541921248622e-01	  -4.7699608392409670e-01	   1.3892869989469123e-01	   9.9030238631721512e-01	   7.8520605043074843e-02	  -9.9691249093572376e-01	   5.9487238331762182e-01	   8.0382015872085000e-01	   3.5736093000000002e-01	   5.6386603999999996e-01	  -4.9980174999999999e-01	  -2.3848350000000001e-03	   5.5314581000000000e-03	  -8.2242301000000006e-05	   0.0000000000000000e+00	
   8.4470599585515227e-01	   5.3523058635167275e-01	   4.2705643886728917e-01	   9.0422497091265364e-01	  -1.2323172689565529e-01	   9.9237792271206571e-01	   1.3236112202171327e-01	  -9.9120156041904672e-01	  -9.6496106675430626e-01	  -2.6239310137347605e-01	  -3.8780778102745189e-01	   9.2174026980194590e-01	   8.6229972070321748e-01	   5.0639825402064054e-01	   6.4232762576563607e-01	  -7.6643018023710485e-01	  -4.1871515898592282e-01	   9.0811762213679859e-01	   3.6219751000000000e-01	   5.4858673999999996e-01	  -4.3555479000000002e-01	  -3.2854234000000001e-03	   5.2958431999999998e-03	  -2.2644704000000001e-05	   0.0000000000000000e+00	
   3.7841105004241021e-01	  -9.2563765978151546e-01	  -7.1361015441160103e-01	  -7.0054303759344505e-01	  -9.1848698574605103e-01	   3.9545120687024510e-01	   5.4669483393238363e-02	   9.9850450554091963e-01	  -9.9402249517103292e-01	   1.0917545096748597e-01	  -1.6335487597775464e-01	  -9.8656737453368704e-01	   9.7616144181209208e-01	  -2.1704570836424633e-01	   9.4494091040630757e-01	   3.2724100574423542e-01	  -9.0356583717408467e-01	  -4.2844927108339859e-01	   3.5375624999999999e-01	   5.5177083000000005e-01	  -4.8866718999999997e-01	  -1.9063451999999999e-03	   5.3079353999999999e-03	   5.2258793999999999e-05	   0.0000000000000000e+00	
  -9.9439821600799339e-01	  -1.0569857141948540e-01	   9.7765562399975992e-01	   2.1021294170825952e-01	  -9.4995980074309194e-01	  -3.1237217701348657e-01	  -1.2482361762960387e-01	  -9.9217894781226756e-01	  -9.6883812896371690e-01	   2.4769473120372237e-01	   3.6669137793909956e-01	   9.3034264297898572e-01	   8.7729464026783144e-01	  -4.7995219986717036e-01	   1.9252485310297170e-02	   9.9981465372806810e-01	   2.2899628006278686e-01	  -9.7342729760234570e-01	   3.6552571000000000e-01	   5.5305727000000005e-01	  -4.1455537999999997e-01	  -3.0877069999999999e-03	   5.3826600000000000e-03	   2.2443402000000000e-04	   0.0000000000000000e+00	
   3.6522023057417648e-02	   9.9933284837024816e-01	  -9.9733228366358695e-01	   7.2995314660426108e-02	  -1.0937120837715424e-01	  -9.9400097524002518e-01	   7.8459095727844999e-02	   9.9691733373312796e-01	  -9.8768834059513766e-01	   1.5643446504023098e-01	  -2.3344536385590514e-01	  -9.7236992039767667e-01	   9.5105651629515353e-01	  -3.0901699437494762e-01	  -9.9338675380596364e-01	   1.1481618946320193e-01	   9.9911772361243656e-01	   4.1997313765320697e-02	   3.8163956999999998e-01	   5.4917609999999994e-01	  -4.5450855000000001e-01	  -2.5079653000000001e-03	   5.7698426000000001e-03	   4.0345559000000002e-04	   0.0000000000000000e+00	
   9.3969262078575744e-01	  -3.4202014332608338e-01	   7.6604444311841080e-01	  -6.4278760968721538e-01	   4.9999999999885281e-01	  -8.6602540378510096e-01	  -9.8513079960042627e-01	  -1.7180601758560368e-01	   9.4096538464275048e-01	   3.3850279896054131e-01	  -8.6881716393844466e-01	  -4.9513304842835715e-01	   7.7083171019175867e-01	   6.3703883285310681e-01	  -9.8448126165220506e-01	   1.7548973034249793e-01	  -8.6695902413438164e-01	   4.9837942420605680e-01	   3.7561053000000000e-01	   5.5070996999999999e-01	  -3.9974527999999998e-01	  -2.6589999999999999e-03	   5.4377994999999998e-03	   3.2449516000000001e-04	   0.0000000000000000e+00	
  -3.3801687840864242e-01	  -9.4114004797951145e-01	  -7.7148917982175413e-01	   6.3624244232678884e-01	   8.5956960698742868e-01	   5.1101867944672774e-01	   5.7935849539470674e-01	   8.1507283957569188e-01	  -3.2868746762796314e-01	   9.4443874794732807e-01	  -9.6021424879477291e-01	   2.7926438443075741e-01	  -7.8392909724863336e-01	  -6.2085036078506295e-01	   5.7126474125221705e-01	  -8.2076585906215516e-01	  -9.6293064143790985e-01	  -2.6974910524406831e-01	   3.9473589999999997e-01	   5.3755511000000000e-01	  -4.3472094000000000e-01	  -2.2570044000000001e-03	   5.8853762000000004e-03	   5.1581195999999998e-04	   0.0000000000000000e+00	
  -7.4165210564792505e-01	   6.7078473013925932e-01	   1.0009569162400210e-01	  -9.9497781508851380e-01	   5.9317974472947166e-01	   8.0507005312747715e-01	  -9.7395900857821038e-01	  -2.2672417076560122e-01	   8.9719230078130097e-01	   4.4164009715916369e-01	  -7.7369803896770828e-01	  -6.3355453158944630e-01	   6.0990804916248886e-01	   7.9247218977501477e-01	   8.7442186122984644e-01	  -4.8516637208624752e-01	   5.7025563782374411e-01	  -8.2146728938542335e-01	   3.8475563000000002e-01	   5.5131922000000000e-01	  -4.1177925999999998e-01	  -2.8593448000000000e-03	   5.5700797000000002e-03	   4.1549084999999999e-04	   0.0000000000000000e+00	
   9.9771861468007461e-01	  -6.7509746858308531e-02	   9.9088486815825416e-01	  -1.3471146222574820e-01	   9.7952994125252890e-01	  -2.0129852008849286e-01	   5.0184232077666879e-01	   8.6495912335640868e-01	  -4.9630857015497404e-01	   8.6814618768426621e-01	  -9.9997961011251346e-01	   6.3858718453706931e-03	  -5.0735560638145050e-01	  -8.6173678619013983e-01	   5.5909059653370685e-01	   8.2910657027162904e-01	   4.4230425361255565e-01	  -8.9686506634846697e-01	   3.8389129000000000e-01	   5.7732499999999998e-01	  -4.4913259999999999e-01	  -1.9297506000000000e-03	   5.8719619999999997e-03	   4.8085891999999998e-04	   0.0000000000000000e+00	
  -5.0000000000000044e-01	  -8.6602540378443849e-01	  -4.9999999999999922e-01	   8.6602540378443915e-01	   1.0000000000000000e+00	  -4.8985871965894128e-16	   1.4109364427608975e-01	  -9.8999625430851623e-01	  -9.6018516708978452e-01	  -2.7936435868013415e-01	  -4.1204569308517669e-01	   9.1116318341445091e-01	   8.4391111019847476e-01	   5.3648302683643012e-01	  -9.2790872802065927e-01	   3.7280744689863993e-01	   7.8681508374456932e-01	  -6.1718880740987703e-01	   3.9066515000000002e-01	   5.6460648999999996e-01	  -4.0154446999999999e-01	  -1.8377686000000000e-03	   6.1612738000000004e-03	   4.7697609999999997e-04	   0.0000000000000000e+00	
  -7.5574957435441548e-01	   6.5486073394510358e-01	   1.4231483827376049e-01	  -9.8982144188086441e-01	   5.4064081745499160e-01	   8.4125353283157067e-01	  -4.5893120712744861e-01	   8.8847180434977391e-01	  -5.7876429424908571e-01	  -8.1549487533788811e-01	   9.9015719953144621e-01	  -1.3995970925964338e-01	  -3.3006378340471548e-01	   9.4395863197735796e-01	  -2.3498823344149600e-01	  -9.7199821509303452e-01	   9.2866236233055077e-01	   3.7092616083344776e-01	   3.8250055999999999e-01	   5.8687436999999998e-01	  -4.3768544999999998e-01	  -1.2635169000000000e-03	   5.8565633999999997e-03	   6.4532328000000002e-04	   0.0000000000000000e+00	
   8.8294759285912983e-01	   4.6947156278550928e-01	   5.5919290347146322e-01	   8.2903757255455846e-01	   1.0452846326894265e-01	   9.9452189536813784e-01	  -4.5893120712744884e-01	  -8.8847180434977380e-01	  -5.7876429424908526e-01	   8.1549487533788845e-01	   9.9015719953144643e-01	   1.3995970925964177e-01	  -3.3006378340471643e-01	  -9.4395863197735763e-01	   1.1900041857834063e-02	  -9.9992919199500407e-01	  -8.2232445110006525e-01	   5.6901888995267658e-01	   3.7959398000000000e-01	   5.5633783000000003e-01	  -4.1567945000000001e-01	  -2.7280808999999998e-03	   5.8677110999999999e-03	   4.6360458999999998e-04	   0.0000000000000000e+00	
   1.2604971121997022e-01	  -9.9202392627464486e-01	  -9.6822294060272429e-01	  -2.5008865886044002e-01	  -3.7013815533901773e-01	   9.2897671981714869e-01	  -2.9565255202429308e-02	   9.9956285229334885e-01	  -9.9825179136963049e-01	  -5.9104661637842025e-02	   8.8592393138679559e-02	  -9.9606796348339688e-01	   9.9301327794535243e-01	   1.1800266871654336e-01	   9.8786357340991993e-01	   1.5532404942501260e-01	  -9.9531695717074187e-01	  -9.6665168330560575e-02	   3.9066361999999999e-01	   5.7125864999999998e-01	  -4.7131982000000000e-01	  -1.4480818000000000e-03	   6.1949333000000002e-03	   4.8161074999999998e-04	   0.0000000000000000e+00	
  -9.3694972499973261e-01	   3.4946417959917647e-01	   7.5574957435414913e-01	  -6.5486073394541111e-01	  -4.7924898671983762e-01	   8.7767898956737533e-01	  -1.8590835944646197e-01	  -9.8256708772883550e-01	  -9.3087616377585014e-01	   3.6533487065151138e-01	   5.3202368035723069e-01	   8.4672947482601979e-01	   7.3306086457208686e-01	  -6.8016304577125064e-01	   5.1755878747282391e-01	   8.5564765032673362e-01	  -1.6918521495579555e-01	  -9.8558427495590717e-01	   3.8082199999999999e-01	   5.6183649999999996e-01	  -4.2394715999999999e-01	  -2.9384440000000001e-03	   5.6968936000000000e-03	   6.1221577000000001e-04	   0.0000000000000000e+00	
   7.8183148246789724e-01	   6.2348980185889968e-01	   2.2252093395589989e-01	   9.7492791218191821e-01	  -4.3388373911813261e-01	   9.0096886790214248e-01	   8.4589754243381399e-01	   5.3334543000238954e-01	   4.3108530459113237e-01	   9.0231117701465424e-01	  -1.1658954296787195e-01	   9.9318018429212673e-01	  -6.2833092033114124e-01	   7.7794617715869074e-01	   3.2881389314244019e-01	   9.4439473933123530e-01	   9.9388476609151943e-01	   1.1042224291874257e-01	   3.9316379000000001e-01	   5.6960812999999999e-01	  -4.9415964000000001e-01	  -2.3383089999999998e-03	   5.7953464999999996e-03	   6.0359799000000004e-04	   0.0000000000000000e+00	
   5.9927766651136882e-01	  -8.0054124092434398e-01	  -2.8173255684137710e-01	  -9.5949297361451280e-01	  -9.3694972499973272e-01	  -3.4946417959917619e-01	  -9.9311528934866433e-01	   1.1714103491910417e-01	   9.7255595587616239e-01	  -2.3266910557657625e-01	  -9.3860508970677958e-01	   3.4499345729524833e-01	   8.9173017462039206e-01	  -4.5256744875375776e-01	  -5.0137558372032931e-01	   8.6522975217516596e-01	  -6.8892804263493201e-01	   7.2482974005707113e-01	   3.8590857000000001e-01	   5.5670982000000002e-01	  -4.4177497999999998e-01	  -2.9186566000000001e-03	   5.5394768999999996e-03	   5.0878759000000005e-04	   0.0000000000000000e+00	
  -8.6602540378447412e-01	  -4.9999999999993860e-01	   5.0000000000012279e-01	   8.6602540378436776e-01	  -2.1181509026833139e-13	  -1.0000000000000000e+00	   9.8340216094728017e-01	   1.8143921804345323e-01	   9.3415962031156052e-01	   3.5685543820903326e-01	   8.5390701762087839e-01	   5.2042560011765060e-01	   7.4530839244127767e-01	   6.6671988132693216e-01	  -7.6093164449517725e-01	  -6.4883205254200049e-01	  -9.4237086253860813e-01	  -3.3457010840515888e-01	   4.0116526000000002e-01	   6.1248855000000002e-01	  -4.4427051000000001e-01	  -8.2945076999999998e-04	   5.6847813000000004e-03	   7.8853177000000004e-04	   0.0000000000000000e+00	
  -5.4064081745533343e-01	   8.4125353283135085e-01	  -4.1541501300245753e-01	  -9.0963199535425754e-01	   9.8982144188106680e-01	   1.4231483827235292e-01	  -7.8198602183699417e-01	  -6.2329596633666096e-01	   2.2300427669689599e-01	   9.7481746628530119e-01	   4.3321356746331058e-01	  -9.0129129861866064e-01	  -9.0053818514978845e-01	   4.3477692796090878e-01	   9.4712349576484378e-01	  -3.2086926273824046e-01	  -1.0157637159564999e-01	  -9.9482774425196974e-01	   3.9460972000000000e-01	   5.9050239999999998e-01	  -4.0938453000000002e-01	  -1.9413493999999999e-03	   5.5924781999999998e-03	   8.6160469999999999e-04	   0.0000000000000000e+00	
   8.5616689953050273e-01	   5.1669937115147146e-01	   4.6604351970334795e-01	   8.8476179717623160e-01	  -5.8144828909106522e-02	   9.9830815827134800e-01	  -2.9565255202429308e-02	   9.9956285229334885e-01	  -9.9825179136963049e-01	  -5.9104661637842025e-02	   8.8592393138679559e-02	  -9.9606796348339688e-01	   9.9301327794535243e-01	   1.1800266871654336e-01	  -5.4178629008683643e-01	   8.4051627936283446e-01	   4.9116070432585246e-01	  -8.7106897690489038e-01	   3.9484396999999999e-01	   5.7610002000000005e-01	  -4.4977476000000000e-01	  -1.8787501000000000e-03	   5.7805291000000000e-03	   8.9279788999999999e-04	   0.0000000000000000e+00	
   5.5919290347080519e-01	  -8.2903757255500232e-01	  -3.7460659341578156e-01	  -9.2718385456684016e-01	  -9.7814760073376195e-01	  -2.0791169081796493e-01	  -9.6775445178926345e-01	  -2.5189545657288498e-01	   8.7309735791587562e-01	   4.8754589896779699e-01	  -7.2213325814780138e-01	  -6.9175397178248343e-01	   5.2459799279936536e-01	   8.5135007250300798e-01	  -7.4999221959765439e-01	   6.6144664980857204e-01	  -3.3233062388801698e-01	   9.4316295327276367e-01	   3.9711362000000000e-01	   5.6428524000000002e-01	  -4.2574538000000001e-01	  -2.1234360999999998e-03	   5.8776391000000001e-03	   9.6148155999999996e-04	   0.0000000000000000e+00	
  -9.9439821600794964e-01	   1.0569857141989765e-01	   9.7765562399958561e-01	  -2.1021294170907015e-01	  -9.4995980074270392e-01	   3.1237217701466685e-01	   1.9748949881630265e-01	   9.8030500246468477e-01	  -9.2199579571457124e-01	   3.8719988724772986e-01	  -5.6165847402912028e-01	  -8.2736917911611862e-01	   7.0015249463069062e-01	  -7.1399333628712591e-01	  -3.0000004361953142e-01	  -9.5393918769923658e-01	  -9.2766366986939006e-02	   9.9568790348986591e-01	   3.8145892999999997e-01	   5.7126493000000000e-01	  -4.9022388000000000e-01	  -2.4770423000000001e-03	   5.8266474999999996e-03	   9.3934987000000001e-04	   0.0000000000000000e+00	
   5.6806474673120544e-01	   8.2298386589362205e-01	  -3.5460488704242277e-01	   9.3501624268545758e-01	  -9.7094181742600871e-01	   2.3931566428773360e-01	  -9.9776446121783802e-01	   6.6828735815347096e-02	   9.9106784013864513e-01	  -1.3335867516933805e-01	  -9.7994007787468507e-01	   1.9929235754277227e-01	   9.6443092751415793e-01	  -2.6433498832765406e-01	  -6.2179378731320678e-01	  -7.8318100465901153e-01	  -5.1179584460501093e-01	  -8.5910710242963506e-01	   3.8002761000000002e-01	   5.6577533999999996e-01	  -4.8675728000000001e-01	  -2.8867429000000002e-03	   5.7971035000000002e-03	   1.0540407000000000e-03	   0.0000000000000000e+00	
   2.1781355874864147e-01	  -9.7599039627716222e-01	  -9.0511450725050424e-01	  -4.2516788303525110e-01	  -6.1210598254715154e-01	   7.9077573693809433e-01	   1.4847680496400406e-01	  -9.8891589045160011e-01	  -9.5590927677536219e-01	  -2.9366214358477327e-01	  -4.3233751546612015e-01	   9.0171185681490418e-01	   8.2752509085039205e-01	   5.6142873458084641e-01	  -9.3283215052580215e-01	  -3.6031122511712993e-01	   9.9751267308747760e-01	   7.0487353687559443e-02	   3.9967430999999998e-01	   5.6566620999999995e-01	  -4.7425914000000002e-01	  -2.3756238000000002e-03	   6.0340780000000000e-03	   1.1181063000000001e-03	   0.0000000000000000e+00	
  -9.4226092211878931e-01	   3.3487961217107376e-01	   7.7571129070430245e-01	  -6.3108794432619708e-01	  -5.1958395003519486e-01	   8.5441940454663379e-01	  -8.9932756406660730e-01	   4.3727557959486174e-01	   6.1758013497995545e-01	  -7.8650796364572173e-01	  -2.1148611274829332e-01	   9.7738100253412752e-01	  -2.3718955375627998e-01	  -9.7146338870226945e-01	   7.0096654329763686e-01	  -7.1319415671846476e-01	   9.9383589631085489e-01	   1.1086122497970052e-01	   4.1288061999999998e-01	   5.5955155000000001e-01	  -5.0458391000000002e-01	  -2.6594521000000001e-03	   6.0706320999999999e-03	   8.7664182999999999e-04	   0.0000000000000000e+00	
   8.4125353283146043e-01	   5.4064081745516301e-01	   4.1541501300282624e-01	   9.0963199535408912e-01	  -1.4231483827175112e-01	   9.8982144188115329e-01	  -3.6067811310477588e-01	  -9.3269035522362864e-01	  -7.3982259745435697e-01	   6.7280199486616299e-01	   8.9435375006899920e-01	   4.4736044722071500e-01	   9.4674951408223101e-02	  -9.9550823882871542e-01	   2.0082873921627134e-01	  -9.7962636627685906e-01	  -8.0767221294502689e-01	   5.8963174646255545e-01	   4.0590351000000002e-01	   5.5560818999999995e-01	  -4.6379577999999999e-01	  -3.2964639999999998e-03	   5.8885361000000002e-03	   6.0634820000000000e-04	   0.0000000000000000e+00	
   1.2053668025502255e-01	  -9.9270887409809050e-01	  -9.7094181742619690e-01	  -2.3931566428696993e-01	  -3.5460488704168647e-01	   9.3501624268573691e-01	   5.9109349359163055e-01	   8.0660305096970775e-01	  -3.0121696366728190e-01	   9.5355563067870530e-01	  -9.4718826835794445e-01	   3.2067800717398542e-01	  -8.1853668159812676e-01	  -5.7445426352175921e-01	   8.7197045401010209e-01	  -4.8955850246259280e-01	  -7.2947355913434464e-01	  -6.8400901055751584e-01	   3.7598670000000001e-01	   5.5123803999999998e-01	  -5.3943980000000002e-01	  -2.7813910999999998e-03	   5.6957728999999999e-03	   3.1013751000000001e-04	   0.0000000000000000e+00	
  -9.9413795715432596e-01	   1.0811901842425141e-01	   9.7662055570995276e-01	  -2.1497044021163245e-01	  -9.4765317118250403e-01	   3.1930153013686546e-01	  -1.6123162764635038e-01	  -9.8691659335858195e-01	  -9.4800872449301721e-01	   3.1824433739679092e-01	   4.6692960699224900e-01	   8.8429448834314461e-01	   7.9744108342975495e-01	  -6.0339681674531442e-01	   2.6699093427754567e-01	   9.6369904068313950e-01	   5.3582027596473743e-02	  -9.9856345132327506e-01	   3.7050929999999999e-01	   5.7331014000000002e-01	  -4.9353923999999999e-01	  -3.0566762000000000e-03	   5.4446253000000003e-03	   4.8977918999999997e-04	   0.0000000000000000e+00	
   1.4904226617647479e-01	   9.8883082622508323e-01	  -9.5557280578596171e-01	   2.9475517441148469e-01	  -4.3388373911837930e-01	  -9.0096886790202368e-01	   9.9215293348420874e-01	   1.2503022266108002e-01	   9.6873488684264153e-01	   2.4809820437474867e-01	   9.3011338601463078e-01	   3.6727249986406324e-01	   8.7689456197205085e-01	   4.8068277188166941e-01	   2.4238983223061849e-02	   9.9970619268478678e-01	   2.7150645997718559e-01	   9.6243661723287366e-01	   3.6941425999999999e-01	   5.7161991999999995e-01	  -5.2586730999999998e-01	  -2.6627256000000001e-03	   5.3093916000000003e-03	   5.2822128999999998e-04	   0.0000000000000000e+00	
   9.3969262078575744e-01	  -3.4202014332608338e-01	   7.6604444311841080e-01	  -6.4278760968721538e-01	   4.9999999999885281e-01	  -8.6602540378510096e-01	  -9.9576407449077664e-01	   9.1945135562068375e-02	   9.8309218409294574e-01	  -1.8311132563378402e-01	  -9.6209168317407978e-01	   2.7272622383494033e-01	   9.3294048484927661e-01	  -3.6003062609894265e-01	  -9.0426506439946708e-01	   4.2697153688112238e-01	  -9.6715924128561692e-01	   2.5417120607147842e-01	   3.5488415000000001e-01	   5.9211206000000005e-01	  -5.1189777999999997e-01	  -2.5371147999999999e-03	   5.2239558999999996e-03	   3.9637496999999998e-04	   0.0000000000000000e+00	
  -9.2555906657120057e-01	  -3.7860324125375344e-01	   7.1331917142430434e-01	   7.0083932515131020e-01	  -3.9487898637044289e-01	  -9.1873314195311995e-01	   9.9998966471391992e-01	  -4.5464783450618997e-03	   9.9995865906931580e-01	  -9.0928627118150931e-03	   9.9990698370709208e-01	  -1.3639059123893458e-02	   9.9983463969540820e-01	  -1.8184973608816005e-02	  -9.2727081209119366e-01	  -3.7439129402770338e-01	  -9.2382818921573306e-01	  -3.8280736253418590e-01	   3.4579701000000002e-01	   5.9072654000000002e-01	  -5.0964220999999998e-01	  -2.1719784999999999e-03	   5.3669414999999998e-03	   3.2090774000000002e-04	   0.0000000000000000e+00	
  -2.2252093395631434e-01	   9.7492791218182362e-01	  -9.0096886790241915e-01	  -4.3388373911755801e-01	   6.2348980185873337e-01	  -7.8183148246802991e-01	  -3.4059202314909576e-01	   9.4021118572755014e-01	  -7.6799414753441164e-01	  -6.4045685986871304e-01	   8.6373738409991641e-01	  -5.0394219044274657e-01	   1.7963002129421529e-01	   9.8373424025487688e-01	  -8.4084927322214975e-01	  -5.4126934119879966e-01	   9.9242698340056468e-01	  -1.2283599887026307e-01	   3.5521036000000000e-01	   5.7739151000000000e-01	  -5.3552529000000004e-01	  -2.0332639999999999e-03	   5.3828456000000000e-03	   2.9922890000000000e-04	   0.0000000000000000e+00	
   9.1540800852521698e-01	  -4.0252723874030716e-01	   6.7594364414420749e-01	  -7.3695331598483826e-01	   3.2212044179743776e-01	  -9.4669869598316414e-01	  -9.9943572536827907e-01	  -3.3589147913900760e-02	   9.9774353828483620e-01	   6.7140388819663638e-02	  -9.9492534846615810e-01	  -1.0061585848907645e-01	   9.9098433637828875e-01	   1.3397777820550172e-01	  -9.2841201396975404e-01	   3.7155232783098691e-01	  -9.0137092004690977e-01	   4.3304787783083215e-01	   3.4225134000000001e-01	   5.7413325999999998e-01	  -4.7288841999999998e-01	  -2.9246306999999999e-03	   5.1016984000000001e-03	   2.7413151999999998e-04	   0.0000000000000000e+00	
  -7.9149648842937226e-01	  -6.1117371409769627e-01	   2.5293338239205471e-01	   9.6748369705732751e-01	   3.9110472048962236e-01	  -9.2034618356938624e-01	   9.9994651779355170e-01	   1.0342221838184264e-02	   9.9978607689489962e-01	   2.0683337426681561e-02	   9.9951869446551012e-01	   3.1022240634134269e-02	   9.9914439910578812e-01	   4.1357825565830807e-02	  -7.8513326331790956e-01	  -6.1932685944642363e-01	  -7.9777505158364026e-01	  -6.0295519491146277e-01	   3.4565390000000001e-01	   6.0516384999999995e-01	  -5.0966292000000002e-01	  -1.2298732999999999e-03	   5.1517404000000003e-03	   2.9294430000000000e-04	   0.0000000000000000e+00	
  -6.1944836121540403e-01	   7.8503740534292399e-01	  -2.3256745557510058e-01	  -9.7258026846493428e-01	   9.0757541967146871e-01	   4.1988910155915854e-01	  -9.8689980086505413e-01	   1.6133438273510226e-01	   9.4794243389496713e-01	  -3.1844174038791767e-01	  -8.8414859761990139e-01	   4.6720579761681225e-01	   7.9718971595742805e-01	  -6.0372887687414389e-01	   4.8467993911469953e-01	  -8.7469157799750830e-01	   7.3798698954463327e-01	  -6.7481494001159259e-01	   3.3158817000000002e-01	   5.6699949000000005e-01	  -5.0823602999999995e-01	  -2.5518414000000001e-03	   5.0919985000000001e-03	   1.7135361000000001e-04	   0.0000000000000000e+00	
   8.9616555696122535e-01	   4.4371983786661695e-01	   6.0622541096724636e-01	   7.9529287127296278e-01	   1.9039110916579474e-01	   9.8170831999663655e-01	   9.9631009933239545e-01	  -8.5826487568070944e-02	   9.8526762806345558e-01	  -1.7101959270859074e-01	   9.6695407743739514e-01	  -2.5495060723049101e-01	   9.4150459781957552e-01	  -3.3700013692074282e-01	   9.3094171022267569e-01	   3.6516781370717738e-01	   8.5477587992594439e-01	   5.1899729777410930e-01	   3.1663281999999998e-01	   5.7455692999999997e-01	  -4.8511307999999997e-01	  -2.7972080999999998e-03	   4.7156109999999998e-03	   4.8307694999999998e-05	   0.0000000000000000e+00	
